# Generated for the Vehicle Showcase
mtllib ArmyTruck.mtl
o Trim
usemtl Trim
v -0.62000 -0.20000 -3.50000
vt -1.25000 0.40000
v -0.45000 -0.20000 -3.50000
vt -1.25000 0.40000
v -0.45000 -0.50000 -3.50000
vt -1.25000 0.25000
vn 0.00000 -0.00000 -1.00000
f 1/1/1 2/2/1 3/3/1
v -0.62000 -0.20000 -3.50000
vt -1.25000 0.40000
v -0.45000 -0.50000 -3.50000
vt -1.25000 0.25000
v -0.62000 -0.50000 -3.50000
vt -1.25000 0.25000
vn 0.00000 -0.00000 -1.00000
f 4/4/2 5/5/2 6/6/2
v -0.62000 -0.50000 3.60000
vt 2.30000 0.25000
v -0.62000 -0.50000 -3.50000
vt -1.25000 0.25000
v -0.45000 -0.50000 -3.50000
vt -1.25000 0.25000
vn -0.00000 -1.00000 0.00000
f 7/7/3 8/8/3 9/9/3
v -0.62000 -0.50000 3.60000
vt 2.30000 0.25000
v -0.45000 -0.50000 -3.50000
vt -1.25000 0.25000
v -0.45000 -0.50000 3.60000
vt 2.30000 0.25000
vn -0.00000 -1.00000 0.00000
f 10/10/4 11/11/4 12/12/4
v -0.62000 -0.50000 3.60000
vt 2.30000 0.25000
v -0.62000 -0.20000 -3.50000
vt -1.25000 0.40000
v -0.62000 -0.50000 -3.50000
vt -1.25000 0.25000
vn -1.00000 -0.00000 -0.00000
f 13/13/5 14/14/5 15/15/5
v -0.62000 -0.50000 3.60000
vt 2.30000 0.25000
v -0.62000 -0.20000 3.60000
vt 2.30000 0.40000
v -0.62000 -0.20000 -3.50000
vt -1.25000 0.40000
vn -1.00000 -0.00000 -0.00000
f 16/16/6 17/17/6 18/18/6
v -0.45000 -0.20000 3.60000
vt 2.30000 0.40000
v -0.45000 -0.50000 -3.50000
vt -1.25000 0.25000
v -0.45000 -0.20000 -3.50000
vt -1.25000 0.40000
vn 1.00000 -0.00000 -0.00000
f 19/19/7 20/20/7 21/21/7
v -0.45000 -0.20000 3.60000
vt 2.30000 0.40000
v -0.45000 -0.50000 3.60000
vt 2.30000 0.25000
v -0.45000 -0.50000 -3.50000
vt -1.25000 0.25000
vn 1.00000 -0.00000 -0.00000
f 22/22/8 23/23/8 24/24/8
v -0.45000 -0.20000 3.60000
vt 2.30000 0.40000
v -0.45000 -0.20000 -3.50000
vt -1.25000 0.40000
v -0.62000 -0.20000 -3.50000
vt -1.25000 0.40000
vn -0.00000 1.00000 -0.00000
f 25/25/9 26/26/9 27/27/9
v -0.45000 -0.20000 3.60000
vt 2.30000 0.40000
v -0.62000 -0.20000 -3.50000
vt -1.25000 0.40000
v -0.62000 -0.20000 3.60000
vt 2.30000 0.40000
vn -0.00000 1.00000 -0.00000
f 28/28/10 29/29/10 30/30/10
v -0.45000 -0.20000 3.60000
vt 2.30000 0.40000
v -0.62000 -0.50000 3.60000
vt 2.30000 0.25000
v -0.45000 -0.50000 3.60000
vt 2.30000 0.25000
vn 0.00000 -0.00000 1.00000
f 31/31/11 32/32/11 33/33/11
v -0.45000 -0.20000 3.60000
vt 2.30000 0.40000
v -0.62000 -0.20000 3.60000
vt 2.30000 0.40000
v -0.62000 -0.50000 3.60000
vt 2.30000 0.25000
vn 0.00000 -0.00000 1.00000
f 34/34/12 35/35/12 36/36/12
v 0.45000 -0.20000 -3.50000
vt -1.25000 0.40000
v 0.62000 -0.20000 -3.50000
vt -1.25000 0.40000
v 0.62000 -0.50000 -3.50000
vt -1.25000 0.25000
vn 0.00000 -0.00000 -1.00000
f 37/37/13 38/38/13 39/39/13
v 0.45000 -0.20000 -3.50000
vt -1.25000 0.40000
v 0.62000 -0.50000 -3.50000
vt -1.25000 0.25000
v 0.45000 -0.50000 -3.50000
vt -1.25000 0.25000
vn 0.00000 -0.00000 -1.00000
f 40/40/14 41/41/14 42/42/14
v 0.45000 -0.50000 3.60000
vt 2.30000 0.25000
v 0.45000 -0.50000 -3.50000
vt -1.25000 0.25000
v 0.62000 -0.50000 -3.50000
vt -1.25000 0.25000
vn -0.00000 -1.00000 0.00000
f 43/43/15 44/44/15 45/45/15
v 0.45000 -0.50000 3.60000
vt 2.30000 0.25000
v 0.62000 -0.50000 -3.50000
vt -1.25000 0.25000
v 0.62000 -0.50000 3.60000
vt 2.30000 0.25000
vn -0.00000 -1.00000 0.00000
f 46/46/16 47/47/16 48/48/16
v 0.45000 -0.50000 3.60000
vt 2.30000 0.25000
v 0.45000 -0.20000 -3.50000
vt -1.25000 0.40000
v 0.45000 -0.50000 -3.50000
vt -1.25000 0.25000
vn -1.00000 -0.00000 -0.00000
f 49/49/17 50/50/17 51/51/17
v 0.45000 -0.50000 3.60000
vt 2.30000 0.25000
v 0.45000 -0.20000 3.60000
vt 2.30000 0.40000
v 0.45000 -0.20000 -3.50000
vt -1.25000 0.40000
vn -1.00000 -0.00000 -0.00000
f 52/52/18 53/53/18 54/54/18
v 0.62000 -0.20000 3.60000
vt 2.30000 0.40000
v 0.62000 -0.50000 -3.50000
vt -1.25000 0.25000
v 0.62000 -0.20000 -3.50000
vt -1.25000 0.40000
vn 1.00000 -0.00000 -0.00000
f 55/55/19 56/56/19 57/57/19
v 0.62000 -0.20000 3.60000
vt 2.30000 0.40000
v 0.62000 -0.50000 3.60000
vt 2.30000 0.25000
v 0.62000 -0.50000 -3.50000
vt -1.25000 0.25000
vn 1.00000 -0.00000 -0.00000
f 58/58/20 59/59/20 60/60/20
v 0.62000 -0.20000 3.60000
vt 2.30000 0.40000
v 0.62000 -0.20000 -3.50000
vt -1.25000 0.40000
v 0.45000 -0.20000 -3.50000
vt -1.25000 0.40000
vn -0.00000 1.00000 -0.00000
f 61/61/21 62/62/21 63/63/21
v 0.62000 -0.20000 3.60000
vt 2.30000 0.40000
v 0.45000 -0.20000 -3.50000
vt -1.25000 0.40000
v 0.45000 -0.20000 3.60000
vt 2.30000 0.40000
vn -0.00000 1.00000 -0.00000
f 64/64/22 65/65/22 66/66/22
v 0.62000 -0.20000 3.60000
vt 2.30000 0.40000
v 0.45000 -0.50000 3.60000
vt 2.30000 0.25000
v 0.62000 -0.50000 3.60000
vt 2.30000 0.25000
vn 0.00000 -0.00000 1.00000
f 67/67/23 68/68/23 69/69/23
v 0.62000 -0.20000 3.60000
vt 2.30000 0.40000
v 0.45000 -0.20000 3.60000
vt 2.30000 0.40000
v 0.45000 -0.50000 3.60000
vt 2.30000 0.25000
vn 0.00000 -0.00000 1.00000
f 70/70/24 71/71/24 72/72/24
v -0.64000 0.98000 3.60000
vt 2.30000 0.99000
v 0.64000 0.98000 3.60000
vt 2.30000 0.99000
v 0.64000 0.32000 3.60000
vt 2.30000 0.66000
vn 0.00000 -0.00000 -1.00000
f 73/73/25 74/74/25 75/75/25
v -0.64000 0.98000 3.60000
vt 2.30000 0.99000
v 0.64000 0.32000 3.60000
vt 2.30000 0.66000
v -0.64000 0.32000 3.60000
vt 2.30000 0.66000
vn 0.00000 -0.00000 -1.00000
f 76/76/26 77/77/26 78/78/26
v -0.64000 0.32000 3.68000
vt 2.34000 0.66000
v -0.64000 0.32000 3.60000
vt 2.30000 0.66000
v 0.64000 0.32000 3.60000
vt 2.30000 0.66000
vn -0.00000 -1.00000 0.00000
f 79/79/27 80/80/27 81/81/27
v -0.64000 0.32000 3.68000
vt 2.34000 0.66000
v 0.64000 0.32000 3.60000
vt 2.30000 0.66000
v 0.64000 0.32000 3.68000
vt 2.34000 0.66000
vn -0.00000 -1.00000 0.00000
f 82/82/28 83/83/28 84/84/28
v -0.64000 0.32000 3.68000
vt 2.34000 0.66000
v -0.64000 0.98000 3.60000
vt 2.30000 0.99000
v -0.64000 0.32000 3.60000
vt 2.30000 0.66000
vn -1.00000 -0.00000 -0.00000
f 85/85/29 86/86/29 87/87/29
v -0.64000 0.32000 3.68000
vt 2.34000 0.66000
v -0.64000 0.98000 3.68000
vt 2.34000 0.99000
v -0.64000 0.98000 3.60000
vt 2.30000 0.99000
vn -1.00000 -0.00000 -0.00000
f 88/88/30 89/89/30 90/90/30
v 0.64000 0.98000 3.68000
vt 2.34000 0.99000
v 0.64000 0.32000 3.60000
vt 2.30000 0.66000
v 0.64000 0.98000 3.60000
vt 2.30000 0.99000
vn 1.00000 -0.00000 -0.00000
f 91/91/31 92/92/31 93/93/31
v 0.64000 0.98000 3.68000
vt 2.34000 0.99000
v 0.64000 0.32000 3.68000
vt 2.34000 0.66000
v 0.64000 0.32000 3.60000
vt 2.30000 0.66000
vn 1.00000 -0.00000 -0.00000
f 94/94/32 95/95/32 96/96/32
v 0.64000 0.98000 3.68000
vt 2.34000 0.99000
v 0.64000 0.98000 3.60000
vt 2.30000 0.99000
v -0.64000 0.98000 3.60000
vt 2.30000 0.99000
vn -0.00000 1.00000 -0.00000
f 97/97/33 98/98/33 99/99/33
v 0.64000 0.98000 3.68000
vt 2.34000 0.99000
v -0.64000 0.98000 3.60000
vt 2.30000 0.99000
v -0.64000 0.98000 3.68000
vt 2.34000 0.99000
vn -0.00000 1.00000 -0.00000
f 100/100/34 101/101/34 102/102/34
v 0.64000 0.98000 3.68000
vt 2.34000 0.99000
v -0.64000 0.32000 3.68000
vt 2.34000 0.66000
v 0.64000 0.32000 3.68000
vt 2.34000 0.66000
vn 0.00000 -0.00000 1.00000
f 103/103/35 104/104/35 105/105/35
v 0.64000 0.98000 3.68000
vt 2.34000 0.99000
v -0.64000 0.98000 3.68000
vt 2.34000 0.99000
v -0.64000 0.32000 3.68000
vt 2.34000 0.66000
vn 0.00000 -0.00000 1.00000
f 106/106/36 107/107/36 108/108/36
v 0.87483 0.59641 3.36000
vt 2.18000 0.79821
v 0.87483 0.59641 3.25000
vt 2.12500 0.79821
v 0.85000 0.52000 3.25000
vt 2.12500 0.76000
vn -0.95106 0.30902 -0.00000
f 109/109/37 110/110/37 111/111/37
v 0.87483 0.59641 3.36000
vt 2.18000 0.79821
v 0.85000 0.52000 3.25000
vt 2.12500 0.76000
v 0.85000 0.52000 3.36000
vt 2.18000 0.76000
vn -0.95106 0.30902 -0.00000
f 112/112/38 113/113/38 114/114/38
v 0.87483 0.44359 3.36000
vt 2.18000 0.72179
v 0.85000 0.52000 3.25000
vt 2.12500 0.76000
v 0.87483 0.44359 3.25000
vt 2.12500 0.72179
vn -0.95106 -0.30902 0.00000
f 115/115/39 116/116/39 117/117/39
v 0.87483 0.44359 3.36000
vt 2.18000 0.72179
v 0.85000 0.52000 3.36000
vt 2.18000 0.76000
v 0.85000 0.52000 3.25000
vt 2.12500 0.76000
vn -0.95106 -0.30902 0.00000
f 118/118/40 119/119/40 120/120/40
v 0.87483 0.44359 3.36000
vt 2.18000 0.72179
v 0.87483 0.44359 3.25000
vt 2.12500 0.72179
v 0.93983 0.39636 3.25000
vt 2.12500 0.69818
vn -0.58779 -0.80902 0.00000
f 121/121/41 122/122/41 123/123/41
v 0.87483 0.44359 3.36000
vt 2.18000 0.72179
v 0.93983 0.39636 3.25000
vt 2.12500 0.69818
v 0.93983 0.39636 3.36000
vt 2.18000 0.69818
vn -0.58779 -0.80902 0.00000
f 124/124/42 125/125/42 126/126/42
v 1.11000 0.52000 3.36000
vt 2.18000 0.76000
v 1.08517 0.44359 3.25000
vt 2.12500 0.72179
v 1.11000 0.52000 3.25000
vt 2.12500 0.76000
vn 0.95106 -0.30902 0.00000
f 127/127/43 128/128/43 129/129/43
v 1.11000 0.52000 3.36000
vt 2.18000 0.76000
v 1.08517 0.44359 3.36000
vt 2.18000 0.72179
v 1.08517 0.44359 3.25000
vt 2.12500 0.72179
vn 0.95106 -0.30902 0.00000
f 130/130/44 131/131/44 132/132/44
v 1.02017 0.39636 3.36000
vt 2.18000 0.69818
v 1.02017 0.39636 3.25000
vt 2.12500 0.69818
v 1.08517 0.44359 3.25000
vt 2.12500 0.72179
vn 0.58779 -0.80902 0.00000
f 133/133/45 134/134/45 135/135/45
v 1.02017 0.39636 3.36000
vt 2.18000 0.69818
v 1.08517 0.44359 3.25000
vt 2.12500 0.72179
v 1.08517 0.44359 3.36000
vt 2.18000 0.72179
vn 0.58779 -0.80902 0.00000
f 136/136/46 137/137/46 138/138/46
v 1.02017 0.39636 3.36000
vt 2.18000 0.69818
v 0.93983 0.39636 3.36000
vt 2.18000 0.69818
v 0.93983 0.39636 3.25000
vt 2.12500 0.69818
vn 0.00000 -1.00000 0.00000
f 139/139/47 140/140/47 141/141/47
v 1.02017 0.39636 3.36000
vt 2.18000 0.69818
v 0.93983 0.39636 3.25000
vt 2.12500 0.69818
v 1.02017 0.39636 3.25000
vt 2.12500 0.69818
vn 0.00000 -1.00000 0.00000
f 142/142/48 143/143/48 144/144/48
v 1.08517 0.59641 3.25000
vt 2.12500 0.79821
v 1.02017 0.39636 3.25000
vt 2.12500 0.69818
v 0.93983 0.39636 3.25000
vt 2.12500 0.69818
vn -0.00000 0.00000 -1.00000
f 145/145/49 146/146/49 147/147/49
v 1.08517 0.59641 3.25000
vt 2.12500 0.79821
v 0.85000 0.52000 3.25000
vt 2.12500 0.76000
v 0.87483 0.59641 3.25000
vt 2.12500 0.79821
vn -0.00000 0.00000 -1.00000
f 148/148/50 149/149/50 150/150/50
v 1.08517 0.59641 3.25000
vt 2.12500 0.79821
v 0.87483 0.44359 3.25000
vt 2.12500 0.72179
v 0.85000 0.52000 3.25000
vt 2.12500 0.76000
vn -0.00000 0.00000 -1.00000
f 151/151/51 152/152/51 153/153/51
v 1.08517 0.59641 3.25000
vt 2.12500 0.79821
v 0.93983 0.39636 3.25000
vt 2.12500 0.69818
v 0.87483 0.44359 3.25000
vt 2.12500 0.72179
vn -0.00000 0.00000 -1.00000
f 154/154/52 155/155/52 156/156/52
v 1.08517 0.59641 3.25000
vt 2.12500 0.79821
v 0.87483 0.59641 3.25000
vt 2.12500 0.79821
v 0.93983 0.64364 3.25000
vt 2.12500 0.82182
vn -0.00000 0.00000 -1.00000
f 157/157/53 158/158/53 159/159/53
v 1.08517 0.59641 3.25000
vt 2.12500 0.79821
v 1.11000 0.52000 3.25000
vt 2.12500 0.76000
v 1.08517 0.44359 3.25000
vt 2.12500 0.72179
vn -0.00000 0.00000 -1.00000
f 160/160/54 161/161/54 162/162/54
v 1.08517 0.59641 3.25000
vt 2.12500 0.79821
v 1.08517 0.44359 3.25000
vt 2.12500 0.72179
v 1.02017 0.39636 3.25000
vt 2.12500 0.69818
vn -0.00000 0.00000 -1.00000
f 163/163/55 164/164/55 165/165/55
v 1.08517 0.59641 3.25000
vt 2.12500 0.79821
v 0.93983 0.64364 3.25000
vt 2.12500 0.82182
v 1.02017 0.64364 3.25000
vt 2.12500 0.82182
vn -0.00000 0.00000 -1.00000
f 166/166/56 167/167/56 168/168/56
v 1.08517 0.59641 3.25000
vt 2.12500 0.79821
v 1.08517 0.59641 3.36000
vt 2.18000 0.79821
v 1.11000 0.52000 3.36000
vt 2.18000 0.76000
vn 0.95106 0.30902 -0.00000
f 169/169/57 170/170/57 171/171/57
v 1.08517 0.59641 3.25000
vt 2.12500 0.79821
v 1.11000 0.52000 3.36000
vt 2.18000 0.76000
v 1.11000 0.52000 3.25000
vt 2.12500 0.76000
vn 0.95106 0.30902 -0.00000
f 172/172/58 173/173/58 174/174/58
v 1.02017 0.64364 3.36000
vt 2.18000 0.82182
v 1.08517 0.59641 3.36000
vt 2.18000 0.79821
v 1.08517 0.59641 3.25000
vt 2.12500 0.79821
vn 0.58779 0.80902 0.00000
f 175/175/59 176/176/59 177/177/59
v 1.02017 0.64364 3.36000
vt 2.18000 0.82182
v 1.08517 0.59641 3.25000
vt 2.12500 0.79821
v 1.02017 0.64364 3.25000
vt 2.12500 0.82182
vn 0.58779 0.80902 0.00000
f 178/178/60 179/179/60 180/180/60
v 0.93983 0.64364 3.36000
vt 2.18000 0.82182
v 1.08517 0.44359 3.36000
vt 2.18000 0.72179
v 1.11000 0.52000 3.36000
vt 2.18000 0.76000
vn -0.00000 -0.00000 1.00000
f 181/181/61 182/182/61 183/183/61
v 0.93983 0.64364 3.36000
vt 2.18000 0.82182
v 0.87483 0.59641 3.36000
vt 2.18000 0.79821
v 0.85000 0.52000 3.36000
vt 2.18000 0.76000
vn -0.00000 -0.00000 1.00000
f 184/184/62 185/185/62 186/186/62
v 0.93983 0.64364 3.36000
vt 2.18000 0.82182
v 0.85000 0.52000 3.36000
vt 2.18000 0.76000
v 0.87483 0.44359 3.36000
vt 2.18000 0.72179
vn -0.00000 -0.00000 1.00000
f 187/187/63 188/188/63 189/189/63
v 0.93983 0.64364 3.36000
vt 2.18000 0.82182
v 1.02017 0.39636 3.36000
vt 2.18000 0.69818
v 1.08517 0.44359 3.36000
vt 2.18000 0.72179
vn -0.00000 -0.00000 1.00000
f 190/190/64 191/191/64 192/192/64
v 0.93983 0.64364 3.36000
vt 2.18000 0.82182
v 0.87483 0.44359 3.36000
vt 2.18000 0.72179
v 0.93983 0.39636 3.36000
vt 2.18000 0.69818
vn -0.00000 -0.00000 1.00000
f 193/193/65 194/194/65 195/195/65
v 0.93983 0.64364 3.36000
vt 2.18000 0.82182
v 1.11000 0.52000 3.36000
vt 2.18000 0.76000
v 1.08517 0.59641 3.36000
vt 2.18000 0.79821
vn -0.00000 -0.00000 1.00000
f 196/196/66 197/197/66 198/198/66
v 0.93983 0.64364 3.36000
vt 2.18000 0.82182
v 0.93983 0.39636 3.36000
vt 2.18000 0.69818
v 1.02017 0.39636 3.36000
vt 2.18000 0.69818
vn -0.00000 -0.00000 1.00000
f 199/199/67 200/200/67 201/201/67
v 0.93983 0.64364 3.36000
vt 2.18000 0.82182
v 1.08517 0.59641 3.36000
vt 2.18000 0.79821
v 1.02017 0.64364 3.36000
vt 2.18000 0.82182
vn -0.00000 -0.00000 1.00000
f 202/202/68 203/203/68 204/204/68
v 0.93983 0.64364 3.36000
vt 2.18000 0.82182
v 0.93983 0.64364 3.25000
vt 2.12500 0.82182
v 0.87483 0.59641 3.25000
vt 2.12500 0.79821
vn -0.58779 0.80902 0.00000
f 205/205/69 206/206/69 207/207/69
v 0.93983 0.64364 3.36000
vt 2.18000 0.82182
v 0.87483 0.59641 3.25000
vt 2.12500 0.79821
v 0.87483 0.59641 3.36000
vt 2.18000 0.79821
vn -0.58779 0.80902 0.00000
f 208/208/70 209/209/70 210/210/70
v 0.93983 0.64364 3.36000
vt 2.18000 0.82182
v 1.02017 0.64364 3.25000
vt 2.12500 0.82182
v 0.93983 0.64364 3.25000
vt 2.12500 0.82182
vn -0.00000 1.00000 0.00000
f 211/211/71 212/212/71 213/213/71
v 0.93983 0.64364 3.36000
vt 2.18000 0.82182
v 1.02017 0.64364 3.36000
vt 2.18000 0.82182
v 1.02017 0.64364 3.25000
vt 2.12500 0.82182
vn -0.00000 1.00000 0.00000
f 214/214/72 215/215/72 216/216/72
v -1.08517 0.44359 3.36000
vt 2.18000 0.72179
v -1.11000 0.52000 3.25000
vt 2.12500 0.76000
v -1.08517 0.44359 3.25000
vt 2.12500 0.72179
vn -0.95106 -0.30902 0.00000
f 217/217/73 218/218/73 219/219/73
v -1.08517 0.44359 3.36000
vt 2.18000 0.72179
v -1.11000 0.52000 3.36000
vt 2.18000 0.76000
v -1.11000 0.52000 3.25000
vt 2.12500 0.76000
vn -0.95106 -0.30902 0.00000
f 220/220/74 221/221/74 222/222/74
v -1.08517 0.44359 3.36000
vt 2.18000 0.72179
v -1.08517 0.44359 3.25000
vt 2.12500 0.72179
v -1.02017 0.39636 3.25000
vt 2.12500 0.69818
vn -0.58779 -0.80902 0.00000
f 223/223/75 224/224/75 225/225/75
v -1.08517 0.44359 3.36000
vt 2.18000 0.72179
v -1.02017 0.39636 3.25000
vt 2.12500 0.69818
v -1.02017 0.39636 3.36000
vt 2.18000 0.69818
vn -0.58779 -0.80902 0.00000
f 226/226/76 227/227/76 228/228/76
v -1.08517 0.59641 3.36000
vt 2.18000 0.79821
v -1.08517 0.59641 3.25000
vt 2.12500 0.79821
v -1.11000 0.52000 3.25000
vt 2.12500 0.76000
vn -0.95106 0.30902 -0.00000
f 229/229/77 230/230/77 231/231/77
v -1.08517 0.59641 3.36000
vt 2.18000 0.79821
v -1.11000 0.52000 3.25000
vt 2.12500 0.76000
v -1.11000 0.52000 3.36000
vt 2.18000 0.76000
vn -0.95106 0.30902 -0.00000
f 232/232/78 233/233/78 234/234/78
v -0.93983 0.39636 3.36000
vt 2.18000 0.69818
v -0.93983 0.39636 3.25000
vt 2.12500 0.69818
v -0.87483 0.44359 3.25000
vt 2.12500 0.72179
vn 0.58779 -0.80902 0.00000
f 235/235/79 236/236/79 237/237/79
v -0.93983 0.39636 3.36000
vt 2.18000 0.69818
v -0.87483 0.44359 3.25000
vt 2.12500 0.72179
v -0.87483 0.44359 3.36000
vt 2.18000 0.72179
vn 0.58779 -0.80902 0.00000
f 238/238/80 239/239/80 240/240/80
v -0.93983 0.39636 3.36000
vt 2.18000 0.69818
v -1.02017 0.39636 3.36000
vt 2.18000 0.69818
v -1.02017 0.39636 3.25000
vt 2.12500 0.69818
vn 0.00000 -1.00000 0.00000
f 241/241/81 242/242/81 243/243/81
v -0.93983 0.39636 3.36000
vt 2.18000 0.69818
v -1.02017 0.39636 3.25000
vt 2.12500 0.69818
v -0.93983 0.39636 3.25000
vt 2.12500 0.69818
vn 0.00000 -1.00000 0.00000
f 244/244/82 245/245/82 246/246/82
v -0.93983 0.64364 3.25000
vt 2.12500 0.82182
v -0.93983 0.39636 3.25000
vt 2.12500 0.69818
v -1.02017 0.39636 3.25000
vt 2.12500 0.69818
vn -0.00000 0.00000 -1.00000
f 247/247/83 248/248/83 249/249/83
v -0.93983 0.64364 3.25000
vt 2.12500 0.82182
v -1.11000 0.52000 3.25000
vt 2.12500 0.76000
v -1.08517 0.59641 3.25000
vt 2.12500 0.79821
vn -0.00000 0.00000 -1.00000
f 250/250/84 251/251/84 252/252/84
v -0.93983 0.64364 3.25000
vt 2.12500 0.82182
v -1.08517 0.44359 3.25000
vt 2.12500 0.72179
v -1.11000 0.52000 3.25000
vt 2.12500 0.76000
vn -0.00000 0.00000 -1.00000
f 253/253/85 254/254/85 255/255/85
v -0.93983 0.64364 3.25000
vt 2.12500 0.82182
v -1.02017 0.39636 3.25000
vt 2.12500 0.69818
v -1.08517 0.44359 3.25000
vt 2.12500 0.72179
vn -0.00000 0.00000 -1.00000
f 256/256/86 257/257/86 258/258/86
v -0.93983 0.64364 3.25000
vt 2.12500 0.82182
v -1.08517 0.59641 3.25000
vt 2.12500 0.79821
v -1.02017 0.64364 3.25000
vt 2.12500 0.82182
vn -0.00000 0.00000 -1.00000
f 259/259/87 260/260/87 261/261/87
v -0.93983 0.64364 3.25000
vt 2.12500 0.82182
v -0.85000 0.52000 3.25000
vt 2.12500 0.76000
v -0.87483 0.44359 3.25000
vt 2.12500 0.72179
vn -0.00000 0.00000 -1.00000
f 262/262/88 263/263/88 264/264/88
v -0.93983 0.64364 3.25000
vt 2.12500 0.82182
v -0.87483 0.44359 3.25000
vt 2.12500 0.72179
v -0.93983 0.39636 3.25000
vt 2.12500 0.69818
vn -0.00000 0.00000 -1.00000
f 265/265/89 266/266/89 267/267/89
v -0.93983 0.64364 3.25000
vt 2.12500 0.82182
v -0.87483 0.59641 3.25000
vt 2.12500 0.79821
v -0.85000 0.52000 3.25000
vt 2.12500 0.76000
vn -0.00000 0.00000 -1.00000
f 268/268/90 269/269/90 270/270/90
v -0.85000 0.52000 3.36000
vt 2.18000 0.76000
v -0.87483 0.44359 3.25000
vt 2.12500 0.72179
v -0.85000 0.52000 3.25000
vt 2.12500 0.76000
vn 0.95106 -0.30902 0.00000
f 271/271/91 272/272/91 273/273/91
v -0.85000 0.52000 3.36000
vt 2.18000 0.76000
v -0.87483 0.44359 3.36000
vt 2.18000 0.72179
v -0.87483 0.44359 3.25000
vt 2.12500 0.72179
vn 0.95106 -0.30902 0.00000
f 274/274/92 275/275/92 276/276/92
v -1.02017 0.64364 3.36000
vt 2.18000 0.82182
v -0.93983 0.64364 3.25000
vt 2.12500 0.82182
v -1.02017 0.64364 3.25000
vt 2.12500 0.82182
vn 0.00000 1.00000 -0.00000
f 277/277/93 278/278/93 279/279/93
v -1.02017 0.64364 3.36000
vt 2.18000 0.82182
v -0.93983 0.64364 3.36000
vt 2.18000 0.82182
v -0.93983 0.64364 3.25000
vt 2.12500 0.82182
vn 0.00000 1.00000 -0.00000
f 280/280/94 281/281/94 282/282/94
v -1.02017 0.64364 3.36000
vt 2.18000 0.82182
v -1.02017 0.64364 3.25000
vt 2.12500 0.82182
v -1.08517 0.59641 3.25000
vt 2.12500 0.79821
vn -0.58779 0.80902 0.00000
f 283/283/95 284/284/95 285/285/95
v -1.02017 0.64364 3.36000
vt 2.18000 0.82182
v -1.08517 0.59641 3.25000
vt 2.12500 0.79821
v -1.08517 0.59641 3.36000
vt 2.18000 0.79821
vn -0.58779 0.80902 0.00000
f 286/286/96 287/287/96 288/288/96
v -0.87483 0.59641 3.36000
vt 2.18000 0.79821
v -1.08517 0.59641 3.36000
vt 2.18000 0.79821
v -1.11000 0.52000 3.36000
vt 2.18000 0.76000
vn -0.00000 -0.00000 1.00000
f 289/289/97 290/290/97 291/291/97
v -0.87483 0.59641 3.36000
vt 2.18000 0.79821
v -1.11000 0.52000 3.36000
vt 2.18000 0.76000
v -1.08517 0.44359 3.36000
vt 2.18000 0.72179
vn -0.00000 -0.00000 1.00000
f 292/292/98 293/293/98 294/294/98
v -0.87483 0.59641 3.36000
vt 2.18000 0.79821
v -0.93983 0.39636 3.36000
vt 2.18000 0.69818
v -0.87483 0.44359 3.36000
vt 2.18000 0.72179
vn -0.00000 -0.00000 1.00000
f 295/295/99 296/296/99 297/297/99
v -0.87483 0.59641 3.36000
vt 2.18000 0.79821
v -1.08517 0.44359 3.36000
vt 2.18000 0.72179
v -1.02017 0.39636 3.36000
vt 2.18000 0.69818
vn -0.00000 -0.00000 1.00000
f 298/298/100 299/299/100 300/300/100
v -0.87483 0.59641 3.36000
vt 2.18000 0.79821
v -0.87483 0.44359 3.36000
vt 2.18000 0.72179
v -0.85000 0.52000 3.36000
vt 2.18000 0.76000
vn -0.00000 -0.00000 1.00000
f 301/301/101 302/302/101 303/303/101
v -0.87483 0.59641 3.36000
vt 2.18000 0.79821
v -1.02017 0.39636 3.36000
vt 2.18000 0.69818
v -0.93983 0.39636 3.36000
vt 2.18000 0.69818
vn -0.00000 -0.00000 1.00000
f 304/304/102 305/305/102 306/306/102
v -0.87483 0.59641 3.36000
vt 2.18000 0.79821
v -0.93983 0.64364 3.36000
vt 2.18000 0.82182
v -1.02017 0.64364 3.36000
vt 2.18000 0.82182
vn -0.00000 -0.00000 1.00000
f 307/307/103 308/308/103 309/309/103
v -0.87483 0.59641 3.36000
vt 2.18000 0.79821
v -1.02017 0.64364 3.36000
vt 2.18000 0.82182
v -1.08517 0.59641 3.36000
vt 2.18000 0.79821
vn -0.00000 -0.00000 1.00000
f 310/310/104 311/311/104 312/312/104
v -0.87483 0.59641 3.36000
vt 2.18000 0.79821
v -0.87483 0.59641 3.25000
vt 2.12500 0.79821
v -0.93983 0.64364 3.25000
vt 2.12500 0.82182
vn 0.58779 0.80902 -0.00000
f 313/313/105 314/314/105 315/315/105
v -0.87483 0.59641 3.36000
vt 2.18000 0.79821
v -0.93983 0.64364 3.25000
vt 2.12500 0.82182
v -0.93983 0.64364 3.36000
vt 2.18000 0.82182
vn 0.58779 0.80902 -0.00000
f 316/316/106 317/317/106 318/318/106
v -0.87483 0.59641 3.36000
vt 2.18000 0.79821
v -0.85000 0.52000 3.25000
vt 2.12500 0.76000
v -0.87483 0.59641 3.25000
vt 2.12500 0.79821
vn 0.95106 0.30902 -0.00000
f 319/319/107 320/320/107 321/321/107
v -0.87483 0.59641 3.36000
vt 2.18000 0.79821
v -0.85000 0.52000 3.36000
vt 2.18000 0.76000
v -0.85000 0.52000 3.25000
vt 2.12500 0.76000
vn 0.95106 0.30902 -0.00000
f 322/322/108 323/323/108 324/324/108
v 1.27000 -0.15000 3.71000
vt 2.35500 0.42500
v 1.27000 -0.12000 3.68000
vt 2.34000 0.44000
v 1.30000 -0.12000 3.71000
vt 2.35500 0.44000
vn 0.57735 -0.57735 -0.57735
f 325/325/109 326/326/109 327/327/109
v -1.27000 0.15000 3.89000
vt 2.44500 0.57500
v -1.30000 0.12000 3.89000
vt 2.44500 0.56000
v -1.27000 0.12000 3.92000
vt 2.46000 0.56000
vn -0.57735 0.57735 0.57735
f 328/328/110 329/329/110 330/330/110
v 1.27000 0.12000 3.92000
vt 2.46000 0.56000
v 1.30000 0.12000 3.89000
vt 2.44500 0.56000
v 1.27000 0.15000 3.89000
vt 2.44500 0.57500
vn 0.57735 0.57735 0.57735
f 331/331/111 332/332/111 333/333/111
v -1.30000 0.12000 3.71000
vt 2.35500 0.56000
v -1.27000 0.15000 3.71000
vt 2.35500 0.57500
v -1.27000 0.12000 3.68000
vt 2.34000 0.56000
vn -0.57735 0.57735 -0.57735
f 334/334/112 335/335/112 336/336/112
v 1.27000 0.12000 3.68000
vt 2.34000 0.56000
v 1.27000 0.15000 3.71000
vt 2.35500 0.57500
v 1.30000 0.12000 3.71000
vt 2.35500 0.56000
vn 0.57735 0.57735 -0.57735
f 337/337/113 338/338/113 339/339/113
v 1.27000 -0.15000 3.89000
vt 2.44500 0.42500
v 1.30000 -0.12000 3.89000
vt 2.44500 0.44000
v 1.27000 -0.12000 3.92000
vt 2.46000 0.44000
vn 0.57735 -0.57735 0.57735
f 340/340/114 341/341/114 342/342/114
v -1.27000 -0.15000 3.71000
vt 2.35500 0.42500
v -1.30000 -0.12000 3.71000
vt 2.35500 0.44000
v -1.27000 -0.12000 3.68000
vt 2.34000 0.44000
vn -0.57735 -0.57735 -0.57735
f 343/343/115 344/344/115 345/345/115
v -1.27000 -0.15000 3.89000
vt 2.44500 0.42500
v -1.27000 -0.12000 3.92000
vt 2.46000 0.44000
v -1.30000 -0.12000 3.89000
vt 2.44500 0.44000
vn -0.57735 -0.57735 0.57735
f 346/346/116 347/347/116 348/348/116
v 1.30000 0.12000 3.71000
vt 2.35500 0.56000
v 1.30000 -0.12000 3.89000
vt 2.44500 0.44000
v 1.30000 -0.12000 3.71000
vt 2.35500 0.44000
vn 1.00000 0.00000 -0.00000
f 349/349/117 350/350/117 351/351/117
v 1.30000 0.12000 3.71000
vt 2.35500 0.56000
v 1.30000 0.12000 3.89000
vt 2.44500 0.56000
v 1.30000 -0.12000 3.89000
vt 2.44500 0.44000
vn 1.00000 0.00000 -0.00000
f 352/352/118 353/353/118 354/354/118
v 1.27000 0.15000 3.89000
vt 2.44500 0.57500
v 1.30000 0.12000 3.89000
vt 2.44500 0.56000
v 1.30000 0.12000 3.71000
vt 2.35500 0.56000
vn 0.70711 0.70711 -0.00000
f 355/355/119 356/356/119 357/357/119
v 1.27000 0.15000 3.89000
vt 2.44500 0.57500
v 1.30000 0.12000 3.71000
vt 2.35500 0.56000
v 1.27000 0.15000 3.71000
vt 2.35500 0.57500
vn 0.70711 0.70711 -0.00000
f 358/358/120 359/359/120 360/360/120
v -1.27000 0.15000 3.89000
vt 2.44500 0.57500
v 1.27000 0.15000 3.89000
vt 2.44500 0.57500
v 1.27000 0.15000 3.71000
vt 2.35500 0.57500
vn 0.00000 1.00000 -0.00000
f 361/361/121 362/362/121 363/363/121
v -1.27000 0.15000 3.89000
vt 2.44500 0.57500
v 1.27000 0.15000 3.71000
vt 2.35500 0.57500
v -1.27000 0.15000 3.71000
vt 2.35500 0.57500
vn 0.00000 1.00000 -0.00000
f 364/364/122 365/365/122 366/366/122
v 1.27000 0.12000 3.92000
vt 2.46000 0.56000
v 1.30000 -0.12000 3.89000
vt 2.44500 0.44000
v 1.30000 0.12000 3.89000
vt 2.44500 0.56000
vn 0.70711 0.00000 0.70711
f 367/367/123 368/368/123 369/369/123
v 1.27000 0.12000 3.92000
vt 2.46000 0.56000
v 1.27000 -0.12000 3.92000
vt 2.46000 0.44000
v 1.30000 -0.12000 3.89000
vt 2.44500 0.44000
vn 0.70711 0.00000 0.70711
f 370/370/124 371/371/124 372/372/124
v 1.27000 0.12000 3.92000
vt 2.46000 0.56000
v -1.27000 -0.12000 3.92000
vt 2.46000 0.44000
v 1.27000 -0.12000 3.92000
vt 2.46000 0.44000
vn 0.00000 -0.00000 1.00000
f 373/373/125 374/374/125 375/375/125
v 1.27000 0.12000 3.92000
vt 2.46000 0.56000
v -1.27000 0.12000 3.92000
vt 2.46000 0.56000
v -1.27000 -0.12000 3.92000
vt 2.46000 0.44000
vn 0.00000 -0.00000 1.00000
f 376/376/126 377/377/126 378/378/126
v 1.27000 0.12000 3.92000
vt 2.46000 0.56000
v 1.27000 0.15000 3.89000
vt 2.44500 0.57500
v -1.27000 0.15000 3.89000
vt 2.44500 0.57500
vn -0.00000 0.70711 0.70711
f 379/379/127 380/380/127 381/381/127
v 1.27000 0.12000 3.92000
vt 2.46000 0.56000
v -1.27000 0.15000 3.89000
vt 2.44500 0.57500
v -1.27000 0.12000 3.92000
vt 2.46000 0.56000
vn -0.00000 0.70711 0.70711
f 382/382/128 383/383/128 384/384/128
v -1.30000 -0.12000 3.89000
vt 2.44500 0.44000
v -1.27000 -0.12000 3.92000
vt 2.46000 0.44000
v -1.27000 0.12000 3.92000
vt 2.46000 0.56000
vn -0.70711 0.00000 0.70711
f 385/385/129 386/386/129 387/387/129
v -1.30000 -0.12000 3.89000
vt 2.44500 0.44000
v -1.27000 0.12000 3.92000
vt 2.46000 0.56000
v -1.30000 0.12000 3.89000
vt 2.44500 0.56000
vn -0.70711 0.00000 0.70711
f 388/388/130 389/389/130 390/390/130
v -1.30000 0.12000 3.71000
vt 2.35500 0.56000
v -1.30000 -0.12000 3.89000
vt 2.44500 0.44000
v -1.30000 0.12000 3.89000
vt 2.44500 0.56000
vn -1.00000 -0.00000 0.00000
f 391/391/131 392/392/131 393/393/131
v -1.30000 0.12000 3.71000
vt 2.35500 0.56000
v -1.30000 -0.12000 3.71000
vt 2.35500 0.44000
v -1.30000 -0.12000 3.89000
vt 2.44500 0.44000
vn -1.00000 -0.00000 0.00000
f 394/394/132 395/395/132 396/396/132
v -1.30000 0.12000 3.71000
vt 2.35500 0.56000
v -1.27000 -0.12000 3.68000
vt 2.34000 0.44000
v -1.30000 -0.12000 3.71000
vt 2.35500 0.44000
vn -0.70711 -0.00000 -0.70711
f 397/397/133 398/398/133 399/399/133
v -1.30000 0.12000 3.71000
vt 2.35500 0.56000
v -1.27000 0.12000 3.68000
vt 2.34000 0.56000
v -1.27000 -0.12000 3.68000
vt 2.34000 0.44000
vn -0.70711 -0.00000 -0.70711
f 400/400/134 401/401/134 402/402/134
v -1.30000 0.12000 3.71000
vt 2.35500 0.56000
v -1.27000 0.15000 3.89000
vt 2.44500 0.57500
v -1.27000 0.15000 3.71000
vt 2.35500 0.57500
vn -0.70711 0.70711 0.00000
f 403/403/135 404/404/135 405/405/135
v -1.30000 0.12000 3.71000
vt 2.35500 0.56000
v -1.30000 0.12000 3.89000
vt 2.44500 0.56000
v -1.27000 0.15000 3.89000
vt 2.44500 0.57500
vn -0.70711 0.70711 0.00000
f 406/406/136 407/407/136 408/408/136
v 1.27000 0.12000 3.68000
vt 2.34000 0.56000
v -1.27000 0.15000 3.71000
vt 2.35500 0.57500
v 1.27000 0.15000 3.71000
vt 2.35500 0.57500
vn -0.00000 0.70711 -0.70711
f 409/409/137 410/410/137 411/411/137
v 1.27000 0.12000 3.68000
vt 2.34000 0.56000
v -1.27000 0.12000 3.68000
vt 2.34000 0.56000
v -1.27000 0.15000 3.71000
vt 2.35500 0.57500
vn -0.00000 0.70711 -0.70711
f 412/412/138 413/413/138 414/414/138
v 1.27000 0.12000 3.68000
vt 2.34000 0.56000
v -1.27000 -0.12000 3.68000
vt 2.34000 0.44000
v -1.27000 0.12000 3.68000
vt 2.34000 0.56000
vn -0.00000 0.00000 -1.00000
f 415/415/139 416/416/139 417/417/139
v 1.27000 0.12000 3.68000
vt 2.34000 0.56000
v 1.27000 -0.12000 3.68000
vt 2.34000 0.44000
v -1.27000 -0.12000 3.68000
vt 2.34000 0.44000
vn -0.00000 0.00000 -1.00000
f 418/418/140 419/419/140 420/420/140
v 1.27000 0.12000 3.68000
vt 2.34000 0.56000
v 1.30000 0.12000 3.71000
vt 2.35500 0.56000
v 1.30000 -0.12000 3.71000
vt 2.35500 0.44000
vn 0.70711 -0.00000 -0.70711
f 421/421/141 422/422/141 423/423/141
v 1.27000 0.12000 3.68000
vt 2.34000 0.56000
v 1.30000 -0.12000 3.71000
vt 2.35500 0.44000
v 1.27000 -0.12000 3.68000
vt 2.34000 0.44000
vn 0.70711 -0.00000 -0.70711
f 424/424/142 425/425/142 426/426/142
v 1.27000 -0.15000 3.89000
vt 2.44500 0.42500
v 1.30000 -0.12000 3.71000
vt 2.35500 0.44000
v 1.30000 -0.12000 3.89000
vt 2.44500 0.44000
vn 0.70711 -0.70711 -0.00000
f 427/427/143 428/428/143 429/429/143
v 1.27000 -0.15000 3.89000
vt 2.44500 0.42500
v 1.27000 -0.15000 3.71000
vt 2.35500 0.42500
v 1.30000 -0.12000 3.71000
vt 2.35500 0.44000
vn 0.70711 -0.70711 -0.00000
f 430/430/144 431/431/144 432/432/144
v -1.27000 -0.15000 3.71000
vt 2.35500 0.42500
v -1.27000 -0.12000 3.68000
vt 2.34000 0.44000
v 1.27000 -0.12000 3.68000
vt 2.34000 0.44000
vn 0.00000 -0.70711 -0.70711
f 433/433/145 434/434/145 435/435/145
v -1.27000 -0.15000 3.71000
vt 2.35500 0.42500
v 1.27000 -0.12000 3.68000
vt 2.34000 0.44000
v 1.27000 -0.15000 3.71000
vt 2.35500 0.42500
vn 0.00000 -0.70711 -0.70711
f 436/436/146 437/437/146 438/438/146
v -1.27000 -0.15000 3.89000
vt 2.44500 0.42500
v -1.30000 -0.12000 3.89000
vt 2.44500 0.44000
v -1.30000 -0.12000 3.71000
vt 2.35500 0.44000
vn -0.70711 -0.70711 0.00000
f 439/439/147 440/440/147 441/441/147
v -1.27000 -0.15000 3.89000
vt 2.44500 0.42500
v -1.30000 -0.12000 3.71000
vt 2.35500 0.44000
v -1.27000 -0.15000 3.71000
vt 2.35500 0.42500
vn -0.70711 -0.70711 0.00000
f 442/442/148 443/443/148 444/444/148
v -1.27000 -0.15000 3.89000
vt 2.44500 0.42500
v 1.27000 -0.12000 3.92000
vt 2.46000 0.44000
v -1.27000 -0.12000 3.92000
vt 2.46000 0.44000
vn 0.00000 -0.70711 0.70711
f 445/445/149 446/446/149 447/447/149
v -1.27000 -0.15000 3.89000
vt 2.44500 0.42500
v 1.27000 -0.15000 3.89000
vt 2.44500 0.42500
v 1.27000 -0.12000 3.92000
vt 2.46000 0.44000
vn 0.00000 -0.70711 0.70711
f 448/448/150 449/449/150 450/450/150
v -1.27000 -0.15000 3.89000
vt 2.44500 0.42500
v 1.27000 -0.15000 3.71000
vt 2.35500 0.42500
v 1.27000 -0.15000 3.89000
vt 2.44500 0.42500
vn 0.00000 -1.00000 -0.00000
f 451/451/151 452/452/151 453/453/151
v -1.27000 -0.15000 3.89000
vt 2.44500 0.42500
v -1.27000 -0.15000 3.71000
vt 2.35500 0.42500
v 1.27000 -0.15000 3.71000
vt 2.35500 0.42500
vn 0.00000 -1.00000 -0.00000
f 454/454/152 455/455/152 456/456/152
v -0.86000 0.10000 3.92000
vt 2.46000 0.55000
v -0.70000 0.10000 3.92000
vt 2.46000 0.55000
v -0.70000 -0.05000 3.92000
vt 2.46000 0.47500
vn 0.00000 -0.00000 -1.00000
f 457/457/153 458/458/153 459/459/153
v -0.86000 0.10000 3.92000
vt 2.46000 0.55000
v -0.70000 -0.05000 3.92000
vt 2.46000 0.47500
v -0.86000 -0.05000 3.92000
vt 2.46000 0.47500
vn 0.00000 -0.00000 -1.00000
f 460/460/154 461/461/154 462/462/154
v -0.86000 -0.05000 4.06000
vt 2.53000 0.47500
v -0.86000 -0.05000 3.92000
vt 2.46000 0.47500
v -0.70000 -0.05000 3.92000
vt 2.46000 0.47500
vn -0.00000 -1.00000 0.00000
f 463/463/155 464/464/155 465/465/155
v -0.86000 -0.05000 4.06000
vt 2.53000 0.47500
v -0.70000 -0.05000 3.92000
vt 2.46000 0.47500
v -0.70000 -0.05000 4.06000
vt 2.53000 0.47500
vn -0.00000 -1.00000 0.00000
f 466/466/156 467/467/156 468/468/156
v -0.86000 -0.05000 4.06000
vt 2.53000 0.47500
v -0.86000 0.10000 3.92000
vt 2.46000 0.55000
v -0.86000 -0.05000 3.92000
vt 2.46000 0.47500
vn -1.00000 -0.00000 -0.00000
f 469/469/157 470/470/157 471/471/157
v -0.86000 -0.05000 4.06000
vt 2.53000 0.47500
v -0.86000 0.10000 4.06000
vt 2.53000 0.55000
v -0.86000 0.10000 3.92000
vt 2.46000 0.55000
vn -1.00000 -0.00000 -0.00000
f 472/472/158 473/473/158 474/474/158
v -0.70000 0.10000 4.06000
vt 2.53000 0.55000
v -0.70000 -0.05000 3.92000
vt 2.46000 0.47500
v -0.70000 0.10000 3.92000
vt 2.46000 0.55000
vn 1.00000 -0.00000 -0.00000
f 475/475/159 476/476/159 477/477/159
v -0.70000 0.10000 4.06000
vt 2.53000 0.55000
v -0.70000 -0.05000 4.06000
vt 2.53000 0.47500
v -0.70000 -0.05000 3.92000
vt 2.46000 0.47500
vn 1.00000 -0.00000 -0.00000
f 478/478/160 479/479/160 480/480/160
v -0.70000 0.10000 4.06000
vt 2.53000 0.55000
v -0.70000 0.10000 3.92000
vt 2.46000 0.55000
v -0.86000 0.10000 3.92000
vt 2.46000 0.55000
vn -0.00000 1.00000 -0.00000
f 481/481/161 482/482/161 483/483/161
v -0.70000 0.10000 4.06000
vt 2.53000 0.55000
v -0.86000 0.10000 3.92000
vt 2.46000 0.55000
v -0.86000 0.10000 4.06000
vt 2.53000 0.55000
vn -0.00000 1.00000 -0.00000
f 484/484/162 485/485/162 486/486/162
v -0.70000 0.10000 4.06000
vt 2.53000 0.55000
v -0.86000 -0.05000 4.06000
vt 2.53000 0.47500
v -0.70000 -0.05000 4.06000
vt 2.53000 0.47500
vn 0.00000 -0.00000 1.00000
f 487/487/163 488/488/163 489/489/163
v -0.70000 0.10000 4.06000
vt 2.53000 0.55000
v -0.86000 0.10000 4.06000
vt 2.53000 0.55000
v -0.86000 -0.05000 4.06000
vt 2.53000 0.47500
vn 0.00000 -0.00000 1.00000
f 490/490/164 491/491/164 492/492/164
v 0.70000 0.10000 3.92000
vt 2.46000 0.55000
v 0.86000 0.10000 3.92000
vt 2.46000 0.55000
v 0.86000 -0.05000 3.92000
vt 2.46000 0.47500
vn 0.00000 -0.00000 -1.00000
f 493/493/165 494/494/165 495/495/165
v 0.70000 0.10000 3.92000
vt 2.46000 0.55000
v 0.86000 -0.05000 3.92000
vt 2.46000 0.47500
v 0.70000 -0.05000 3.92000
vt 2.46000 0.47500
vn 0.00000 -0.00000 -1.00000
f 496/496/166 497/497/166 498/498/166
v 0.70000 -0.05000 4.06000
vt 2.53000 0.47500
v 0.70000 -0.05000 3.92000
vt 2.46000 0.47500
v 0.86000 -0.05000 3.92000
vt 2.46000 0.47500
vn -0.00000 -1.00000 0.00000
f 499/499/167 500/500/167 501/501/167
v 0.70000 -0.05000 4.06000
vt 2.53000 0.47500
v 0.86000 -0.05000 3.92000
vt 2.46000 0.47500
v 0.86000 -0.05000 4.06000
vt 2.53000 0.47500
vn -0.00000 -1.00000 0.00000
f 502/502/168 503/503/168 504/504/168
v 0.70000 -0.05000 4.06000
vt 2.53000 0.47500
v 0.70000 0.10000 3.92000
vt 2.46000 0.55000
v 0.70000 -0.05000 3.92000
vt 2.46000 0.47500
vn -1.00000 -0.00000 -0.00000
f 505/505/169 506/506/169 507/507/169
v 0.70000 -0.05000 4.06000
vt 2.53000 0.47500
v 0.70000 0.10000 4.06000
vt 2.53000 0.55000
v 0.70000 0.10000 3.92000
vt 2.46000 0.55000
vn -1.00000 -0.00000 -0.00000
f 508/508/170 509/509/170 510/510/170
v 0.86000 0.10000 4.06000
vt 2.53000 0.55000
v 0.86000 -0.05000 3.92000
vt 2.46000 0.47500
v 0.86000 0.10000 3.92000
vt 2.46000 0.55000
vn 1.00000 -0.00000 -0.00000
f 511/511/171 512/512/171 513/513/171
v 0.86000 0.10000 4.06000
vt 2.53000 0.55000
v 0.86000 -0.05000 4.06000
vt 2.53000 0.47500
v 0.86000 -0.05000 3.92000
vt 2.46000 0.47500
vn 1.00000 -0.00000 -0.00000
f 514/514/172 515/515/172 516/516/172
v 0.86000 0.10000 4.06000
vt 2.53000 0.55000
v 0.86000 0.10000 3.92000
vt 2.46000 0.55000
v 0.70000 0.10000 3.92000
vt 2.46000 0.55000
vn -0.00000 1.00000 -0.00000
f 517/517/173 518/518/173 519/519/173
v 0.86000 0.10000 4.06000
vt 2.53000 0.55000
v 0.70000 0.10000 3.92000
vt 2.46000 0.55000
v 0.70000 0.10000 4.06000
vt 2.53000 0.55000
vn -0.00000 1.00000 -0.00000
f 520/520/174 521/521/174 522/522/174
v 0.86000 0.10000 4.06000
vt 2.53000 0.55000
v 0.70000 -0.05000 4.06000
vt 2.53000 0.47500
v 0.86000 -0.05000 4.06000
vt 2.53000 0.47500
vn 0.00000 -0.00000 1.00000
f 523/523/175 524/524/175 525/525/175
v 0.86000 0.10000 4.06000
vt 2.53000 0.55000
v 0.70000 0.10000 4.06000
vt 2.53000 0.55000
v 0.70000 -0.05000 4.06000
vt 2.53000 0.47500
vn 0.00000 -0.00000 1.00000
f 526/526/176 527/527/176 528/528/176
v -1.24000 0.30000 1.50000
vt 1.25000 0.65000
v -1.20000 0.30000 1.50000
vt 1.25000 0.65000
v -1.20000 -0.20000 1.50000
vt 1.25000 0.40000
vn 0.00000 -0.00000 -1.00000
f 529/529/177 530/530/177 531/531/177
v -1.24000 0.30000 1.50000
vt 1.25000 0.65000
v -1.20000 -0.20000 1.50000
vt 1.25000 0.40000
v -1.24000 -0.20000 1.50000
vt 1.25000 0.40000
vn 0.00000 -0.00000 -1.00000
f 532/532/178 533/533/178 534/534/178
v -1.24000 -0.20000 1.90000
vt 1.45000 0.40000
v -1.24000 -0.20000 1.50000
vt 1.25000 0.40000
v -1.20000 -0.20000 1.50000
vt 1.25000 0.40000
vn -0.00000 -1.00000 0.00000
f 535/535/179 536/536/179 537/537/179
v -1.24000 -0.20000 1.90000
vt 1.45000 0.40000
v -1.20000 -0.20000 1.50000
vt 1.25000 0.40000
v -1.20000 -0.20000 1.90000
vt 1.45000 0.40000
vn -0.00000 -1.00000 0.00000
f 538/538/180 539/539/180 540/540/180
v -1.24000 -0.20000 1.90000
vt 1.45000 0.40000
v -1.24000 0.30000 1.50000
vt 1.25000 0.65000
v -1.24000 -0.20000 1.50000
vt 1.25000 0.40000
vn -1.00000 -0.00000 -0.00000
f 541/541/181 542/542/181 543/543/181
v -1.24000 -0.20000 1.90000
vt 1.45000 0.40000
v -1.24000 0.30000 1.90000
vt 1.45000 0.65000
v -1.24000 0.30000 1.50000
vt 1.25000 0.65000
vn -1.00000 -0.00000 -0.00000
f 544/544/182 545/545/182 546/546/182
v -1.20000 0.30000 1.90000
vt 1.45000 0.65000
v -1.20000 -0.20000 1.50000
vt 1.25000 0.40000
v -1.20000 0.30000 1.50000
vt 1.25000 0.65000
vn 1.00000 -0.00000 -0.00000
f 547/547/183 548/548/183 549/549/183
v -1.20000 0.30000 1.90000
vt 1.45000 0.65000
v -1.20000 -0.20000 1.90000
vt 1.45000 0.40000
v -1.20000 -0.20000 1.50000
vt 1.25000 0.40000
vn 1.00000 -0.00000 -0.00000
f 550/550/184 551/551/184 552/552/184
v -1.20000 0.30000 1.90000
vt 1.45000 0.65000
v -1.20000 0.30000 1.50000
vt 1.25000 0.65000
v -1.24000 0.30000 1.50000
vt 1.25000 0.65000
vn -0.00000 1.00000 -0.00000
f 553/553/185 554/554/185 555/555/185
v -1.20000 0.30000 1.90000
vt 1.45000 0.65000
v -1.24000 0.30000 1.50000
vt 1.25000 0.65000
v -1.24000 0.30000 1.90000
vt 1.45000 0.65000
vn -0.00000 1.00000 -0.00000
f 556/556/186 557/557/186 558/558/186
v -1.20000 0.30000 1.90000
vt 1.45000 0.65000
v -1.24000 -0.20000 1.90000
vt 1.45000 0.40000
v -1.20000 -0.20000 1.90000
vt 1.45000 0.40000
vn 0.00000 -0.00000 1.00000
f 559/559/187 560/560/187 561/561/187
v -1.20000 0.30000 1.90000
vt 1.45000 0.65000
v -1.24000 0.30000 1.90000
vt 1.45000 0.65000
v -1.24000 -0.20000 1.90000
vt 1.45000 0.40000
vn 0.00000 -0.00000 1.00000
f 562/562/188 563/563/188 564/564/188
v 1.20000 0.30000 1.50000
vt 1.25000 0.65000
v 1.24000 0.30000 1.50000
vt 1.25000 0.65000
v 1.24000 -0.20000 1.50000
vt 1.25000 0.40000
vn 0.00000 -0.00000 -1.00000
f 565/565/189 566/566/189 567/567/189
v 1.20000 0.30000 1.50000
vt 1.25000 0.65000
v 1.24000 -0.20000 1.50000
vt 1.25000 0.40000
v 1.20000 -0.20000 1.50000
vt 1.25000 0.40000
vn 0.00000 -0.00000 -1.00000
f 568/568/190 569/569/190 570/570/190
v 1.20000 -0.20000 1.90000
vt 1.45000 0.40000
v 1.20000 -0.20000 1.50000
vt 1.25000 0.40000
v 1.24000 -0.20000 1.50000
vt 1.25000 0.40000
vn -0.00000 -1.00000 0.00000
f 571/571/191 572/572/191 573/573/191
v 1.20000 -0.20000 1.90000
vt 1.45000 0.40000
v 1.24000 -0.20000 1.50000
vt 1.25000 0.40000
v 1.24000 -0.20000 1.90000
vt 1.45000 0.40000
vn -0.00000 -1.00000 0.00000
f 574/574/192 575/575/192 576/576/192
v 1.20000 -0.20000 1.90000
vt 1.45000 0.40000
v 1.20000 0.30000 1.50000
vt 1.25000 0.65000
v 1.20000 -0.20000 1.50000
vt 1.25000 0.40000
vn -1.00000 -0.00000 -0.00000
f 577/577/193 578/578/193 579/579/193
v 1.20000 -0.20000 1.90000
vt 1.45000 0.40000
v 1.20000 0.30000 1.90000
vt 1.45000 0.65000
v 1.20000 0.30000 1.50000
vt 1.25000 0.65000
vn -1.00000 -0.00000 -0.00000
f 580/580/194 581/581/194 582/582/194
v 1.24000 0.30000 1.90000
vt 1.45000 0.65000
v 1.24000 -0.20000 1.50000
vt 1.25000 0.40000
v 1.24000 0.30000 1.50000
vt 1.25000 0.65000
vn 1.00000 -0.00000 -0.00000
f 583/583/195 584/584/195 585/585/195
v 1.24000 0.30000 1.90000
vt 1.45000 0.65000
v 1.24000 -0.20000 1.90000
vt 1.45000 0.40000
v 1.24000 -0.20000 1.50000
vt 1.25000 0.40000
vn 1.00000 -0.00000 -0.00000
f 586/586/196 587/587/196 588/588/196
v 1.24000 0.30000 1.90000
vt 1.45000 0.65000
v 1.24000 0.30000 1.50000
vt 1.25000 0.65000
v 1.20000 0.30000 1.50000
vt 1.25000 0.65000
vn -0.00000 1.00000 -0.00000
f 589/589/197 590/590/197 591/591/197
v 1.24000 0.30000 1.90000
vt 1.45000 0.65000
v 1.20000 0.30000 1.50000
vt 1.25000 0.65000
v 1.20000 0.30000 1.90000
vt 1.45000 0.65000
vn -0.00000 1.00000 -0.00000
f 592/592/198 593/593/198 594/594/198
v 1.24000 0.30000 1.90000
vt 1.45000 0.65000
v 1.20000 -0.20000 1.90000
vt 1.45000 0.40000
v 1.24000 -0.20000 1.90000
vt 1.45000 0.40000
vn 0.00000 -0.00000 1.00000
f 595/595/199 596/596/199 597/597/199
v 1.24000 0.30000 1.90000
vt 1.45000 0.65000
v 1.20000 0.30000 1.90000
vt 1.45000 0.65000
v 1.20000 -0.20000 1.90000
vt 1.45000 0.40000
vn 0.00000 -0.00000 1.00000
f 598/598/200 599/599/200 600/600/200
v -0.71000 -0.15000 1.95000
vt 1.47500 0.42500
v -0.75584 -0.29107 1.05000
vt 1.02500 0.35447
v -0.71000 -0.15000 1.05000
vt 1.02500 0.42500
vn 0.95106 -0.30902 0.00000
f 601/601/201 602/602/201 603/603/201
v -0.71000 -0.15000 1.95000
vt 1.47500 0.42500
v -0.75584 -0.29107 1.95000
vt 1.47500 0.35447
v -0.75584 -0.29107 1.05000
vt 1.02500 0.35447
vn 0.95106 -0.30902 0.00000
f 604/604/202 605/605/202 606/606/202
v -0.71000 -0.15000 1.95000
vt 1.47500 0.42500
v -0.71000 -0.15000 1.05000
vt 1.02500 0.42500
v -0.75584 -0.00893 1.05000
vt 1.02500 0.49553
vn 0.95106 0.30902 0.00000
f 607/607/203 608/608/203 609/609/203
v -0.71000 -0.15000 1.95000
vt 1.47500 0.42500
v -0.75584 -0.00893 1.05000
vt 1.02500 0.49553
v -0.75584 -0.00893 1.95000
vt 1.47500 0.49553
vn 0.95106 0.30902 0.00000
f 610/610/204 611/611/204 612/612/204
v -0.87584 -0.37825 1.95000
vt 1.47500 0.31087
v -0.87584 -0.37825 1.05000
vt 1.02500 0.31087
v -0.75584 -0.29107 1.05000
vt 1.02500 0.35447
vn 0.58779 -0.80902 0.00000
f 613/613/205 614/614/205 615/615/205
v -0.87584 -0.37825 1.95000
vt 1.47500 0.31087
v -0.75584 -0.29107 1.05000
vt 1.02500 0.35447
v -0.75584 -0.29107 1.95000
vt 1.47500 0.35447
vn 0.58779 -0.80902 0.00000
f 616/616/206 617/617/206 618/618/206
v -0.87584 -0.37825 1.95000
vt 1.47500 0.31087
v -1.02416 -0.37825 1.05000
vt 1.02500 0.31087
v -0.87584 -0.37825 1.05000
vt 1.02500 0.31087
vn 0.00000 -1.00000 0.00000
f 619/619/207 620/620/207 621/621/207
v -0.87584 -0.37825 1.95000
vt 1.47500 0.31087
v -1.02416 -0.37825 1.95000
vt 1.47500 0.31087
v -1.02416 -0.37825 1.05000
vt 1.02500 0.31087
vn 0.00000 -1.00000 0.00000
f 622/622/208 623/623/208 624/624/208
v -1.14416 -0.29107 1.95000
vt 1.47500 0.35447
v -1.19000 -0.15000 1.05000
vt 1.02500 0.42500
v -1.14416 -0.29107 1.05000
vt 1.02500 0.35447
vn -0.95106 -0.30902 0.00000
f 625/625/209 626/626/209 627/627/209
v -1.14416 -0.29107 1.95000
vt 1.47500 0.35447
v -1.19000 -0.15000 1.95000
vt 1.47500 0.42500
v -1.19000 -0.15000 1.05000
vt 1.02500 0.42500
vn -0.95106 -0.30902 0.00000
f 628/628/210 629/629/210 630/630/210
v -1.14416 -0.29107 1.95000
vt 1.47500 0.35447
v -1.14416 -0.29107 1.05000
vt 1.02500 0.35447
v -1.02416 -0.37825 1.05000
vt 1.02500 0.31087
vn -0.58779 -0.80902 0.00000
f 631/631/211 632/632/211 633/633/211
v -1.14416 -0.29107 1.95000
vt 1.47500 0.35447
v -1.02416 -0.37825 1.05000
vt 1.02500 0.31087
v -1.02416 -0.37825 1.95000
vt 1.47500 0.31087
vn -0.58779 -0.80902 0.00000
f 634/634/212 635/635/212 636/636/212
v -1.02416 0.07825 1.05000
vt 1.02500 0.53913
v -1.19000 -0.15000 1.05000
vt 1.02500 0.42500
v -1.14416 -0.00893 1.05000
vt 1.02500 0.49553
vn -0.00000 0.00000 -1.00000
f 637/637/213 638/638/213 639/639/213
v -1.02416 0.07825 1.05000
vt 1.02500 0.53913
v -1.14416 -0.29107 1.05000
vt 1.02500 0.35447
v -1.19000 -0.15000 1.05000
vt 1.02500 0.42500
vn -0.00000 0.00000 -1.00000
f 640/640/214 641/641/214 642/642/214
v -1.02416 0.07825 1.05000
vt 1.02500 0.53913
v -0.71000 -0.15000 1.05000
vt 1.02500 0.42500
v -0.75584 -0.29107 1.05000
vt 1.02500 0.35447
vn -0.00000 0.00000 -1.00000
f 643/643/215 644/644/215 645/645/215
v -1.02416 0.07825 1.05000
vt 1.02500 0.53913
v -0.75584 -0.00893 1.05000
vt 1.02500 0.49553
v -0.71000 -0.15000 1.05000
vt 1.02500 0.42500
vn -0.00000 0.00000 -1.00000
f 646/646/216 647/647/216 648/648/216
v -1.02416 0.07825 1.05000
vt 1.02500 0.53913
v -0.75584 -0.29107 1.05000
vt 1.02500 0.35447
v -0.87584 -0.37825 1.05000
vt 1.02500 0.31087
vn -0.00000 0.00000 -1.00000
f 649/649/217 650/650/217 651/651/217
v -1.02416 0.07825 1.05000
vt 1.02500 0.53913
v -0.87584 -0.37825 1.05000
vt 1.02500 0.31087
v -1.02416 -0.37825 1.05000
vt 1.02500 0.31087
vn -0.00000 0.00000 -1.00000
f 652/652/218 653/653/218 654/654/218
v -1.02416 0.07825 1.05000
vt 1.02500 0.53913
v -0.87584 0.07825 1.05000
vt 1.02500 0.53913
v -0.75584 -0.00893 1.05000
vt 1.02500 0.49553
vn -0.00000 0.00000 -1.00000
f 655/655/219 656/656/219 657/657/219
v -1.02416 0.07825 1.05000
vt 1.02500 0.53913
v -1.02416 -0.37825 1.05000
vt 1.02500 0.31087
v -1.14416 -0.29107 1.05000
vt 1.02500 0.35447
vn -0.00000 0.00000 -1.00000
f 658/658/220 659/659/220 660/660/220
v -1.14416 -0.00893 1.95000
vt 1.47500 0.49553
v -1.14416 -0.00893 1.05000
vt 1.02500 0.49553
v -1.19000 -0.15000 1.05000
vt 1.02500 0.42500
vn -0.95106 0.30902 -0.00000
f 661/661/221 662/662/221 663/663/221
v -1.14416 -0.00893 1.95000
vt 1.47500 0.49553
v -1.19000 -0.15000 1.05000
vt 1.02500 0.42500
v -1.19000 -0.15000 1.95000
vt 1.47500 0.42500
vn -0.95106 0.30902 -0.00000
f 664/664/222 665/665/222 666/666/222
v -1.14416 -0.00893 1.95000
vt 1.47500 0.49553
v -1.02416 0.07825 1.05000
vt 1.02500 0.53913
v -1.14416 -0.00893 1.05000
vt 1.02500 0.49553
vn -0.58779 0.80902 -0.00000
f 667/667/223 668/668/223 669/669/223
v -1.14416 -0.00893 1.95000
vt 1.47500 0.49553
v -1.02416 0.07825 1.95000
vt 1.47500 0.53913
v -1.02416 0.07825 1.05000
vt 1.02500 0.53913
vn -0.58779 0.80902 -0.00000
f 670/670/224 671/671/224 672/672/224
v -0.87584 0.07825 1.95000
vt 1.47500 0.53913
v -0.75584 -0.29107 1.95000
vt 1.47500 0.35447
v -0.71000 -0.15000 1.95000
vt 1.47500 0.42500
vn 0.00000 -0.00000 1.00000
f 673/673/225 674/674/225 675/675/225
v -0.87584 0.07825 1.95000
vt 1.47500 0.53913
v -0.87584 -0.37825 1.95000
vt 1.47500 0.31087
v -0.75584 -0.29107 1.95000
vt 1.47500 0.35447
vn 0.00000 -0.00000 1.00000
f 676/676/226 677/677/226 678/678/226
v -0.87584 0.07825 1.95000
vt 1.47500 0.53913
v -1.19000 -0.15000 1.95000
vt 1.47500 0.42500
v -1.14416 -0.29107 1.95000
vt 1.47500 0.35447
vn 0.00000 -0.00000 1.00000
f 679/679/227 680/680/227 681/681/227
v -0.87584 0.07825 1.95000
vt 1.47500 0.53913
v -0.71000 -0.15000 1.95000
vt 1.47500 0.42500
v -0.75584 -0.00893 1.95000
vt 1.47500 0.49553
vn 0.00000 -0.00000 1.00000
f 682/682/228 683/683/228 684/684/228
v -0.87584 0.07825 1.95000
vt 1.47500 0.53913
v -1.14416 -0.00893 1.95000
vt 1.47500 0.49553
v -1.19000 -0.15000 1.95000
vt 1.47500 0.42500
vn 0.00000 -0.00000 1.00000
f 685/685/229 686/686/229 687/687/229
v -0.87584 0.07825 1.95000
vt 1.47500 0.53913
v -1.02416 -0.37825 1.95000
vt 1.47500 0.31087
v -0.87584 -0.37825 1.95000
vt 1.47500 0.31087
vn 0.00000 -0.00000 1.00000
f 688/688/230 689/689/230 690/690/230
v -0.87584 0.07825 1.95000
vt 1.47500 0.53913
v -1.14416 -0.29107 1.95000
vt 1.47500 0.35447
v -1.02416 -0.37825 1.95000
vt 1.47500 0.31087
vn 0.00000 -0.00000 1.00000
f 691/691/231 692/692/231 693/693/231
v -0.87584 0.07825 1.95000
vt 1.47500 0.53913
v -1.02416 0.07825 1.95000
vt 1.47500 0.53913
v -1.14416 -0.00893 1.95000
vt 1.47500 0.49553
vn 0.00000 -0.00000 1.00000
f 694/694/232 695/695/232 696/696/232
v -0.87584 0.07825 1.95000
vt 1.47500 0.53913
v -0.75584 -0.00893 1.95000
vt 1.47500 0.49553
v -0.75584 -0.00893 1.05000
vt 1.02500 0.49553
vn 0.58779 0.80902 -0.00000
f 697/697/233 698/698/233 699/699/233
v -0.87584 0.07825 1.95000
vt 1.47500 0.53913
v -0.75584 -0.00893 1.05000
vt 1.02500 0.49553
v -0.87584 0.07825 1.05000
vt 1.02500 0.53913
vn 0.58779 0.80902 -0.00000
f 700/700/234 701/701/234 702/702/234
v -0.87584 0.07825 1.95000
vt 1.47500 0.53913
v -0.87584 0.07825 1.05000
vt 1.02500 0.53913
v -1.02416 0.07825 1.05000
vt 1.02500 0.53913
vn -0.00000 1.00000 -0.00000
f 703/703/235 704/704/235 705/705/235
v -0.87584 0.07825 1.95000
vt 1.47500 0.53913
v -1.02416 0.07825 1.05000
vt 1.02500 0.53913
v -1.02416 0.07825 1.95000
vt 1.47500 0.53913
vn -0.00000 1.00000 -0.00000
f 706/706/236 707/707/236 708/708/236
v -1.23980 1.61600 -2.87500
vt -0.93750 1.30800
v -1.28980 1.61600 -2.87500
vt -0.93750 1.30800
v -1.28980 0.72720 -2.87500
vt -0.93750 0.86360
vn -0.00000 0.00000 1.00000
f 709/709/237 710/710/237 711/711/237
v -1.23980 1.61600 -2.87500
vt -0.93750 1.30800
v -1.28980 0.72720 -2.87500
vt -0.93750 0.86360
v -1.23980 0.72720 -2.87500
vt -0.93750 0.86360
vn -0.00000 0.00000 1.00000
f 712/712/238 713/713/238 714/714/238
v -1.23980 0.72720 -2.92500
vt -0.96250 0.86360
v -1.23980 0.72720 -2.87500
vt -0.93750 0.86360
v -1.28980 0.72720 -2.87500
vt -0.93750 0.86360
vn 0.00000 -1.00000 0.00000
f 715/715/239 716/716/239 717/717/239
v -1.23980 0.72720 -2.92500
vt -0.96250 0.86360
v -1.28980 0.72720 -2.87500
vt -0.93750 0.86360
v -1.28980 0.72720 -2.92500
vt -0.96250 0.86360
vn 0.00000 -1.00000 0.00000
f 718/718/240 719/719/240 720/720/240
v -1.23980 0.72720 -2.92500
vt -0.96250 0.86360
v -1.23980 1.61600 -2.87500
vt -0.93750 1.30800
v -1.23980 0.72720 -2.87500
vt -0.93750 0.86360
vn 1.00000 -0.00000 -0.00000
f 721/721/241 722/722/241 723/723/241
v -1.23980 0.72720 -2.92500
vt -0.96250 0.86360
v -1.23980 1.61600 -2.92500
vt -0.96250 1.30800
v -1.23980 1.61600 -2.87500
vt -0.93750 1.30800
vn 1.00000 -0.00000 -0.00000
f 724/724/242 725/725/242 726/726/242
v -1.28980 1.61600 -2.92500
vt -0.96250 1.30800
v -1.28980 0.72720 -2.87500
vt -0.93750 0.86360
v -1.28980 1.61600 -2.87500
vt -0.93750 1.30800
vn -1.00000 -0.00000 -0.00000
f 727/727/243 728/728/243 729/729/243
v -1.28980 1.61600 -2.92500
vt -0.96250 1.30800
v -1.28980 0.72720 -2.92500
vt -0.96250 0.86360
v -1.28980 0.72720 -2.87500
vt -0.93750 0.86360
vn -1.00000 -0.00000 -0.00000
f 730/730/244 731/731/244 732/732/244
v -1.28980 1.61600 -2.92500
vt -0.96250 1.30800
v -1.28980 1.61600 -2.87500
vt -0.93750 1.30800
v -1.23980 1.61600 -2.87500
vt -0.93750 1.30800
vn 0.00000 1.00000 0.00000
f 733/733/245 734/734/245 735/735/245
v -1.28980 1.61600 -2.92500
vt -0.96250 1.30800
v -1.23980 1.61600 -2.87500
vt -0.93750 1.30800
v -1.23980 1.61600 -2.92500
vt -0.96250 1.30800
vn 0.00000 1.00000 0.00000
f 736/736/246 737/737/246 738/738/246
v -1.28980 1.61600 -2.92500
vt -0.96250 1.30800
v -1.23980 0.72720 -2.92500
vt -0.96250 0.86360
v -1.28980 0.72720 -2.92500
vt -0.96250 0.86360
vn 0.00000 -0.00000 -1.00000
f 739/739/247 740/740/247 741/741/247
v -1.28980 1.61600 -2.92500
vt -0.96250 1.30800
v -1.23980 1.61600 -2.92500
vt -0.96250 1.30800
v -1.23980 0.72720 -2.92500
vt -0.96250 0.86360
vn 0.00000 -0.00000 -1.00000
f 742/742/248 743/743/248 744/744/248
v 1.28980 1.61600 -2.87500
vt -0.93750 1.30800
v 1.23980 1.61600 -2.87500
vt -0.93750 1.30800
v 1.23980 0.72720 -2.87500
vt -0.93750 0.86360
vn -0.00000 0.00000 1.00000
f 745/745/249 746/746/249 747/747/249
v 1.28980 1.61600 -2.87500
vt -0.93750 1.30800
v 1.23980 0.72720 -2.87500
vt -0.93750 0.86360
v 1.28980 0.72720 -2.87500
vt -0.93750 0.86360
vn -0.00000 0.00000 1.00000
f 748/748/250 749/749/250 750/750/250
v 1.28980 0.72720 -2.92500
vt -0.96250 0.86360
v 1.28980 0.72720 -2.87500
vt -0.93750 0.86360
v 1.23980 0.72720 -2.87500
vt -0.93750 0.86360
vn 0.00000 -1.00000 0.00000
f 751/751/251 752/752/251 753/753/251
v 1.28980 0.72720 -2.92500
vt -0.96250 0.86360
v 1.23980 0.72720 -2.87500
vt -0.93750 0.86360
v 1.23980 0.72720 -2.92500
vt -0.96250 0.86360
vn 0.00000 -1.00000 0.00000
f 754/754/252 755/755/252 756/756/252
v 1.28980 0.72720 -2.92500
vt -0.96250 0.86360
v 1.28980 1.61600 -2.87500
vt -0.93750 1.30800
v 1.28980 0.72720 -2.87500
vt -0.93750 0.86360
vn 1.00000 -0.00000 -0.00000
f 757/757/253 758/758/253 759/759/253
v 1.28980 0.72720 -2.92500
vt -0.96250 0.86360
v 1.28980 1.61600 -2.92500
vt -0.96250 1.30800
v 1.28980 1.61600 -2.87500
vt -0.93750 1.30800
vn 1.00000 -0.00000 -0.00000
f 760/760/254 761/761/254 762/762/254
v 1.23980 1.61600 -2.92500
vt -0.96250 1.30800
v 1.23980 0.72720 -2.87500
vt -0.93750 0.86360
v 1.23980 1.61600 -2.87500
vt -0.93750 1.30800
vn -1.00000 -0.00000 -0.00000
f 763/763/255 764/764/255 765/765/255
v 1.23980 1.61600 -2.92500
vt -0.96250 1.30800
v 1.23980 0.72720 -2.92500
vt -0.96250 0.86360
v 1.23980 0.72720 -2.87500
vt -0.93750 0.86360
vn -1.00000 -0.00000 -0.00000
f 766/766/256 767/767/256 768/768/256
v 1.23980 1.61600 -2.92500
vt -0.96250 1.30800
v 1.23980 1.61600 -2.87500
vt -0.93750 1.30800
v 1.28980 1.61600 -2.87500
vt -0.93750 1.30800
vn 0.00000 1.00000 0.00000
f 769/769/257 770/770/257 771/771/257
v 1.23980 1.61600 -2.92500
vt -0.96250 1.30800
v 1.28980 1.61600 -2.87500
vt -0.93750 1.30800
v 1.28980 1.61600 -2.92500
vt -0.96250 1.30800
vn 0.00000 1.00000 0.00000
f 772/772/258 773/773/258 774/774/258
v 1.23980 1.61600 -2.92500
vt -0.96250 1.30800
v 1.28980 0.72720 -2.92500
vt -0.96250 0.86360
v 1.23980 0.72720 -2.92500
vt -0.96250 0.86360
vn 0.00000 -0.00000 -1.00000
f 775/775/259 776/776/259 777/777/259
v 1.23980 1.61600 -2.92500
vt -0.96250 1.30800
v 1.28980 1.61600 -2.92500
vt -0.96250 1.30800
v 1.28980 0.72720 -2.92500
vt -0.96250 0.86360
vn 0.00000 -0.00000 -1.00000
f 778/778/260 779/779/260 780/780/260
v -1.04165 2.05270 -2.87500
vt -0.93750 1.52635
v -1.28645 1.62850 -2.87500
vt -0.93750 1.31425
v -1.24315 1.60350 -2.87500
vt -0.93750 1.30175
vn 0.00000 -0.00000 1.00000
f 781/781/261 782/782/261 783/783/261
v -1.04165 2.05270 -2.87500
vt -0.93750 1.52635
v -1.24315 1.60350 -2.87500
vt -0.93750 1.30175
v -0.99835 2.02770 -2.87500
vt -0.93750 1.51385
vn 0.00000 -0.00000 1.00000
f 784/784/262 785/785/262 786/786/262
v -1.24315 1.60350 -2.92500
vt -0.96250 1.30175
v -1.24315 1.60350 -2.87500
vt -0.93750 1.30175
v -1.28645 1.62850 -2.87500
vt -0.93750 1.31425
vn -0.49983 -0.86612 0.00000
f 787/787/263 788/788/263 789/789/263
v -1.24315 1.60350 -2.92500
vt -0.96250 1.30175
v -1.28645 1.62850 -2.87500
vt -0.93750 1.31425
v -1.28645 1.62850 -2.92500
vt -0.96250 1.31425
vn -0.49983 -0.86612 0.00000
f 790/790/264 791/791/264 792/792/264
v -1.04165 2.05270 -2.92500
vt -0.96250 1.52635
v -1.28645 1.62850 -2.87500
vt -0.93750 1.31425
v -1.04165 2.05270 -2.87500
vt -0.93750 1.52635
vn -0.86612 0.49983 0.00000
f 793/793/265 794/794/265 795/795/265
v -1.04165 2.05270 -2.92500
vt -0.96250 1.52635
v -1.28645 1.62850 -2.92500
vt -0.96250 1.31425
v -1.28645 1.62850 -2.87500
vt -0.93750 1.31425
vn -0.86612 0.49983 0.00000
f 796/796/266 797/797/266 798/798/266
v -0.99835 2.02770 -2.92500
vt -0.96250 1.51385
v -0.99835 2.02770 -2.87500
vt -0.93750 1.51385
v -1.24315 1.60350 -2.87500
vt -0.93750 1.30175
vn 0.86612 -0.49983 0.00000
f 799/799/267 800/800/267 801/801/267
v -0.99835 2.02770 -2.92500
vt -0.96250 1.51385
v -1.24315 1.60350 -2.87500
vt -0.93750 1.30175
v -1.24315 1.60350 -2.92500
vt -0.96250 1.30175
vn 0.86612 -0.49983 0.00000
f 802/802/268 803/803/268 804/804/268
v -0.99835 2.02770 -2.92500
vt -0.96250 1.51385
v -1.04165 2.05270 -2.87500
vt -0.93750 1.52635
v -0.99835 2.02770 -2.87500
vt -0.93750 1.51385
vn 0.49983 0.86612 0.00000
f 805/805/269 806/806/269 807/807/269
v -0.99835 2.02770 -2.92500
vt -0.96250 1.51385
v -1.04165 2.05270 -2.92500
vt -0.96250 1.52635
v -1.04165 2.05270 -2.87500
vt -0.93750 1.52635
vn 0.49983 0.86612 0.00000
f 808/808/270 809/809/270 810/810/270
v -0.99835 2.02770 -2.92500
vt -0.96250 1.51385
v -1.24315 1.60350 -2.92500
vt -0.96250 1.30175
v -1.28645 1.62850 -2.92500
vt -0.96250 1.31425
vn -0.00000 0.00000 -1.00000
f 811/811/271 812/812/271 813/813/271
v -0.99835 2.02770 -2.92500
vt -0.96250 1.51385
v -1.28645 1.62850 -2.92500
vt -0.96250 1.31425
v -1.04165 2.05270 -2.92500
vt -0.96250 1.52635
vn -0.00000 0.00000 -1.00000
f 814/814/272 815/815/272 816/816/272
v 1.04165 2.05270 -2.92500
vt -0.96250 1.52635
v 1.24315 1.60350 -2.92500
vt -0.96250 1.30175
v 0.99835 2.02770 -2.92500
vt -0.96250 1.51385
vn -0.00000 0.00000 -1.00000
f 817/817/273 818/818/273 819/819/273
v 1.04165 2.05270 -2.92500
vt -0.96250 1.52635
v 1.28645 1.62850 -2.92500
vt -0.96250 1.31425
v 1.24315 1.60350 -2.92500
vt -0.96250 1.30175
vn -0.00000 0.00000 -1.00000
f 820/820/274 821/821/274 822/822/274
v 1.24315 1.60350 -2.87500
vt -0.93750 1.30175
v 1.24315 1.60350 -2.92500
vt -0.96250 1.30175
v 1.28645 1.62850 -2.92500
vt -0.96250 1.31425
vn 0.49983 -0.86612 -0.00000
f 823/823/275 824/824/275 825/825/275
v 1.24315 1.60350 -2.87500
vt -0.93750 1.30175
v 1.28645 1.62850 -2.92500
vt -0.96250 1.31425
v 1.28645 1.62850 -2.87500
vt -0.93750 1.31425
vn 0.49983 -0.86612 -0.00000
f 826/826/276 827/827/276 828/828/276
v 1.04165 2.05270 -2.87500
vt -0.93750 1.52635
v 1.28645 1.62850 -2.92500
vt -0.96250 1.31425
v 1.04165 2.05270 -2.92500
vt -0.96250 1.52635
vn 0.86612 0.49983 0.00000
f 829/829/277 830/830/277 831/831/277
v 1.04165 2.05270 -2.87500
vt -0.93750 1.52635
v 1.28645 1.62850 -2.87500
vt -0.93750 1.31425
v 1.28645 1.62850 -2.92500
vt -0.96250 1.31425
vn 0.86612 0.49983 0.00000
f 832/832/278 833/833/278 834/834/278
v 0.99835 2.02770 -2.87500
vt -0.93750 1.51385
v 0.99835 2.02770 -2.92500
vt -0.96250 1.51385
v 1.24315 1.60350 -2.92500
vt -0.96250 1.30175
vn -0.86612 -0.49983 -0.00000
f 835/835/279 836/836/279 837/837/279
v 0.99835 2.02770 -2.87500
vt -0.93750 1.51385
v 1.24315 1.60350 -2.92500
vt -0.96250 1.30175
v 1.24315 1.60350 -2.87500
vt -0.93750 1.30175
vn -0.86612 -0.49983 -0.00000
f 838/838/280 839/839/280 840/840/280
v 0.99835 2.02770 -2.87500
vt -0.93750 1.51385
v 1.04165 2.05270 -2.92500
vt -0.96250 1.52635
v 0.99835 2.02770 -2.92500
vt -0.96250 1.51385
vn -0.49983 0.86612 0.00000
f 841/841/281 842/842/281 843/843/281
v 0.99835 2.02770 -2.87500
vt -0.93750 1.51385
v 1.04165 2.05270 -2.87500
vt -0.93750 1.52635
v 1.04165 2.05270 -2.92500
vt -0.96250 1.52635
vn -0.49983 0.86612 0.00000
f 844/844/282 845/845/282 846/846/282
v 0.99835 2.02770 -2.87500
vt -0.93750 1.51385
v 1.24315 1.60350 -2.87500
vt -0.93750 1.30175
v 1.28645 1.62850 -2.87500
vt -0.93750 1.31425
vn -0.00000 0.00000 1.00000
f 847/847/283 848/848/283 849/849/283
v 0.99835 2.02770 -2.87500
vt -0.93750 1.51385
v 1.28645 1.62850 -2.87500
vt -0.93750 1.31425
v 1.04165 2.05270 -2.87500
vt -0.93750 1.52635
vn -0.00000 0.00000 1.00000
f 850/850/284 851/851/284 852/852/284
v -0.57107 2.26508 -2.87500
vt -0.93750 1.63254
v -1.03007 2.06308 -2.87500
vt -0.93750 1.53154
v -1.00993 2.01732 -2.87500
vt -0.93750 1.50866
vn 0.00000 -0.00000 1.00000
f 853/853/285 854/854/285 855/855/285
v -0.57107 2.26508 -2.87500
vt -0.93750 1.63254
v -1.00993 2.01732 -2.87500
vt -0.93750 1.50866
v -0.55093 2.21932 -2.87500
vt -0.93750 1.60966
vn 0.00000 -0.00000 1.00000
f 856/856/286 857/857/286 858/858/286
v -1.00993 2.01732 -2.92500
vt -0.96250 1.50866
v -1.00993 2.01732 -2.87500
vt -0.93750 1.50866
v -1.03007 2.06308 -2.87500
vt -0.93750 1.53154
vn -0.91529 -0.40281 0.00000
f 859/859/287 860/860/287 861/861/287
v -1.00993 2.01732 -2.92500
vt -0.96250 1.50866
v -1.03007 2.06308 -2.87500
vt -0.93750 1.53154
v -1.03007 2.06308 -2.92500
vt -0.96250 1.53154
vn -0.91529 -0.40281 0.00000
f 862/862/288 863/863/288 864/864/288
v -0.57107 2.26508 -2.92500
vt -0.96250 1.63254
v -1.03007 2.06308 -2.87500
vt -0.93750 1.53154
v -0.57107 2.26508 -2.87500
vt -0.93750 1.63254
vn -0.40281 0.91529 0.00000
f 865/865/289 866/866/289 867/867/289
v -0.57107 2.26508 -2.92500
vt -0.96250 1.63254
v -1.03007 2.06308 -2.92500
vt -0.96250 1.53154
v -1.03007 2.06308 -2.87500
vt -0.93750 1.53154
vn -0.40281 0.91529 0.00000
f 868/868/290 869/869/290 870/870/290
v -0.55093 2.21932 -2.92500
vt -0.96250 1.60966
v -0.55093 2.21932 -2.87500
vt -0.93750 1.60966
v -1.00993 2.01732 -2.87500
vt -0.93750 1.50866
vn 0.40281 -0.91529 0.00000
f 871/871/291 872/872/291 873/873/291
v -0.55093 2.21932 -2.92500
vt -0.96250 1.60966
v -1.00993 2.01732 -2.87500
vt -0.93750 1.50866
v -1.00993 2.01732 -2.92500
vt -0.96250 1.50866
vn 0.40281 -0.91529 0.00000
f 874/874/292 875/875/292 876/876/292
v -0.55093 2.21932 -2.92500
vt -0.96250 1.60966
v -0.57107 2.26508 -2.87500
vt -0.93750 1.63254
v -0.55093 2.21932 -2.87500
vt -0.93750 1.60966
vn 0.91529 0.40281 0.00000
f 877/877/293 878/878/293 879/879/293
v -0.55093 2.21932 -2.92500
vt -0.96250 1.60966
v -0.57107 2.26508 -2.92500
vt -0.96250 1.63254
v -0.57107 2.26508 -2.87500
vt -0.93750 1.63254
vn 0.91529 0.40281 0.00000
f 880/880/294 881/881/294 882/882/294
v -0.55093 2.21932 -2.92500
vt -0.96250 1.60966
v -1.00993 2.01732 -2.92500
vt -0.96250 1.50866
v -1.03007 2.06308 -2.92500
vt -0.96250 1.53154
vn -0.00000 0.00000 -1.00000
f 883/883/295 884/884/295 885/885/295
v -0.55093 2.21932 -2.92500
vt -0.96250 1.60966
v -1.03007 2.06308 -2.92500
vt -0.96250 1.53154
v -0.57107 2.26508 -2.92500
vt -0.96250 1.63254
vn -0.00000 0.00000 -1.00000
f 886/886/296 887/887/296 888/888/296
v 0.57107 2.26508 -2.92500
vt -0.96250 1.63254
v 1.00993 2.01732 -2.92500
vt -0.96250 1.50866
v 0.55093 2.21932 -2.92500
vt -0.96250 1.60966
vn -0.00000 0.00000 -1.00000
f 889/889/297 890/890/297 891/891/297
v 0.57107 2.26508 -2.92500
vt -0.96250 1.63254
v 1.03007 2.06308 -2.92500
vt -0.96250 1.53154
v 1.00993 2.01732 -2.92500
vt -0.96250 1.50866
vn -0.00000 0.00000 -1.00000
f 892/892/298 893/893/298 894/894/298
v 1.00993 2.01732 -2.87500
vt -0.93750 1.50866
v 1.00993 2.01732 -2.92500
vt -0.96250 1.50866
v 1.03007 2.06308 -2.92500
vt -0.96250 1.53154
vn 0.91529 -0.40281 -0.00000
f 895/895/299 896/896/299 897/897/299
v 1.00993 2.01732 -2.87500
vt -0.93750 1.50866
v 1.03007 2.06308 -2.92500
vt -0.96250 1.53154
v 1.03007 2.06308 -2.87500
vt -0.93750 1.53154
vn 0.91529 -0.40281 -0.00000
f 898/898/300 899/899/300 900/900/300
v 1.00993 2.01732 -2.87500
vt -0.93750 1.50866
v 0.55093 2.21932 -2.92500
vt -0.96250 1.60966
v 1.00993 2.01732 -2.92500
vt -0.96250 1.50866
vn -0.40281 -0.91529 -0.00000
f 901/901/301 902/902/301 903/903/301
v 1.00993 2.01732 -2.87500
vt -0.93750 1.50866
v 0.55093 2.21932 -2.87500
vt -0.93750 1.60966
v 0.55093 2.21932 -2.92500
vt -0.96250 1.60966
vn -0.40281 -0.91529 -0.00000
f 904/904/302 905/905/302 906/906/302
v 0.57107 2.26508 -2.87500
vt -0.93750 1.63254
v 1.03007 2.06308 -2.92500
vt -0.96250 1.53154
v 0.57107 2.26508 -2.92500
vt -0.96250 1.63254
vn 0.40281 0.91529 0.00000
f 907/907/303 908/908/303 909/909/303
v 0.57107 2.26508 -2.87500
vt -0.93750 1.63254
v 1.03007 2.06308 -2.87500
vt -0.93750 1.53154
v 1.03007 2.06308 -2.92500
vt -0.96250 1.53154
vn 0.40281 0.91529 0.00000
f 910/910/304 911/911/304 912/912/304
v 0.57107 2.26508 -2.87500
vt -0.93750 1.63254
v 1.00993 2.01732 -2.87500
vt -0.93750 1.50866
v 1.03007 2.06308 -2.87500
vt -0.93750 1.53154
vn 0.00000 -0.00000 1.00000
f 913/913/305 914/914/305 915/915/305
v 0.57107 2.26508 -2.87500
vt -0.93750 1.63254
v 0.55093 2.21932 -2.87500
vt -0.93750 1.60966
v 1.00993 2.01732 -2.87500
vt -0.93750 1.50866
vn 0.00000 -0.00000 1.00000
f 916/916/306 917/917/306 918/918/306
v 0.57107 2.26508 -2.87500
vt -0.93750 1.63254
v 0.57107 2.26508 -2.92500
vt -0.96250 1.63254
v 0.55093 2.21932 -2.92500
vt -0.96250 1.60966
vn -0.91529 0.40281 0.00000
f 919/919/307 920/920/307 921/921/307
v 0.57107 2.26508 -2.87500
vt -0.93750 1.63254
v 0.55093 2.21932 -2.92500
vt -0.96250 1.60966
v 0.55093 2.21932 -2.87500
vt -0.93750 1.60966
vn -0.91529 0.40281 0.00000
f 922/922/308 923/923/308 924/924/308
v -0.00268 2.32766 -2.87500
vt -0.93750 1.66383
v -0.56368 2.26706 -2.87500
vt -0.93750 1.63353
v -0.55832 2.21734 -2.87500
vt -0.93750 1.60867
vn 0.00000 -0.00000 1.00000
f 925/925/309 926/926/309 927/927/309
v -0.00268 2.32766 -2.87500
vt -0.93750 1.66383
v -0.55832 2.21734 -2.87500
vt -0.93750 1.60867
v 0.00268 2.27794 -2.87500
vt -0.93750 1.63897
vn 0.00000 -0.00000 1.00000
f 928/928/310 929/929/310 930/930/310
v -0.55832 2.21734 -2.92500
vt -0.96250 1.60867
v -0.55832 2.21734 -2.87500
vt -0.93750 1.60867
v -0.56368 2.26706 -2.87500
vt -0.93750 1.63353
vn -0.99422 -0.10740 0.00000
f 931/931/311 932/932/311 933/933/311
v -0.55832 2.21734 -2.92500
vt -0.96250 1.60867
v -0.56368 2.26706 -2.87500
vt -0.93750 1.63353
v -0.56368 2.26706 -2.92500
vt -0.96250 1.63353
vn -0.99422 -0.10740 0.00000
f 934/934/312 935/935/312 936/936/312
v -0.00268 2.32766 -2.92500
vt -0.96250 1.66383
v -0.56368 2.26706 -2.87500
vt -0.93750 1.63353
v -0.00268 2.32766 -2.87500
vt -0.93750 1.66383
vn -0.10740 0.99422 0.00000
f 937/937/313 938/938/313 939/939/313
v -0.00268 2.32766 -2.92500
vt -0.96250 1.66383
v -0.56368 2.26706 -2.92500
vt -0.96250 1.63353
v -0.56368 2.26706 -2.87500
vt -0.93750 1.63353
vn -0.10740 0.99422 0.00000
f 940/940/314 941/941/314 942/942/314
v 0.00268 2.27794 -2.92500
vt -0.96250 1.63897
v 0.00268 2.27794 -2.87500
vt -0.93750 1.63897
v -0.55832 2.21734 -2.87500
vt -0.93750 1.60867
vn 0.10740 -0.99422 0.00000
f 943/943/315 944/944/315 945/945/315
v 0.00268 2.27794 -2.92500
vt -0.96250 1.63897
v -0.55832 2.21734 -2.87500
vt -0.93750 1.60867
v -0.55832 2.21734 -2.92500
vt -0.96250 1.60867
vn 0.10740 -0.99422 0.00000
f 946/946/316 947/947/316 948/948/316
v 0.00268 2.27794 -2.92500
vt -0.96250 1.63897
v -0.00268 2.32766 -2.87500
vt -0.93750 1.66383
v 0.00268 2.27794 -2.87500
vt -0.93750 1.63897
vn 0.99422 0.10740 0.00000
f 949/949/317 950/950/317 951/951/317
v 0.00268 2.27794 -2.92500
vt -0.96250 1.63897
v -0.00268 2.32766 -2.92500
vt -0.96250 1.66383
v -0.00268 2.32766 -2.87500
vt -0.93750 1.66383
vn 0.99422 0.10740 0.00000
f 952/952/318 953/953/318 954/954/318
v 0.00268 2.27794 -2.92500
vt -0.96250 1.63897
v -0.55832 2.21734 -2.92500
vt -0.96250 1.60867
v -0.56368 2.26706 -2.92500
vt -0.96250 1.63353
vn -0.00000 0.00000 -1.00000
f 955/955/319 956/956/319 957/957/319
v 0.00268 2.27794 -2.92500
vt -0.96250 1.63897
v -0.56368 2.26706 -2.92500
vt -0.96250 1.63353
v -0.00268 2.32766 -2.92500
vt -0.96250 1.66383
vn -0.00000 0.00000 -1.00000
f 958/958/320 959/959/320 960/960/320
v 0.00268 2.32766 -2.92500
vt -0.96250 1.66383
v 0.55832 2.21734 -2.92500
vt -0.96250 1.60867
v -0.00268 2.27794 -2.92500
vt -0.96250 1.63897
vn -0.00000 0.00000 -1.00000
f 961/961/321 962/962/321 963/963/321
v 0.00268 2.32766 -2.92500
vt -0.96250 1.66383
v 0.56368 2.26706 -2.92500
vt -0.96250 1.63353
v 0.55832 2.21734 -2.92500
vt -0.96250 1.60867
vn -0.00000 0.00000 -1.00000
f 964/964/322 965/965/322 966/966/322
v 0.55832 2.21734 -2.87500
vt -0.93750 1.60867
v 0.55832 2.21734 -2.92500
vt -0.96250 1.60867
v 0.56368 2.26706 -2.92500
vt -0.96250 1.63353
vn 0.99422 -0.10740 -0.00000
f 967/967/323 968/968/323 969/969/323
v 0.55832 2.21734 -2.87500
vt -0.93750 1.60867
v 0.56368 2.26706 -2.92500
vt -0.96250 1.63353
v 0.56368 2.26706 -2.87500
vt -0.93750 1.63353
vn 0.99422 -0.10740 -0.00000
f 970/970/324 971/971/324 972/972/324
v 0.55832 2.21734 -2.87500
vt -0.93750 1.60867
v -0.00268 2.27794 -2.92500
vt -0.96250 1.63897
v 0.55832 2.21734 -2.92500
vt -0.96250 1.60867
vn -0.10740 -0.99422 -0.00000
f 973/973/325 974/974/325 975/975/325
v 0.55832 2.21734 -2.87500
vt -0.93750 1.60867
v -0.00268 2.27794 -2.87500
vt -0.93750 1.63897
v -0.00268 2.27794 -2.92500
vt -0.96250 1.63897
vn -0.10740 -0.99422 -0.00000
f 976/976/326 977/977/326 978/978/326
v 0.00268 2.32766 -2.87500
vt -0.93750 1.66383
v 0.56368 2.26706 -2.92500
vt -0.96250 1.63353
v 0.00268 2.32766 -2.92500
vt -0.96250 1.66383
vn 0.10740 0.99422 0.00000
f 979/979/327 980/980/327 981/981/327
v 0.00268 2.32766 -2.87500
vt -0.93750 1.66383
v 0.56368 2.26706 -2.87500
vt -0.93750 1.63353
v 0.56368 2.26706 -2.92500
vt -0.96250 1.63353
vn 0.10740 0.99422 0.00000
f 982/982/328 983/983/328 984/984/328
v 0.00268 2.32766 -2.87500
vt -0.93750 1.66383
v 0.55832 2.21734 -2.87500
vt -0.93750 1.60867
v 0.56368 2.26706 -2.87500
vt -0.93750 1.63353
vn 0.00000 -0.00000 1.00000
f 985/985/329 986/986/329 987/987/329
v 0.00268 2.32766 -2.87500
vt -0.93750 1.66383
v -0.00268 2.27794 -2.87500
vt -0.93750 1.63897
v 0.55832 2.21734 -2.87500
vt -0.93750 1.60867
vn 0.00000 -0.00000 1.00000
f 988/988/330 989/989/330 990/990/330
v 0.00268 2.32766 -2.87500
vt -0.93750 1.66383
v 0.00268 2.32766 -2.92500
vt -0.96250 1.66383
v -0.00268 2.27794 -2.92500
vt -0.96250 1.63897
vn -0.99422 0.10740 0.00000
f 991/991/331 992/992/331 993/993/331
v 0.00268 2.32766 -2.87500
vt -0.93750 1.66383
v -0.00268 2.27794 -2.92500
vt -0.96250 1.63897
v -0.00268 2.27794 -2.87500
vt -0.93750 1.63897
vn -0.99422 0.10740 0.00000
f 994/994/332 995/995/332 996/996/332
v -1.23980 1.61600 -1.82500
vt -0.41250 1.30800
v -1.28980 1.61600 -1.82500
vt -0.41250 1.30800
v -1.28980 0.72720 -1.82500
vt -0.41250 0.86360
vn -0.00000 0.00000 1.00000
f 997/997/333 998/998/333 999/999/333
v -1.23980 1.61600 -1.82500
vt -0.41250 1.30800
v -1.28980 0.72720 -1.82500
vt -0.41250 0.86360
v -1.23980 0.72720 -1.82500
vt -0.41250 0.86360
vn -0.00000 0.00000 1.00000
f 1000/1000/334 1001/1001/334 1002/1002/334
v -1.23980 0.72720 -1.87500
vt -0.43750 0.86360
v -1.23980 0.72720 -1.82500
vt -0.41250 0.86360
v -1.28980 0.72720 -1.82500
vt -0.41250 0.86360
vn 0.00000 -1.00000 0.00000
f 1003/1003/335 1004/1004/335 1005/1005/335
v -1.23980 0.72720 -1.87500
vt -0.43750 0.86360
v -1.28980 0.72720 -1.82500
vt -0.41250 0.86360
v -1.28980 0.72720 -1.87500
vt -0.43750 0.86360
vn 0.00000 -1.00000 0.00000
f 1006/1006/336 1007/1007/336 1008/1008/336
v -1.23980 0.72720 -1.87500
vt -0.43750 0.86360
v -1.23980 1.61600 -1.82500
vt -0.41250 1.30800
v -1.23980 0.72720 -1.82500
vt -0.41250 0.86360
vn 1.00000 -0.00000 -0.00000
f 1009/1009/337 1010/1010/337 1011/1011/337
v -1.23980 0.72720 -1.87500
vt -0.43750 0.86360
v -1.23980 1.61600 -1.87500
vt -0.43750 1.30800
v -1.23980 1.61600 -1.82500
vt -0.41250 1.30800
vn 1.00000 -0.00000 -0.00000
f 1012/1012/338 1013/1013/338 1014/1014/338
v -1.28980 1.61600 -1.87500
vt -0.43750 1.30800
v -1.28980 0.72720 -1.82500
vt -0.41250 0.86360
v -1.28980 1.61600 -1.82500
vt -0.41250 1.30800
vn -1.00000 -0.00000 -0.00000
f 1015/1015/339 1016/1016/339 1017/1017/339
v -1.28980 1.61600 -1.87500
vt -0.43750 1.30800
v -1.28980 0.72720 -1.87500
vt -0.43750 0.86360
v -1.28980 0.72720 -1.82500
vt -0.41250 0.86360
vn -1.00000 -0.00000 -0.00000
f 1018/1018/340 1019/1019/340 1020/1020/340
v -1.28980 1.61600 -1.87500
vt -0.43750 1.30800
v -1.28980 1.61600 -1.82500
vt -0.41250 1.30800
v -1.23980 1.61600 -1.82500
vt -0.41250 1.30800
vn 0.00000 1.00000 0.00000
f 1021/1021/341 1022/1022/341 1023/1023/341
v -1.28980 1.61600 -1.87500
vt -0.43750 1.30800
v -1.23980 1.61600 -1.82500
vt -0.41250 1.30800
v -1.23980 1.61600 -1.87500
vt -0.43750 1.30800
vn 0.00000 1.00000 0.00000
f 1024/1024/342 1025/1025/342 1026/1026/342
v -1.28980 1.61600 -1.87500
vt -0.43750 1.30800
v -1.23980 0.72720 -1.87500
vt -0.43750 0.86360
v -1.28980 0.72720 -1.87500
vt -0.43750 0.86360
vn 0.00000 -0.00000 -1.00000
f 1027/1027/343 1028/1028/343 1029/1029/343
v -1.28980 1.61600 -1.87500
vt -0.43750 1.30800
v -1.23980 1.61600 -1.87500
vt -0.43750 1.30800
v -1.23980 0.72720 -1.87500
vt -0.43750 0.86360
vn 0.00000 -0.00000 -1.00000
f 1030/1030/344 1031/1031/344 1032/1032/344
v 1.28980 1.61600 -1.82500
vt -0.41250 1.30800
v 1.23980 1.61600 -1.82500
vt -0.41250 1.30800
v 1.23980 0.72720 -1.82500
vt -0.41250 0.86360
vn -0.00000 0.00000 1.00000
f 1033/1033/345 1034/1034/345 1035/1035/345
v 1.28980 1.61600 -1.82500
vt -0.41250 1.30800
v 1.23980 0.72720 -1.82500
vt -0.41250 0.86360
v 1.28980 0.72720 -1.82500
vt -0.41250 0.86360
vn -0.00000 0.00000 1.00000
f 1036/1036/346 1037/1037/346 1038/1038/346
v 1.28980 0.72720 -1.87500
vt -0.43750 0.86360
v 1.28980 0.72720 -1.82500
vt -0.41250 0.86360
v 1.23980 0.72720 -1.82500
vt -0.41250 0.86360
vn 0.00000 -1.00000 0.00000
f 1039/1039/347 1040/1040/347 1041/1041/347
v 1.28980 0.72720 -1.87500
vt -0.43750 0.86360
v 1.23980 0.72720 -1.82500
vt -0.41250 0.86360
v 1.23980 0.72720 -1.87500
vt -0.43750 0.86360
vn 0.00000 -1.00000 0.00000
f 1042/1042/348 1043/1043/348 1044/1044/348
v 1.28980 0.72720 -1.87500
vt -0.43750 0.86360
v 1.28980 1.61600 -1.82500
vt -0.41250 1.30800
v 1.28980 0.72720 -1.82500
vt -0.41250 0.86360
vn 1.00000 -0.00000 -0.00000
f 1045/1045/349 1046/1046/349 1047/1047/349
v 1.28980 0.72720 -1.87500
vt -0.43750 0.86360
v 1.28980 1.61600 -1.87500
vt -0.43750 1.30800
v 1.28980 1.61600 -1.82500
vt -0.41250 1.30800
vn 1.00000 -0.00000 -0.00000
f 1048/1048/350 1049/1049/350 1050/1050/350
v 1.23980 1.61600 -1.87500
vt -0.43750 1.30800
v 1.23980 0.72720 -1.82500
vt -0.41250 0.86360
v 1.23980 1.61600 -1.82500
vt -0.41250 1.30800
vn -1.00000 -0.00000 -0.00000
f 1051/1051/351 1052/1052/351 1053/1053/351
v 1.23980 1.61600 -1.87500
vt -0.43750 1.30800
v 1.23980 0.72720 -1.87500
vt -0.43750 0.86360
v 1.23980 0.72720 -1.82500
vt -0.41250 0.86360
vn -1.00000 -0.00000 -0.00000
f 1054/1054/352 1055/1055/352 1056/1056/352
v 1.23980 1.61600 -1.87500
vt -0.43750 1.30800
v 1.23980 1.61600 -1.82500
vt -0.41250 1.30800
v 1.28980 1.61600 -1.82500
vt -0.41250 1.30800
vn 0.00000 1.00000 0.00000
f 1057/1057/353 1058/1058/353 1059/1059/353
v 1.23980 1.61600 -1.87500
vt -0.43750 1.30800
v 1.28980 1.61600 -1.82500
vt -0.41250 1.30800
v 1.28980 1.61600 -1.87500
vt -0.43750 1.30800
vn 0.00000 1.00000 0.00000
f 1060/1060/354 1061/1061/354 1062/1062/354
v 1.23980 1.61600 -1.87500
vt -0.43750 1.30800
v 1.28980 0.72720 -1.87500
vt -0.43750 0.86360
v 1.23980 0.72720 -1.87500
vt -0.43750 0.86360
vn 0.00000 -0.00000 -1.00000
f 1063/1063/355 1064/1064/355 1065/1065/355
v 1.23980 1.61600 -1.87500
vt -0.43750 1.30800
v 1.28980 1.61600 -1.87500
vt -0.43750 1.30800
v 1.28980 0.72720 -1.87500
vt -0.43750 0.86360
vn 0.00000 -0.00000 -1.00000
f 1066/1066/356 1067/1067/356 1068/1068/356
v -1.04165 2.05270 -1.82500
vt -0.41250 1.52635
v -1.28645 1.62850 -1.82500
vt -0.41250 1.31425
v -1.24315 1.60350 -1.82500
vt -0.41250 1.30175
vn 0.00000 -0.00000 1.00000
f 1069/1069/357 1070/1070/357 1071/1071/357
v -1.04165 2.05270 -1.82500
vt -0.41250 1.52635
v -1.24315 1.60350 -1.82500
vt -0.41250 1.30175
v -0.99835 2.02770 -1.82500
vt -0.41250 1.51385
vn 0.00000 -0.00000 1.00000
f 1072/1072/358 1073/1073/358 1074/1074/358
v -1.24315 1.60350 -1.87500
vt -0.43750 1.30175
v -1.24315 1.60350 -1.82500
vt -0.41250 1.30175
v -1.28645 1.62850 -1.82500
vt -0.41250 1.31425
vn -0.49983 -0.86612 0.00000
f 1075/1075/359 1076/1076/359 1077/1077/359
v -1.24315 1.60350 -1.87500
vt -0.43750 1.30175
v -1.28645 1.62850 -1.82500
vt -0.41250 1.31425
v -1.28645 1.62850 -1.87500
vt -0.43750 1.31425
vn -0.49983 -0.86612 0.00000
f 1078/1078/360 1079/1079/360 1080/1080/360
v -1.04165 2.05270 -1.87500
vt -0.43750 1.52635
v -1.28645 1.62850 -1.82500
vt -0.41250 1.31425
v -1.04165 2.05270 -1.82500
vt -0.41250 1.52635
vn -0.86612 0.49983 0.00000
f 1081/1081/361 1082/1082/361 1083/1083/361
v -1.04165 2.05270 -1.87500
vt -0.43750 1.52635
v -1.28645 1.62850 -1.87500
vt -0.43750 1.31425
v -1.28645 1.62850 -1.82500
vt -0.41250 1.31425
vn -0.86612 0.49983 0.00000
f 1084/1084/362 1085/1085/362 1086/1086/362
v -0.99835 2.02770 -1.87500
vt -0.43750 1.51385
v -0.99835 2.02770 -1.82500
vt -0.41250 1.51385
v -1.24315 1.60350 -1.82500
vt -0.41250 1.30175
vn 0.86612 -0.49983 0.00000
f 1087/1087/363 1088/1088/363 1089/1089/363
v -0.99835 2.02770 -1.87500
vt -0.43750 1.51385
v -1.24315 1.60350 -1.82500
vt -0.41250 1.30175
v -1.24315 1.60350 -1.87500
vt -0.43750 1.30175
vn 0.86612 -0.49983 0.00000
f 1090/1090/364 1091/1091/364 1092/1092/364
v -0.99835 2.02770 -1.87500
vt -0.43750 1.51385
v -1.04165 2.05270 -1.82500
vt -0.41250 1.52635
v -0.99835 2.02770 -1.82500
vt -0.41250 1.51385
vn 0.49983 0.86612 0.00000
f 1093/1093/365 1094/1094/365 1095/1095/365
v -0.99835 2.02770 -1.87500
vt -0.43750 1.51385
v -1.04165 2.05270 -1.87500
vt -0.43750 1.52635
v -1.04165 2.05270 -1.82500
vt -0.41250 1.52635
vn 0.49983 0.86612 0.00000
f 1096/1096/366 1097/1097/366 1098/1098/366
v -0.99835 2.02770 -1.87500
vt -0.43750 1.51385
v -1.24315 1.60350 -1.87500
vt -0.43750 1.30175
v -1.28645 1.62850 -1.87500
vt -0.43750 1.31425
vn -0.00000 0.00000 -1.00000
f 1099/1099/367 1100/1100/367 1101/1101/367
v -0.99835 2.02770 -1.87500
vt -0.43750 1.51385
v -1.28645 1.62850 -1.87500
vt -0.43750 1.31425
v -1.04165 2.05270 -1.87500
vt -0.43750 1.52635
vn -0.00000 0.00000 -1.00000
f 1102/1102/368 1103/1103/368 1104/1104/368
v 1.04165 2.05270 -1.87500
vt -0.43750 1.52635
v 1.24315 1.60350 -1.87500
vt -0.43750 1.30175
v 0.99835 2.02770 -1.87500
vt -0.43750 1.51385
vn -0.00000 0.00000 -1.00000
f 1105/1105/369 1106/1106/369 1107/1107/369
v 1.04165 2.05270 -1.87500
vt -0.43750 1.52635
v 1.28645 1.62850 -1.87500
vt -0.43750 1.31425
v 1.24315 1.60350 -1.87500
vt -0.43750 1.30175
vn -0.00000 0.00000 -1.00000
f 1108/1108/370 1109/1109/370 1110/1110/370
v 1.24315 1.60350 -1.82500
vt -0.41250 1.30175
v 1.24315 1.60350 -1.87500
vt -0.43750 1.30175
v 1.28645 1.62850 -1.87500
vt -0.43750 1.31425
vn 0.49983 -0.86612 -0.00000
f 1111/1111/371 1112/1112/371 1113/1113/371
v 1.24315 1.60350 -1.82500
vt -0.41250 1.30175
v 1.28645 1.62850 -1.87500
vt -0.43750 1.31425
v 1.28645 1.62850 -1.82500
vt -0.41250 1.31425
vn 0.49983 -0.86612 -0.00000
f 1114/1114/372 1115/1115/372 1116/1116/372
v 1.04165 2.05270 -1.82500
vt -0.41250 1.52635
v 1.28645 1.62850 -1.87500
vt -0.43750 1.31425
v 1.04165 2.05270 -1.87500
vt -0.43750 1.52635
vn 0.86612 0.49983 0.00000
f 1117/1117/373 1118/1118/373 1119/1119/373
v 1.04165 2.05270 -1.82500
vt -0.41250 1.52635
v 1.28645 1.62850 -1.82500
vt -0.41250 1.31425
v 1.28645 1.62850 -1.87500
vt -0.43750 1.31425
vn 0.86612 0.49983 0.00000
f 1120/1120/374 1121/1121/374 1122/1122/374
v 0.99835 2.02770 -1.82500
vt -0.41250 1.51385
v 0.99835 2.02770 -1.87500
vt -0.43750 1.51385
v 1.24315 1.60350 -1.87500
vt -0.43750 1.30175
vn -0.86612 -0.49983 -0.00000
f 1123/1123/375 1124/1124/375 1125/1125/375
v 0.99835 2.02770 -1.82500
vt -0.41250 1.51385
v 1.24315 1.60350 -1.87500
vt -0.43750 1.30175
v 1.24315 1.60350 -1.82500
vt -0.41250 1.30175
vn -0.86612 -0.49983 -0.00000
f 1126/1126/376 1127/1127/376 1128/1128/376
v 0.99835 2.02770 -1.82500
vt -0.41250 1.51385
v 1.04165 2.05270 -1.87500
vt -0.43750 1.52635
v 0.99835 2.02770 -1.87500
vt -0.43750 1.51385
vn -0.49983 0.86612 0.00000
f 1129/1129/377 1130/1130/377 1131/1131/377
v 0.99835 2.02770 -1.82500
vt -0.41250 1.51385
v 1.04165 2.05270 -1.82500
vt -0.41250 1.52635
v 1.04165 2.05270 -1.87500
vt -0.43750 1.52635
vn -0.49983 0.86612 0.00000
f 1132/1132/378 1133/1133/378 1134/1134/378
v 0.99835 2.02770 -1.82500
vt -0.41250 1.51385
v 1.24315 1.60350 -1.82500
vt -0.41250 1.30175
v 1.28645 1.62850 -1.82500
vt -0.41250 1.31425
vn -0.00000 0.00000 1.00000
f 1135/1135/379 1136/1136/379 1137/1137/379
v 0.99835 2.02770 -1.82500
vt -0.41250 1.51385
v 1.28645 1.62850 -1.82500
vt -0.41250 1.31425
v 1.04165 2.05270 -1.82500
vt -0.41250 1.52635
vn -0.00000 0.00000 1.00000
f 1138/1138/380 1139/1139/380 1140/1140/380
v -0.57107 2.26508 -1.82500
vt -0.41250 1.63254
v -1.03007 2.06308 -1.82500
vt -0.41250 1.53154
v -1.00993 2.01732 -1.82500
vt -0.41250 1.50866
vn 0.00000 -0.00000 1.00000
f 1141/1141/381 1142/1142/381 1143/1143/381
v -0.57107 2.26508 -1.82500
vt -0.41250 1.63254
v -1.00993 2.01732 -1.82500
vt -0.41250 1.50866
v -0.55093 2.21932 -1.82500
vt -0.41250 1.60966
vn 0.00000 -0.00000 1.00000
f 1144/1144/382 1145/1145/382 1146/1146/382
v -1.00993 2.01732 -1.87500
vt -0.43750 1.50866
v -1.00993 2.01732 -1.82500
vt -0.41250 1.50866
v -1.03007 2.06308 -1.82500
vt -0.41250 1.53154
vn -0.91529 -0.40281 0.00000
f 1147/1147/383 1148/1148/383 1149/1149/383
v -1.00993 2.01732 -1.87500
vt -0.43750 1.50866
v -1.03007 2.06308 -1.82500
vt -0.41250 1.53154
v -1.03007 2.06308 -1.87500
vt -0.43750 1.53154
vn -0.91529 -0.40281 0.00000
f 1150/1150/384 1151/1151/384 1152/1152/384
v -1.00993 2.01732 -1.87500
vt -0.43750 1.50866
v -0.55093 2.21932 -1.82500
vt -0.41250 1.60966
v -1.00993 2.01732 -1.82500
vt -0.41250 1.50866
vn 0.40281 -0.91529 0.00000
f 1153/1153/385 1154/1154/385 1155/1155/385
v -1.00993 2.01732 -1.87500
vt -0.43750 1.50866
v -0.55093 2.21932 -1.87500
vt -0.43750 1.60966
v -0.55093 2.21932 -1.82500
vt -0.41250 1.60966
vn 0.40281 -0.91529 0.00000
f 1156/1156/386 1157/1157/386 1158/1158/386
v -0.57107 2.26508 -1.87500
vt -0.43750 1.63254
v -1.03007 2.06308 -1.82500
vt -0.41250 1.53154
v -0.57107 2.26508 -1.82500
vt -0.41250 1.63254
vn -0.40281 0.91529 0.00000
f 1159/1159/387 1160/1160/387 1161/1161/387
v -0.57107 2.26508 -1.87500
vt -0.43750 1.63254
v -1.03007 2.06308 -1.87500
vt -0.43750 1.53154
v -1.03007 2.06308 -1.82500
vt -0.41250 1.53154
vn -0.40281 0.91529 0.00000
f 1162/1162/388 1163/1163/388 1164/1164/388
v -0.57107 2.26508 -1.87500
vt -0.43750 1.63254
v -1.00993 2.01732 -1.87500
vt -0.43750 1.50866
v -1.03007 2.06308 -1.87500
vt -0.43750 1.53154
vn 0.00000 0.00000 -1.00000
f 1165/1165/389 1166/1166/389 1167/1167/389
v -0.57107 2.26508 -1.87500
vt -0.43750 1.63254
v -0.55093 2.21932 -1.87500
vt -0.43750 1.60966
v -1.00993 2.01732 -1.87500
vt -0.43750 1.50866
vn 0.00000 0.00000 -1.00000
f 1168/1168/390 1169/1169/390 1170/1170/390
v -0.57107 2.26508 -1.87500
vt -0.43750 1.63254
v -0.57107 2.26508 -1.82500
vt -0.41250 1.63254
v -0.55093 2.21932 -1.82500
vt -0.41250 1.60966
vn 0.91529 0.40281 0.00000
f 1171/1171/391 1172/1172/391 1173/1173/391
v -0.57107 2.26508 -1.87500
vt -0.43750 1.63254
v -0.55093 2.21932 -1.82500
vt -0.41250 1.60966
v -0.55093 2.21932 -1.87500
vt -0.43750 1.60966
vn 0.91529 0.40281 0.00000
f 1174/1174/392 1175/1175/392 1176/1176/392
v 0.57107 2.26508 -1.87500
vt -0.43750 1.63254
v 1.00993 2.01732 -1.87500
vt -0.43750 1.50866
v 0.55093 2.21932 -1.87500
vt -0.43750 1.60966
vn -0.00000 0.00000 -1.00000
f 1177/1177/393 1178/1178/393 1179/1179/393
v 0.57107 2.26508 -1.87500
vt -0.43750 1.63254
v 1.03007 2.06308 -1.87500
vt -0.43750 1.53154
v 1.00993 2.01732 -1.87500
vt -0.43750 1.50866
vn -0.00000 0.00000 -1.00000
f 1180/1180/394 1181/1181/394 1182/1182/394
v 1.00993 2.01732 -1.82500
vt -0.41250 1.50866
v 1.00993 2.01732 -1.87500
vt -0.43750 1.50866
v 1.03007 2.06308 -1.87500
vt -0.43750 1.53154
vn 0.91529 -0.40281 -0.00000
f 1183/1183/395 1184/1184/395 1185/1185/395
v 1.00993 2.01732 -1.82500
vt -0.41250 1.50866
v 1.03007 2.06308 -1.87500
vt -0.43750 1.53154
v 1.03007 2.06308 -1.82500
vt -0.41250 1.53154
vn 0.91529 -0.40281 -0.00000
f 1186/1186/396 1187/1187/396 1188/1188/396
v 1.00993 2.01732 -1.82500
vt -0.41250 1.50866
v 0.55093 2.21932 -1.87500
vt -0.43750 1.60966
v 1.00993 2.01732 -1.87500
vt -0.43750 1.50866
vn -0.40281 -0.91529 -0.00000
f 1189/1189/397 1190/1190/397 1191/1191/397
v 1.00993 2.01732 -1.82500
vt -0.41250 1.50866
v 0.55093 2.21932 -1.82500
vt -0.41250 1.60966
v 0.55093 2.21932 -1.87500
vt -0.43750 1.60966
vn -0.40281 -0.91529 -0.00000
f 1192/1192/398 1193/1193/398 1194/1194/398
v 0.57107 2.26508 -1.82500
vt -0.41250 1.63254
v 1.03007 2.06308 -1.87500
vt -0.43750 1.53154
v 0.57107 2.26508 -1.87500
vt -0.43750 1.63254
vn 0.40281 0.91529 0.00000
f 1195/1195/399 1196/1196/399 1197/1197/399
v 0.57107 2.26508 -1.82500
vt -0.41250 1.63254
v 1.03007 2.06308 -1.82500
vt -0.41250 1.53154
v 1.03007 2.06308 -1.87500
vt -0.43750 1.53154
vn 0.40281 0.91529 0.00000
f 1198/1198/400 1199/1199/400 1200/1200/400
v 0.57107 2.26508 -1.82500
vt -0.41250 1.63254
v 1.00993 2.01732 -1.82500
vt -0.41250 1.50866
v 1.03007 2.06308 -1.82500
vt -0.41250 1.53154
vn 0.00000 -0.00000 1.00000
f 1201/1201/401 1202/1202/401 1203/1203/401
v 0.57107 2.26508 -1.82500
vt -0.41250 1.63254
v 0.55093 2.21932 -1.82500
vt -0.41250 1.60966
v 1.00993 2.01732 -1.82500
vt -0.41250 1.50866
vn 0.00000 -0.00000 1.00000
f 1204/1204/402 1205/1205/402 1206/1206/402
v 0.57107 2.26508 -1.82500
vt -0.41250 1.63254
v 0.57107 2.26508 -1.87500
vt -0.43750 1.63254
v 0.55093 2.21932 -1.87500
vt -0.43750 1.60966
vn -0.91529 0.40281 0.00000
f 1207/1207/403 1208/1208/403 1209/1209/403
v 0.57107 2.26508 -1.82500
vt -0.41250 1.63254
v 0.55093 2.21932 -1.87500
vt -0.43750 1.60966
v 0.55093 2.21932 -1.82500
vt -0.41250 1.60966
vn -0.91529 0.40281 0.00000
f 1210/1210/404 1211/1211/404 1212/1212/404
v -0.00268 2.32766 -1.82500
vt -0.41250 1.66383
v -0.56368 2.26706 -1.82500
vt -0.41250 1.63353
v -0.55832 2.21734 -1.82500
vt -0.41250 1.60867
vn 0.00000 -0.00000 1.00000
f 1213/1213/405 1214/1214/405 1215/1215/405
v -0.00268 2.32766 -1.82500
vt -0.41250 1.66383
v -0.55832 2.21734 -1.82500
vt -0.41250 1.60867
v 0.00268 2.27794 -1.82500
vt -0.41250 1.63897
vn 0.00000 -0.00000 1.00000
f 1216/1216/406 1217/1217/406 1218/1218/406
v -0.55832 2.21734 -1.87500
vt -0.43750 1.60867
v -0.55832 2.21734 -1.82500
vt -0.41250 1.60867
v -0.56368 2.26706 -1.82500
vt -0.41250 1.63353
vn -0.99422 -0.10740 0.00000
f 1219/1219/407 1220/1220/407 1221/1221/407
v -0.55832 2.21734 -1.87500
vt -0.43750 1.60867
v -0.56368 2.26706 -1.82500
vt -0.41250 1.63353
v -0.56368 2.26706 -1.87500
vt -0.43750 1.63353
vn -0.99422 -0.10740 0.00000
f 1222/1222/408 1223/1223/408 1224/1224/408
v 0.00268 2.27794 -1.87500
vt -0.43750 1.63897
v 0.00268 2.27794 -1.82500
vt -0.41250 1.63897
v -0.55832 2.21734 -1.82500
vt -0.41250 1.60867
vn 0.10740 -0.99422 0.00000
f 1225/1225/409 1226/1226/409 1227/1227/409
v 0.00268 2.27794 -1.87500
vt -0.43750 1.63897
v -0.55832 2.21734 -1.82500
vt -0.41250 1.60867
v -0.55832 2.21734 -1.87500
vt -0.43750 1.60867
vn 0.10740 -0.99422 0.00000
f 1228/1228/410 1229/1229/410 1230/1230/410
v -0.00268 2.32766 -1.87500
vt -0.43750 1.66383
v -0.56368 2.26706 -1.82500
vt -0.41250 1.63353
v -0.00268 2.32766 -1.82500
vt -0.41250 1.66383
vn -0.10740 0.99422 0.00000
f 1231/1231/411 1232/1232/411 1233/1233/411
v -0.00268 2.32766 -1.87500
vt -0.43750 1.66383
v -0.56368 2.26706 -1.87500
vt -0.43750 1.63353
v -0.56368 2.26706 -1.82500
vt -0.41250 1.63353
vn -0.10740 0.99422 0.00000
f 1234/1234/412 1235/1235/412 1236/1236/412
v -0.00268 2.32766 -1.87500
vt -0.43750 1.66383
v -0.55832 2.21734 -1.87500
vt -0.43750 1.60867
v -0.56368 2.26706 -1.87500
vt -0.43750 1.63353
vn -0.00000 0.00000 -1.00000
f 1237/1237/413 1238/1238/413 1239/1239/413
v -0.00268 2.32766 -1.87500
vt -0.43750 1.66383
v 0.00268 2.27794 -1.87500
vt -0.43750 1.63897
v -0.55832 2.21734 -1.87500
vt -0.43750 1.60867
vn -0.00000 0.00000 -1.00000
f 1240/1240/414 1241/1241/414 1242/1242/414
v -0.00268 2.32766 -1.87500
vt -0.43750 1.66383
v -0.00268 2.32766 -1.82500
vt -0.41250 1.66383
v 0.00268 2.27794 -1.82500
vt -0.41250 1.63897
vn 0.99422 0.10740 0.00000
f 1243/1243/415 1244/1244/415 1245/1245/415
v -0.00268 2.32766 -1.87500
vt -0.43750 1.66383
v 0.00268 2.27794 -1.82500
vt -0.41250 1.63897
v 0.00268 2.27794 -1.87500
vt -0.43750 1.63897
vn 0.99422 0.10740 0.00000
f 1246/1246/416 1247/1247/416 1248/1248/416
v 0.00268 2.32766 -1.87500
vt -0.43750 1.66383
v 0.55832 2.21734 -1.87500
vt -0.43750 1.60867
v -0.00268 2.27794 -1.87500
vt -0.43750 1.63897
vn -0.00000 0.00000 -1.00000
f 1249/1249/417 1250/1250/417 1251/1251/417
v 0.00268 2.32766 -1.87500
vt -0.43750 1.66383
v 0.56368 2.26706 -1.87500
vt -0.43750 1.63353
v 0.55832 2.21734 -1.87500
vt -0.43750 1.60867
vn -0.00000 0.00000 -1.00000
f 1252/1252/418 1253/1253/418 1254/1254/418
v 0.55832 2.21734 -1.82500
vt -0.41250 1.60867
v 0.55832 2.21734 -1.87500
vt -0.43750 1.60867
v 0.56368 2.26706 -1.87500
vt -0.43750 1.63353
vn 0.99422 -0.10740 -0.00000
f 1255/1255/419 1256/1256/419 1257/1257/419
v 0.55832 2.21734 -1.82500
vt -0.41250 1.60867
v 0.56368 2.26706 -1.87500
vt -0.43750 1.63353
v 0.56368 2.26706 -1.82500
vt -0.41250 1.63353
vn 0.99422 -0.10740 -0.00000
f 1258/1258/420 1259/1259/420 1260/1260/420
v 0.55832 2.21734 -1.82500
vt -0.41250 1.60867
v -0.00268 2.27794 -1.87500
vt -0.43750 1.63897
v 0.55832 2.21734 -1.87500
vt -0.43750 1.60867
vn -0.10740 -0.99422 -0.00000
f 1261/1261/421 1262/1262/421 1263/1263/421
v 0.55832 2.21734 -1.82500
vt -0.41250 1.60867
v -0.00268 2.27794 -1.82500
vt -0.41250 1.63897
v -0.00268 2.27794 -1.87500
vt -0.43750 1.63897
vn -0.10740 -0.99422 -0.00000
f 1264/1264/422 1265/1265/422 1266/1266/422
v 0.00268 2.32766 -1.82500
vt -0.41250 1.66383
v 0.56368 2.26706 -1.87500
vt -0.43750 1.63353
v 0.00268 2.32766 -1.87500
vt -0.43750 1.66383
vn 0.10740 0.99422 0.00000
f 1267/1267/423 1268/1268/423 1269/1269/423
v 0.00268 2.32766 -1.82500
vt -0.41250 1.66383
v 0.56368 2.26706 -1.82500
vt -0.41250 1.63353
v 0.56368 2.26706 -1.87500
vt -0.43750 1.63353
vn 0.10740 0.99422 0.00000
f 1270/1270/424 1271/1271/424 1272/1272/424
v 0.00268 2.32766 -1.82500
vt -0.41250 1.66383
v 0.55832 2.21734 -1.82500
vt -0.41250 1.60867
v 0.56368 2.26706 -1.82500
vt -0.41250 1.63353
vn 0.00000 -0.00000 1.00000
f 1273/1273/425 1274/1274/425 1275/1275/425
v 0.00268 2.32766 -1.82500
vt -0.41250 1.66383
v -0.00268 2.27794 -1.82500
vt -0.41250 1.63897
v 0.55832 2.21734 -1.82500
vt -0.41250 1.60867
vn 0.00000 -0.00000 1.00000
f 1276/1276/426 1277/1277/426 1278/1278/426
v 0.00268 2.32766 -1.82500
vt -0.41250 1.66383
v 0.00268 2.32766 -1.87500
vt -0.43750 1.66383
v -0.00268 2.27794 -1.87500
vt -0.43750 1.63897
vn -0.99422 0.10740 0.00000
f 1279/1279/427 1280/1280/427 1281/1281/427
v 0.00268 2.32766 -1.82500
vt -0.41250 1.66383
v -0.00268 2.27794 -1.87500
vt -0.43750 1.63897
v -0.00268 2.27794 -1.82500
vt -0.41250 1.63897
vn -0.99422 0.10740 0.00000
f 1282/1282/428 1283/1283/428 1284/1284/428
v -1.23980 1.61600 -0.77500
vt 0.11250 1.30800
v -1.28980 1.61600 -0.77500
vt 0.11250 1.30800
v -1.28980 0.72720 -0.77500
vt 0.11250 0.86360
vn -0.00000 0.00000 1.00000
f 1285/1285/429 1286/1286/429 1287/1287/429
v -1.23980 1.61600 -0.77500
vt 0.11250 1.30800
v -1.28980 0.72720 -0.77500
vt 0.11250 0.86360
v -1.23980 0.72720 -0.77500
vt 0.11250 0.86360
vn -0.00000 0.00000 1.00000
f 1288/1288/430 1289/1289/430 1290/1290/430
v -1.23980 0.72720 -0.82500
vt 0.08750 0.86360
v -1.23980 0.72720 -0.77500
vt 0.11250 0.86360
v -1.28980 0.72720 -0.77500
vt 0.11250 0.86360
vn 0.00000 -1.00000 0.00000
f 1291/1291/431 1292/1292/431 1293/1293/431
v -1.23980 0.72720 -0.82500
vt 0.08750 0.86360
v -1.28980 0.72720 -0.77500
vt 0.11250 0.86360
v -1.28980 0.72720 -0.82500
vt 0.08750 0.86360
vn 0.00000 -1.00000 0.00000
f 1294/1294/432 1295/1295/432 1296/1296/432
v -1.23980 0.72720 -0.82500
vt 0.08750 0.86360
v -1.23980 1.61600 -0.77500
vt 0.11250 1.30800
v -1.23980 0.72720 -0.77500
vt 0.11250 0.86360
vn 1.00000 -0.00000 -0.00000
f 1297/1297/433 1298/1298/433 1299/1299/433
v -1.23980 0.72720 -0.82500
vt 0.08750 0.86360
v -1.23980 1.61600 -0.82500
vt 0.08750 1.30800
v -1.23980 1.61600 -0.77500
vt 0.11250 1.30800
vn 1.00000 -0.00000 -0.00000
f 1300/1300/434 1301/1301/434 1302/1302/434
v -1.28980 1.61600 -0.82500
vt 0.08750 1.30800
v -1.28980 0.72720 -0.77500
vt 0.11250 0.86360
v -1.28980 1.61600 -0.77500
vt 0.11250 1.30800
vn -1.00000 -0.00000 -0.00000
f 1303/1303/435 1304/1304/435 1305/1305/435
v -1.28980 1.61600 -0.82500
vt 0.08750 1.30800
v -1.28980 0.72720 -0.82500
vt 0.08750 0.86360
v -1.28980 0.72720 -0.77500
vt 0.11250 0.86360
vn -1.00000 -0.00000 -0.00000
f 1306/1306/436 1307/1307/436 1308/1308/436
v -1.28980 1.61600 -0.82500
vt 0.08750 1.30800
v -1.28980 1.61600 -0.77500
vt 0.11250 1.30800
v -1.23980 1.61600 -0.77500
vt 0.11250 1.30800
vn 0.00000 1.00000 0.00000
f 1309/1309/437 1310/1310/437 1311/1311/437
v -1.28980 1.61600 -0.82500
vt 0.08750 1.30800
v -1.23980 1.61600 -0.77500
vt 0.11250 1.30800
v -1.23980 1.61600 -0.82500
vt 0.08750 1.30800
vn 0.00000 1.00000 0.00000
f 1312/1312/438 1313/1313/438 1314/1314/438
v -1.28980 1.61600 -0.82500
vt 0.08750 1.30800
v -1.23980 0.72720 -0.82500
vt 0.08750 0.86360
v -1.28980 0.72720 -0.82500
vt 0.08750 0.86360
vn 0.00000 -0.00000 -1.00000
f 1315/1315/439 1316/1316/439 1317/1317/439
v -1.28980 1.61600 -0.82500
vt 0.08750 1.30800
v -1.23980 1.61600 -0.82500
vt 0.08750 1.30800
v -1.23980 0.72720 -0.82500
vt 0.08750 0.86360
vn 0.00000 -0.00000 -1.00000
f 1318/1318/440 1319/1319/440 1320/1320/440
v 1.28980 1.61600 -0.77500
vt 0.11250 1.30800
v 1.23980 1.61600 -0.77500
vt 0.11250 1.30800
v 1.23980 0.72720 -0.77500
vt 0.11250 0.86360
vn -0.00000 0.00000 1.00000
f 1321/1321/441 1322/1322/441 1323/1323/441
v 1.28980 1.61600 -0.77500
vt 0.11250 1.30800
v 1.23980 0.72720 -0.77500
vt 0.11250 0.86360
v 1.28980 0.72720 -0.77500
vt 0.11250 0.86360
vn -0.00000 0.00000 1.00000
f 1324/1324/442 1325/1325/442 1326/1326/442
v 1.28980 0.72720 -0.82500
vt 0.08750 0.86360
v 1.28980 0.72720 -0.77500
vt 0.11250 0.86360
v 1.23980 0.72720 -0.77500
vt 0.11250 0.86360
vn 0.00000 -1.00000 0.00000
f 1327/1327/443 1328/1328/443 1329/1329/443
v 1.28980 0.72720 -0.82500
vt 0.08750 0.86360
v 1.23980 0.72720 -0.77500
vt 0.11250 0.86360
v 1.23980 0.72720 -0.82500
vt 0.08750 0.86360
vn 0.00000 -1.00000 0.00000
f 1330/1330/444 1331/1331/444 1332/1332/444
v 1.28980 0.72720 -0.82500
vt 0.08750 0.86360
v 1.28980 1.61600 -0.77500
vt 0.11250 1.30800
v 1.28980 0.72720 -0.77500
vt 0.11250 0.86360
vn 1.00000 -0.00000 -0.00000
f 1333/1333/445 1334/1334/445 1335/1335/445
v 1.28980 0.72720 -0.82500
vt 0.08750 0.86360
v 1.28980 1.61600 -0.82500
vt 0.08750 1.30800
v 1.28980 1.61600 -0.77500
vt 0.11250 1.30800
vn 1.00000 -0.00000 -0.00000
f 1336/1336/446 1337/1337/446 1338/1338/446
v 1.23980 1.61600 -0.82500
vt 0.08750 1.30800
v 1.23980 0.72720 -0.77500
vt 0.11250 0.86360
v 1.23980 1.61600 -0.77500
vt 0.11250 1.30800
vn -1.00000 -0.00000 -0.00000
f 1339/1339/447 1340/1340/447 1341/1341/447
v 1.23980 1.61600 -0.82500
vt 0.08750 1.30800
v 1.23980 0.72720 -0.82500
vt 0.08750 0.86360
v 1.23980 0.72720 -0.77500
vt 0.11250 0.86360
vn -1.00000 -0.00000 -0.00000
f 1342/1342/448 1343/1343/448 1344/1344/448
v 1.23980 1.61600 -0.82500
vt 0.08750 1.30800
v 1.23980 1.61600 -0.77500
vt 0.11250 1.30800
v 1.28980 1.61600 -0.77500
vt 0.11250 1.30800
vn 0.00000 1.00000 0.00000
f 1345/1345/449 1346/1346/449 1347/1347/449
v 1.23980 1.61600 -0.82500
vt 0.08750 1.30800
v 1.28980 1.61600 -0.77500
vt 0.11250 1.30800
v 1.28980 1.61600 -0.82500
vt 0.08750 1.30800
vn 0.00000 1.00000 0.00000
f 1348/1348/450 1349/1349/450 1350/1350/450
v 1.23980 1.61600 -0.82500
vt 0.08750 1.30800
v 1.28980 0.72720 -0.82500
vt 0.08750 0.86360
v 1.23980 0.72720 -0.82500
vt 0.08750 0.86360
vn 0.00000 -0.00000 -1.00000
f 1351/1351/451 1352/1352/451 1353/1353/451
v 1.23980 1.61600 -0.82500
vt 0.08750 1.30800
v 1.28980 1.61600 -0.82500
vt 0.08750 1.30800
v 1.28980 0.72720 -0.82500
vt 0.08750 0.86360
vn 0.00000 -0.00000 -1.00000
f 1354/1354/452 1355/1355/452 1356/1356/452
v -1.04165 2.05270 -0.77500
vt 0.11250 1.52635
v -1.28645 1.62850 -0.77500
vt 0.11250 1.31425
v -1.24315 1.60350 -0.77500
vt 0.11250 1.30175
vn 0.00000 -0.00000 1.00000
f 1357/1357/453 1358/1358/453 1359/1359/453
v -1.04165 2.05270 -0.77500
vt 0.11250 1.52635
v -1.24315 1.60350 -0.77500
vt 0.11250 1.30175
v -0.99835 2.02770 -0.77500
vt 0.11250 1.51385
vn 0.00000 -0.00000 1.00000
f 1360/1360/454 1361/1361/454 1362/1362/454
v -1.24315 1.60350 -0.82500
vt 0.08750 1.30175
v -1.24315 1.60350 -0.77500
vt 0.11250 1.30175
v -1.28645 1.62850 -0.77500
vt 0.11250 1.31425
vn -0.49983 -0.86612 0.00000
f 1363/1363/455 1364/1364/455 1365/1365/455
v -1.24315 1.60350 -0.82500
vt 0.08750 1.30175
v -1.28645 1.62850 -0.77500
vt 0.11250 1.31425
v -1.28645 1.62850 -0.82500
vt 0.08750 1.31425
vn -0.49983 -0.86612 0.00000
f 1366/1366/456 1367/1367/456 1368/1368/456
v -1.04165 2.05270 -0.82500
vt 0.08750 1.52635
v -1.28645 1.62850 -0.77500
vt 0.11250 1.31425
v -1.04165 2.05270 -0.77500
vt 0.11250 1.52635
vn -0.86612 0.49983 0.00000
f 1369/1369/457 1370/1370/457 1371/1371/457
v -1.04165 2.05270 -0.82500
vt 0.08750 1.52635
v -1.28645 1.62850 -0.82500
vt 0.08750 1.31425
v -1.28645 1.62850 -0.77500
vt 0.11250 1.31425
vn -0.86612 0.49983 0.00000
f 1372/1372/458 1373/1373/458 1374/1374/458
v -0.99835 2.02770 -0.82500
vt 0.08750 1.51385
v -0.99835 2.02770 -0.77500
vt 0.11250 1.51385
v -1.24315 1.60350 -0.77500
vt 0.11250 1.30175
vn 0.86612 -0.49983 0.00000
f 1375/1375/459 1376/1376/459 1377/1377/459
v -0.99835 2.02770 -0.82500
vt 0.08750 1.51385
v -1.24315 1.60350 -0.77500
vt 0.11250 1.30175
v -1.24315 1.60350 -0.82500
vt 0.08750 1.30175
vn 0.86612 -0.49983 0.00000
f 1378/1378/460 1379/1379/460 1380/1380/460
v -0.99835 2.02770 -0.82500
vt 0.08750 1.51385
v -1.04165 2.05270 -0.77500
vt 0.11250 1.52635
v -0.99835 2.02770 -0.77500
vt 0.11250 1.51385
vn 0.49983 0.86612 0.00000
f 1381/1381/461 1382/1382/461 1383/1383/461
v -0.99835 2.02770 -0.82500
vt 0.08750 1.51385
v -1.04165 2.05270 -0.82500
vt 0.08750 1.52635
v -1.04165 2.05270 -0.77500
vt 0.11250 1.52635
vn 0.49983 0.86612 0.00000
f 1384/1384/462 1385/1385/462 1386/1386/462
v -0.99835 2.02770 -0.82500
vt 0.08750 1.51385
v -1.24315 1.60350 -0.82500
vt 0.08750 1.30175
v -1.28645 1.62850 -0.82500
vt 0.08750 1.31425
vn -0.00000 0.00000 -1.00000
f 1387/1387/463 1388/1388/463 1389/1389/463
v -0.99835 2.02770 -0.82500
vt 0.08750 1.51385
v -1.28645 1.62850 -0.82500
vt 0.08750 1.31425
v -1.04165 2.05270 -0.82500
vt 0.08750 1.52635
vn -0.00000 0.00000 -1.00000
f 1390/1390/464 1391/1391/464 1392/1392/464
v 1.04165 2.05270 -0.82500
vt 0.08750 1.52635
v 1.24315 1.60350 -0.82500
vt 0.08750 1.30175
v 0.99835 2.02770 -0.82500
vt 0.08750 1.51385
vn -0.00000 0.00000 -1.00000
f 1393/1393/465 1394/1394/465 1395/1395/465
v 1.04165 2.05270 -0.82500
vt 0.08750 1.52635
v 1.28645 1.62850 -0.82500
vt 0.08750 1.31425
v 1.24315 1.60350 -0.82500
vt 0.08750 1.30175
vn -0.00000 0.00000 -1.00000
f 1396/1396/466 1397/1397/466 1398/1398/466
v 1.24315 1.60350 -0.77500
vt 0.11250 1.30175
v 1.24315 1.60350 -0.82500
vt 0.08750 1.30175
v 1.28645 1.62850 -0.82500
vt 0.08750 1.31425
vn 0.49983 -0.86612 -0.00000
f 1399/1399/467 1400/1400/467 1401/1401/467
v 1.24315 1.60350 -0.77500
vt 0.11250 1.30175
v 1.28645 1.62850 -0.82500
vt 0.08750 1.31425
v 1.28645 1.62850 -0.77500
vt 0.11250 1.31425
vn 0.49983 -0.86612 -0.00000
f 1402/1402/468 1403/1403/468 1404/1404/468
v 1.24315 1.60350 -0.77500
vt 0.11250 1.30175
v 0.99835 2.02770 -0.82500
vt 0.08750 1.51385
v 1.24315 1.60350 -0.82500
vt 0.08750 1.30175
vn -0.86612 -0.49983 -0.00000
f 1405/1405/469 1406/1406/469 1407/1407/469
v 1.24315 1.60350 -0.77500
vt 0.11250 1.30175
v 0.99835 2.02770 -0.77500
vt 0.11250 1.51385
v 0.99835 2.02770 -0.82500
vt 0.08750 1.51385
vn -0.86612 -0.49983 -0.00000
f 1408/1408/470 1409/1409/470 1410/1410/470
v 1.04165 2.05270 -0.77500
vt 0.11250 1.52635
v 1.28645 1.62850 -0.82500
vt 0.08750 1.31425
v 1.04165 2.05270 -0.82500
vt 0.08750 1.52635
vn 0.86612 0.49983 0.00000
f 1411/1411/471 1412/1412/471 1413/1413/471
v 1.04165 2.05270 -0.77500
vt 0.11250 1.52635
v 1.28645 1.62850 -0.77500
vt 0.11250 1.31425
v 1.28645 1.62850 -0.82500
vt 0.08750 1.31425
vn 0.86612 0.49983 0.00000
f 1414/1414/472 1415/1415/472 1416/1416/472
v 1.04165 2.05270 -0.77500
vt 0.11250 1.52635
v 1.24315 1.60350 -0.77500
vt 0.11250 1.30175
v 1.28645 1.62850 -0.77500
vt 0.11250 1.31425
vn 0.00000 -0.00000 1.00000
f 1417/1417/473 1418/1418/473 1419/1419/473
v 1.04165 2.05270 -0.77500
vt 0.11250 1.52635
v 0.99835 2.02770 -0.77500
vt 0.11250 1.51385
v 1.24315 1.60350 -0.77500
vt 0.11250 1.30175
vn 0.00000 -0.00000 1.00000
f 1420/1420/474 1421/1421/474 1422/1422/474
v 1.04165 2.05270 -0.77500
vt 0.11250 1.52635
v 1.04165 2.05270 -0.82500
vt 0.08750 1.52635
v 0.99835 2.02770 -0.82500
vt 0.08750 1.51385
vn -0.49983 0.86612 0.00000
f 1423/1423/475 1424/1424/475 1425/1425/475
v 1.04165 2.05270 -0.77500
vt 0.11250 1.52635
v 0.99835 2.02770 -0.82500
vt 0.08750 1.51385
v 0.99835 2.02770 -0.77500
vt 0.11250 1.51385
vn -0.49983 0.86612 0.00000
f 1426/1426/476 1427/1427/476 1428/1428/476
v -0.57107 2.26508 -0.77500
vt 0.11250 1.63254
v -1.03007 2.06308 -0.77500
vt 0.11250 1.53154
v -1.00993 2.01732 -0.77500
vt 0.11250 1.50866
vn 0.00000 -0.00000 1.00000
f 1429/1429/477 1430/1430/477 1431/1431/477
v -0.57107 2.26508 -0.77500
vt 0.11250 1.63254
v -1.00993 2.01732 -0.77500
vt 0.11250 1.50866
v -0.55093 2.21932 -0.77500
vt 0.11250 1.60966
vn 0.00000 -0.00000 1.00000
f 1432/1432/478 1433/1433/478 1434/1434/478
v -1.00993 2.01732 -0.82500
vt 0.08750 1.50866
v -1.00993 2.01732 -0.77500
vt 0.11250 1.50866
v -1.03007 2.06308 -0.77500
vt 0.11250 1.53154
vn -0.91529 -0.40281 0.00000
f 1435/1435/479 1436/1436/479 1437/1437/479
v -1.00993 2.01732 -0.82500
vt 0.08750 1.50866
v -1.03007 2.06308 -0.77500
vt 0.11250 1.53154
v -1.03007 2.06308 -0.82500
vt 0.08750 1.53154
vn -0.91529 -0.40281 0.00000
f 1438/1438/480 1439/1439/480 1440/1440/480
v -0.57107 2.26508 -0.82500
vt 0.08750 1.63254
v -1.03007 2.06308 -0.77500
vt 0.11250 1.53154
v -0.57107 2.26508 -0.77500
vt 0.11250 1.63254
vn -0.40281 0.91529 0.00000
f 1441/1441/481 1442/1442/481 1443/1443/481
v -0.57107 2.26508 -0.82500
vt 0.08750 1.63254
v -1.03007 2.06308 -0.82500
vt 0.08750 1.53154
v -1.03007 2.06308 -0.77500
vt 0.11250 1.53154
vn -0.40281 0.91529 0.00000
f 1444/1444/482 1445/1445/482 1446/1446/482
v -0.55093 2.21932 -0.82500
vt 0.08750 1.60966
v -0.55093 2.21932 -0.77500
vt 0.11250 1.60966
v -1.00993 2.01732 -0.77500
vt 0.11250 1.50866
vn 0.40281 -0.91529 0.00000
f 1447/1447/483 1448/1448/483 1449/1449/483
v -0.55093 2.21932 -0.82500
vt 0.08750 1.60966
v -1.00993 2.01732 -0.77500
vt 0.11250 1.50866
v -1.00993 2.01732 -0.82500
vt 0.08750 1.50866
vn 0.40281 -0.91529 0.00000
f 1450/1450/484 1451/1451/484 1452/1452/484
v -0.55093 2.21932 -0.82500
vt 0.08750 1.60966
v -0.57107 2.26508 -0.77500
vt 0.11250 1.63254
v -0.55093 2.21932 -0.77500
vt 0.11250 1.60966
vn 0.91529 0.40281 0.00000
f 1453/1453/485 1454/1454/485 1455/1455/485
v -0.55093 2.21932 -0.82500
vt 0.08750 1.60966
v -0.57107 2.26508 -0.82500
vt 0.08750 1.63254
v -0.57107 2.26508 -0.77500
vt 0.11250 1.63254
vn 0.91529 0.40281 0.00000
f 1456/1456/486 1457/1457/486 1458/1458/486
v -0.55093 2.21932 -0.82500
vt 0.08750 1.60966
v -1.00993 2.01732 -0.82500
vt 0.08750 1.50866
v -1.03007 2.06308 -0.82500
vt 0.08750 1.53154
vn -0.00000 0.00000 -1.00000
f 1459/1459/487 1460/1460/487 1461/1461/487
v -0.55093 2.21932 -0.82500
vt 0.08750 1.60966
v -1.03007 2.06308 -0.82500
vt 0.08750 1.53154
v -0.57107 2.26508 -0.82500
vt 0.08750 1.63254
vn -0.00000 0.00000 -1.00000
f 1462/1462/488 1463/1463/488 1464/1464/488
v 0.57107 2.26508 -0.82500
vt 0.08750 1.63254
v 1.00993 2.01732 -0.82500
vt 0.08750 1.50866
v 0.55093 2.21932 -0.82500
vt 0.08750 1.60966
vn -0.00000 0.00000 -1.00000
f 1465/1465/489 1466/1466/489 1467/1467/489
v 0.57107 2.26508 -0.82500
vt 0.08750 1.63254
v 1.03007 2.06308 -0.82500
vt 0.08750 1.53154
v 1.00993 2.01732 -0.82500
vt 0.08750 1.50866
vn -0.00000 0.00000 -1.00000
f 1468/1468/490 1469/1469/490 1470/1470/490
v 1.00993 2.01732 -0.77500
vt 0.11250 1.50866
v 1.00993 2.01732 -0.82500
vt 0.08750 1.50866
v 1.03007 2.06308 -0.82500
vt 0.08750 1.53154
vn 0.91529 -0.40281 -0.00000
f 1471/1471/491 1472/1472/491 1473/1473/491
v 1.00993 2.01732 -0.77500
vt 0.11250 1.50866
v 1.03007 2.06308 -0.82500
vt 0.08750 1.53154
v 1.03007 2.06308 -0.77500
vt 0.11250 1.53154
vn 0.91529 -0.40281 -0.00000
f 1474/1474/492 1475/1475/492 1476/1476/492
v 1.00993 2.01732 -0.77500
vt 0.11250 1.50866
v 0.55093 2.21932 -0.82500
vt 0.08750 1.60966
v 1.00993 2.01732 -0.82500
vt 0.08750 1.50866
vn -0.40281 -0.91529 -0.00000
f 1477/1477/493 1478/1478/493 1479/1479/493
v 1.00993 2.01732 -0.77500
vt 0.11250 1.50866
v 0.55093 2.21932 -0.77500
vt 0.11250 1.60966
v 0.55093 2.21932 -0.82500
vt 0.08750 1.60966
vn -0.40281 -0.91529 -0.00000
f 1480/1480/494 1481/1481/494 1482/1482/494
v 0.57107 2.26508 -0.77500
vt 0.11250 1.63254
v 1.03007 2.06308 -0.82500
vt 0.08750 1.53154
v 0.57107 2.26508 -0.82500
vt 0.08750 1.63254
vn 0.40281 0.91529 0.00000
f 1483/1483/495 1484/1484/495 1485/1485/495
v 0.57107 2.26508 -0.77500
vt 0.11250 1.63254
v 1.03007 2.06308 -0.77500
vt 0.11250 1.53154
v 1.03007 2.06308 -0.82500
vt 0.08750 1.53154
vn 0.40281 0.91529 0.00000
f 1486/1486/496 1487/1487/496 1488/1488/496
v 0.57107 2.26508 -0.77500
vt 0.11250 1.63254
v 1.00993 2.01732 -0.77500
vt 0.11250 1.50866
v 1.03007 2.06308 -0.77500
vt 0.11250 1.53154
vn 0.00000 -0.00000 1.00000
f 1489/1489/497 1490/1490/497 1491/1491/497
v 0.57107 2.26508 -0.77500
vt 0.11250 1.63254
v 0.55093 2.21932 -0.77500
vt 0.11250 1.60966
v 1.00993 2.01732 -0.77500
vt 0.11250 1.50866
vn 0.00000 -0.00000 1.00000
f 1492/1492/498 1493/1493/498 1494/1494/498
v 0.57107 2.26508 -0.77500
vt 0.11250 1.63254
v 0.57107 2.26508 -0.82500
vt 0.08750 1.63254
v 0.55093 2.21932 -0.82500
vt 0.08750 1.60966
vn -0.91529 0.40281 0.00000
f 1495/1495/499 1496/1496/499 1497/1497/499
v 0.57107 2.26508 -0.77500
vt 0.11250 1.63254
v 0.55093 2.21932 -0.82500
vt 0.08750 1.60966
v 0.55093 2.21932 -0.77500
vt 0.11250 1.60966
vn -0.91529 0.40281 0.00000
f 1498/1498/500 1499/1499/500 1500/1500/500
v -0.00268 2.32766 -0.77500
vt 0.11250 1.66383
v -0.56368 2.26706 -0.77500
vt 0.11250 1.63353
v -0.55832 2.21734 -0.77500
vt 0.11250 1.60867
vn 0.00000 -0.00000 1.00000
f 1501/1501/501 1502/1502/501 1503/1503/501
v -0.00268 2.32766 -0.77500
vt 0.11250 1.66383
v -0.55832 2.21734 -0.77500
vt 0.11250 1.60867
v 0.00268 2.27794 -0.77500
vt 0.11250 1.63897
vn 0.00000 -0.00000 1.00000
f 1504/1504/502 1505/1505/502 1506/1506/502
v -0.55832 2.21734 -0.82500
vt 0.08750 1.60867
v -0.55832 2.21734 -0.77500
vt 0.11250 1.60867
v -0.56368 2.26706 -0.77500
vt 0.11250 1.63353
vn -0.99422 -0.10740 0.00000
f 1507/1507/503 1508/1508/503 1509/1509/503
v -0.55832 2.21734 -0.82500
vt 0.08750 1.60867
v -0.56368 2.26706 -0.77500
vt 0.11250 1.63353
v -0.56368 2.26706 -0.82500
vt 0.08750 1.63353
vn -0.99422 -0.10740 0.00000
f 1510/1510/504 1511/1511/504 1512/1512/504
v -0.00268 2.32766 -0.82500
vt 0.08750 1.66383
v -0.56368 2.26706 -0.77500
vt 0.11250 1.63353
v -0.00268 2.32766 -0.77500
vt 0.11250 1.66383
vn -0.10740 0.99422 0.00000
f 1513/1513/505 1514/1514/505 1515/1515/505
v -0.00268 2.32766 -0.82500
vt 0.08750 1.66383
v -0.56368 2.26706 -0.82500
vt 0.08750 1.63353
v -0.56368 2.26706 -0.77500
vt 0.11250 1.63353
vn -0.10740 0.99422 0.00000
f 1516/1516/506 1517/1517/506 1518/1518/506
v 0.00268 2.27794 -0.82500
vt 0.08750 1.63897
v 0.00268 2.27794 -0.77500
vt 0.11250 1.63897
v -0.55832 2.21734 -0.77500
vt 0.11250 1.60867
vn 0.10740 -0.99422 0.00000
f 1519/1519/507 1520/1520/507 1521/1521/507
v 0.00268 2.27794 -0.82500
vt 0.08750 1.63897
v -0.55832 2.21734 -0.77500
vt 0.11250 1.60867
v -0.55832 2.21734 -0.82500
vt 0.08750 1.60867
vn 0.10740 -0.99422 0.00000
f 1522/1522/508 1523/1523/508 1524/1524/508
v 0.00268 2.27794 -0.82500
vt 0.08750 1.63897
v -0.00268 2.32766 -0.77500
vt 0.11250 1.66383
v 0.00268 2.27794 -0.77500
vt 0.11250 1.63897
vn 0.99422 0.10740 0.00000
f 1525/1525/509 1526/1526/509 1527/1527/509
v 0.00268 2.27794 -0.82500
vt 0.08750 1.63897
v -0.00268 2.32766 -0.82500
vt 0.08750 1.66383
v -0.00268 2.32766 -0.77500
vt 0.11250 1.66383
vn 0.99422 0.10740 0.00000
f 1528/1528/510 1529/1529/510 1530/1530/510
v 0.00268 2.27794 -0.82500
vt 0.08750 1.63897
v -0.55832 2.21734 -0.82500
vt 0.08750 1.60867
v -0.56368 2.26706 -0.82500
vt 0.08750 1.63353
vn -0.00000 0.00000 -1.00000
f 1531/1531/511 1532/1532/511 1533/1533/511
v 0.00268 2.27794 -0.82500
vt 0.08750 1.63897
v -0.56368 2.26706 -0.82500
vt 0.08750 1.63353
v -0.00268 2.32766 -0.82500
vt 0.08750 1.66383
vn -0.00000 0.00000 -1.00000
f 1534/1534/512 1535/1535/512 1536/1536/512
v 0.00268 2.32766 -0.82500
vt 0.08750 1.66383
v 0.55832 2.21734 -0.82500
vt 0.08750 1.60867
v -0.00268 2.27794 -0.82500
vt 0.08750 1.63897
vn -0.00000 0.00000 -1.00000
f 1537/1537/513 1538/1538/513 1539/1539/513
v 0.00268 2.32766 -0.82500
vt 0.08750 1.66383
v 0.56368 2.26706 -0.82500
vt 0.08750 1.63353
v 0.55832 2.21734 -0.82500
vt 0.08750 1.60867
vn -0.00000 0.00000 -1.00000
f 1540/1540/514 1541/1541/514 1542/1542/514
v 0.55832 2.21734 -0.77500
vt 0.11250 1.60867
v 0.55832 2.21734 -0.82500
vt 0.08750 1.60867
v 0.56368 2.26706 -0.82500
vt 0.08750 1.63353
vn 0.99422 -0.10740 -0.00000
f 1543/1543/515 1544/1544/515 1545/1545/515
v 0.55832 2.21734 -0.77500
vt 0.11250 1.60867
v 0.56368 2.26706 -0.82500
vt 0.08750 1.63353
v 0.56368 2.26706 -0.77500
vt 0.11250 1.63353
vn 0.99422 -0.10740 -0.00000
f 1546/1546/516 1547/1547/516 1548/1548/516
v 0.55832 2.21734 -0.77500
vt 0.11250 1.60867
v -0.00268 2.27794 -0.82500
vt 0.08750 1.63897
v 0.55832 2.21734 -0.82500
vt 0.08750 1.60867
vn -0.10740 -0.99422 -0.00000
f 1549/1549/517 1550/1550/517 1551/1551/517
v 0.55832 2.21734 -0.77500
vt 0.11250 1.60867
v -0.00268 2.27794 -0.77500
vt 0.11250 1.63897
v -0.00268 2.27794 -0.82500
vt 0.08750 1.63897
vn -0.10740 -0.99422 -0.00000
f 1552/1552/518 1553/1553/518 1554/1554/518
v 0.00268 2.32766 -0.77500
vt 0.11250 1.66383
v 0.56368 2.26706 -0.82500
vt 0.08750 1.63353
v 0.00268 2.32766 -0.82500
vt 0.08750 1.66383
vn 0.10740 0.99422 0.00000
f 1555/1555/519 1556/1556/519 1557/1557/519
v 0.00268 2.32766 -0.77500
vt 0.11250 1.66383
v 0.56368 2.26706 -0.77500
vt 0.11250 1.63353
v 0.56368 2.26706 -0.82500
vt 0.08750 1.63353
vn 0.10740 0.99422 0.00000
f 1558/1558/520 1559/1559/520 1560/1560/520
v 0.00268 2.32766 -0.77500
vt 0.11250 1.66383
v 0.55832 2.21734 -0.77500
vt 0.11250 1.60867
v 0.56368 2.26706 -0.77500
vt 0.11250 1.63353
vn 0.00000 -0.00000 1.00000
f 1561/1561/521 1562/1562/521 1563/1563/521
v 0.00268 2.32766 -0.77500
vt 0.11250 1.66383
v -0.00268 2.27794 -0.77500
vt 0.11250 1.63897
v 0.55832 2.21734 -0.77500
vt 0.11250 1.60867
vn 0.00000 -0.00000 1.00000
f 1564/1564/522 1565/1565/522 1566/1566/522
v 0.00268 2.32766 -0.77500
vt 0.11250 1.66383
v 0.00268 2.32766 -0.82500
vt 0.08750 1.66383
v -0.00268 2.27794 -0.82500
vt 0.08750 1.63897
vn -0.99422 0.10740 0.00000
f 1567/1567/523 1568/1568/523 1569/1569/523
v 0.00268 2.32766 -0.77500
vt 0.11250 1.66383
v -0.00268 2.27794 -0.82500
vt 0.08750 1.63897
v -0.00268 2.27794 -0.77500
vt 0.11250 1.63897
vn -0.99422 0.10740 0.00000
f 1570/1570/524 1571/1571/524 1572/1572/524
v -1.23980 1.61600 0.27500
vt 0.63750 1.30800
v -1.28980 1.61600 0.27500
vt 0.63750 1.30800
v -1.28980 0.72720 0.27500
vt 0.63750 0.86360
vn -0.00000 0.00000 1.00000
f 1573/1573/525 1574/1574/525 1575/1575/525
v -1.23980 1.61600 0.27500
vt 0.63750 1.30800
v -1.28980 0.72720 0.27500
vt 0.63750 0.86360
v -1.23980 0.72720 0.27500
vt 0.63750 0.86360
vn -0.00000 0.00000 1.00000
f 1576/1576/526 1577/1577/526 1578/1578/526
v -1.23980 0.72720 0.22500
vt 0.61250 0.86360
v -1.23980 0.72720 0.27500
vt 0.63750 0.86360
v -1.28980 0.72720 0.27500
vt 0.63750 0.86360
vn 0.00000 -1.00000 0.00000
f 1579/1579/527 1580/1580/527 1581/1581/527
v -1.23980 0.72720 0.22500
vt 0.61250 0.86360
v -1.28980 0.72720 0.27500
vt 0.63750 0.86360
v -1.28980 0.72720 0.22500
vt 0.61250 0.86360
vn 0.00000 -1.00000 0.00000
f 1582/1582/528 1583/1583/528 1584/1584/528
v -1.23980 0.72720 0.22500
vt 0.61250 0.86360
v -1.23980 1.61600 0.27500
vt 0.63750 1.30800
v -1.23980 0.72720 0.27500
vt 0.63750 0.86360
vn 1.00000 -0.00000 -0.00000
f 1585/1585/529 1586/1586/529 1587/1587/529
v -1.23980 0.72720 0.22500
vt 0.61250 0.86360
v -1.23980 1.61600 0.22500
vt 0.61250 1.30800
v -1.23980 1.61600 0.27500
vt 0.63750 1.30800
vn 1.00000 -0.00000 -0.00000
f 1588/1588/530 1589/1589/530 1590/1590/530
v -1.28980 1.61600 0.22500
vt 0.61250 1.30800
v -1.28980 0.72720 0.27500
vt 0.63750 0.86360
v -1.28980 1.61600 0.27500
vt 0.63750 1.30800
vn -1.00000 -0.00000 -0.00000
f 1591/1591/531 1592/1592/531 1593/1593/531
v -1.28980 1.61600 0.22500
vt 0.61250 1.30800
v -1.28980 0.72720 0.22500
vt 0.61250 0.86360
v -1.28980 0.72720 0.27500
vt 0.63750 0.86360
vn -1.00000 -0.00000 -0.00000
f 1594/1594/532 1595/1595/532 1596/1596/532
v -1.28980 1.61600 0.22500
vt 0.61250 1.30800
v -1.28980 1.61600 0.27500
vt 0.63750 1.30800
v -1.23980 1.61600 0.27500
vt 0.63750 1.30800
vn 0.00000 1.00000 0.00000
f 1597/1597/533 1598/1598/533 1599/1599/533
v -1.28980 1.61600 0.22500
vt 0.61250 1.30800
v -1.23980 1.61600 0.27500
vt 0.63750 1.30800
v -1.23980 1.61600 0.22500
vt 0.61250 1.30800
vn 0.00000 1.00000 0.00000
f 1600/1600/534 1601/1601/534 1602/1602/534
v -1.28980 1.61600 0.22500
vt 0.61250 1.30800
v -1.23980 0.72720 0.22500
vt 0.61250 0.86360
v -1.28980 0.72720 0.22500
vt 0.61250 0.86360
vn 0.00000 -0.00000 -1.00000
f 1603/1603/535 1604/1604/535 1605/1605/535
v -1.28980 1.61600 0.22500
vt 0.61250 1.30800
v -1.23980 1.61600 0.22500
vt 0.61250 1.30800
v -1.23980 0.72720 0.22500
vt 0.61250 0.86360
vn 0.00000 -0.00000 -1.00000
f 1606/1606/536 1607/1607/536 1608/1608/536
v 1.28980 1.61600 0.27500
vt 0.63750 1.30800
v 1.23980 1.61600 0.27500
vt 0.63750 1.30800
v 1.23980 0.72720 0.27500
vt 0.63750 0.86360
vn -0.00000 0.00000 1.00000
f 1609/1609/537 1610/1610/537 1611/1611/537
v 1.28980 1.61600 0.27500
vt 0.63750 1.30800
v 1.23980 0.72720 0.27500
vt 0.63750 0.86360
v 1.28980 0.72720 0.27500
vt 0.63750 0.86360
vn -0.00000 0.00000 1.00000
f 1612/1612/538 1613/1613/538 1614/1614/538
v 1.28980 0.72720 0.22500
vt 0.61250 0.86360
v 1.28980 0.72720 0.27500
vt 0.63750 0.86360
v 1.23980 0.72720 0.27500
vt 0.63750 0.86360
vn 0.00000 -1.00000 0.00000
f 1615/1615/539 1616/1616/539 1617/1617/539
v 1.28980 0.72720 0.22500
vt 0.61250 0.86360
v 1.23980 0.72720 0.27500
vt 0.63750 0.86360
v 1.23980 0.72720 0.22500
vt 0.61250 0.86360
vn 0.00000 -1.00000 0.00000
f 1618/1618/540 1619/1619/540 1620/1620/540
v 1.28980 0.72720 0.22500
vt 0.61250 0.86360
v 1.28980 1.61600 0.27500
vt 0.63750 1.30800
v 1.28980 0.72720 0.27500
vt 0.63750 0.86360
vn 1.00000 -0.00000 -0.00000
f 1621/1621/541 1622/1622/541 1623/1623/541
v 1.28980 0.72720 0.22500
vt 0.61250 0.86360
v 1.28980 1.61600 0.22500
vt 0.61250 1.30800
v 1.28980 1.61600 0.27500
vt 0.63750 1.30800
vn 1.00000 -0.00000 -0.00000
f 1624/1624/542 1625/1625/542 1626/1626/542
v 1.23980 1.61600 0.22500
vt 0.61250 1.30800
v 1.23980 0.72720 0.27500
vt 0.63750 0.86360
v 1.23980 1.61600 0.27500
vt 0.63750 1.30800
vn -1.00000 -0.00000 -0.00000
f 1627/1627/543 1628/1628/543 1629/1629/543
v 1.23980 1.61600 0.22500
vt 0.61250 1.30800
v 1.23980 0.72720 0.22500
vt 0.61250 0.86360
v 1.23980 0.72720 0.27500
vt 0.63750 0.86360
vn -1.00000 -0.00000 -0.00000
f 1630/1630/544 1631/1631/544 1632/1632/544
v 1.23980 1.61600 0.22500
vt 0.61250 1.30800
v 1.23980 1.61600 0.27500
vt 0.63750 1.30800
v 1.28980 1.61600 0.27500
vt 0.63750 1.30800
vn 0.00000 1.00000 0.00000
f 1633/1633/545 1634/1634/545 1635/1635/545
v 1.23980 1.61600 0.22500
vt 0.61250 1.30800
v 1.28980 1.61600 0.27500
vt 0.63750 1.30800
v 1.28980 1.61600 0.22500
vt 0.61250 1.30800
vn 0.00000 1.00000 0.00000
f 1636/1636/546 1637/1637/546 1638/1638/546
v 1.23980 1.61600 0.22500
vt 0.61250 1.30800
v 1.28980 0.72720 0.22500
vt 0.61250 0.86360
v 1.23980 0.72720 0.22500
vt 0.61250 0.86360
vn 0.00000 -0.00000 -1.00000
f 1639/1639/547 1640/1640/547 1641/1641/547
v 1.23980 1.61600 0.22500
vt 0.61250 1.30800
v 1.28980 1.61600 0.22500
vt 0.61250 1.30800
v 1.28980 0.72720 0.22500
vt 0.61250 0.86360
vn 0.00000 -0.00000 -1.00000
f 1642/1642/548 1643/1643/548 1644/1644/548
v -1.04165 2.05270 0.27500
vt 0.63750 1.52635
v -1.28645 1.62850 0.27500
vt 0.63750 1.31425
v -1.24315 1.60350 0.27500
vt 0.63750 1.30175
vn 0.00000 -0.00000 1.00000
f 1645/1645/549 1646/1646/549 1647/1647/549
v -1.04165 2.05270 0.27500
vt 0.63750 1.52635
v -1.24315 1.60350 0.27500
vt 0.63750 1.30175
v -0.99835 2.02770 0.27500
vt 0.63750 1.51385
vn 0.00000 -0.00000 1.00000
f 1648/1648/550 1649/1649/550 1650/1650/550
v -1.24315 1.60350 0.22500
vt 0.61250 1.30175
v -1.24315 1.60350 0.27500
vt 0.63750 1.30175
v -1.28645 1.62850 0.27500
vt 0.63750 1.31425
vn -0.49983 -0.86612 0.00000
f 1651/1651/551 1652/1652/551 1653/1653/551
v -1.24315 1.60350 0.22500
vt 0.61250 1.30175
v -1.28645 1.62850 0.27500
vt 0.63750 1.31425
v -1.28645 1.62850 0.22500
vt 0.61250 1.31425
vn -0.49983 -0.86612 0.00000
f 1654/1654/552 1655/1655/552 1656/1656/552
v -1.04165 2.05270 0.22500
vt 0.61250 1.52635
v -1.28645 1.62850 0.27500
vt 0.63750 1.31425
v -1.04165 2.05270 0.27500
vt 0.63750 1.52635
vn -0.86612 0.49983 0.00000
f 1657/1657/553 1658/1658/553 1659/1659/553
v -1.04165 2.05270 0.22500
vt 0.61250 1.52635
v -1.28645 1.62850 0.22500
vt 0.61250 1.31425
v -1.28645 1.62850 0.27500
vt 0.63750 1.31425
vn -0.86612 0.49983 0.00000
f 1660/1660/554 1661/1661/554 1662/1662/554
v -0.99835 2.02770 0.22500
vt 0.61250 1.51385
v -0.99835 2.02770 0.27500
vt 0.63750 1.51385
v -1.24315 1.60350 0.27500
vt 0.63750 1.30175
vn 0.86612 -0.49983 0.00000
f 1663/1663/555 1664/1664/555 1665/1665/555
v -0.99835 2.02770 0.22500
vt 0.61250 1.51385
v -1.24315 1.60350 0.27500
vt 0.63750 1.30175
v -1.24315 1.60350 0.22500
vt 0.61250 1.30175
vn 0.86612 -0.49983 0.00000
f 1666/1666/556 1667/1667/556 1668/1668/556
v -0.99835 2.02770 0.22500
vt 0.61250 1.51385
v -1.04165 2.05270 0.27500
vt 0.63750 1.52635
v -0.99835 2.02770 0.27500
vt 0.63750 1.51385
vn 0.49983 0.86612 0.00000
f 1669/1669/557 1670/1670/557 1671/1671/557
v -0.99835 2.02770 0.22500
vt 0.61250 1.51385
v -1.04165 2.05270 0.22500
vt 0.61250 1.52635
v -1.04165 2.05270 0.27500
vt 0.63750 1.52635
vn 0.49983 0.86612 0.00000
f 1672/1672/558 1673/1673/558 1674/1674/558
v -0.99835 2.02770 0.22500
vt 0.61250 1.51385
v -1.24315 1.60350 0.22500
vt 0.61250 1.30175
v -1.28645 1.62850 0.22500
vt 0.61250 1.31425
vn -0.00000 0.00000 -1.00000
f 1675/1675/559 1676/1676/559 1677/1677/559
v -0.99835 2.02770 0.22500
vt 0.61250 1.51385
v -1.28645 1.62850 0.22500
vt 0.61250 1.31425
v -1.04165 2.05270 0.22500
vt 0.61250 1.52635
vn -0.00000 0.00000 -1.00000
f 1678/1678/560 1679/1679/560 1680/1680/560
v 1.04165 2.05270 0.22500
vt 0.61250 1.52635
v 1.24315 1.60350 0.22500
vt 0.61250 1.30175
v 0.99835 2.02770 0.22500
vt 0.61250 1.51385
vn -0.00000 0.00000 -1.00000
f 1681/1681/561 1682/1682/561 1683/1683/561
v 1.04165 2.05270 0.22500
vt 0.61250 1.52635
v 1.28645 1.62850 0.22500
vt 0.61250 1.31425
v 1.24315 1.60350 0.22500
vt 0.61250 1.30175
vn -0.00000 0.00000 -1.00000
f 1684/1684/562 1685/1685/562 1686/1686/562
v 1.24315 1.60350 0.27500
vt 0.63750 1.30175
v 1.24315 1.60350 0.22500
vt 0.61250 1.30175
v 1.28645 1.62850 0.22500
vt 0.61250 1.31425
vn 0.49983 -0.86612 -0.00000
f 1687/1687/563 1688/1688/563 1689/1689/563
v 1.24315 1.60350 0.27500
vt 0.63750 1.30175
v 1.28645 1.62850 0.22500
vt 0.61250 1.31425
v 1.28645 1.62850 0.27500
vt 0.63750 1.31425
vn 0.49983 -0.86612 -0.00000
f 1690/1690/564 1691/1691/564 1692/1692/564
v 1.04165 2.05270 0.27500
vt 0.63750 1.52635
v 1.28645 1.62850 0.22500
vt 0.61250 1.31425
v 1.04165 2.05270 0.22500
vt 0.61250 1.52635
vn 0.86612 0.49983 0.00000
f 1693/1693/565 1694/1694/565 1695/1695/565
v 1.04165 2.05270 0.27500
vt 0.63750 1.52635
v 1.28645 1.62850 0.27500
vt 0.63750 1.31425
v 1.28645 1.62850 0.22500
vt 0.61250 1.31425
vn 0.86612 0.49983 0.00000
f 1696/1696/566 1697/1697/566 1698/1698/566
v 0.99835 2.02770 0.27500
vt 0.63750 1.51385
v 0.99835 2.02770 0.22500
vt 0.61250 1.51385
v 1.24315 1.60350 0.22500
vt 0.61250 1.30175
vn -0.86612 -0.49983 -0.00000
f 1699/1699/567 1700/1700/567 1701/1701/567
v 0.99835 2.02770 0.27500
vt 0.63750 1.51385
v 1.24315 1.60350 0.22500
vt 0.61250 1.30175
v 1.24315 1.60350 0.27500
vt 0.63750 1.30175
vn -0.86612 -0.49983 -0.00000
f 1702/1702/568 1703/1703/568 1704/1704/568
v 0.99835 2.02770 0.27500
vt 0.63750 1.51385
v 1.04165 2.05270 0.22500
vt 0.61250 1.52635
v 0.99835 2.02770 0.22500
vt 0.61250 1.51385
vn -0.49983 0.86612 0.00000
f 1705/1705/569 1706/1706/569 1707/1707/569
v 0.99835 2.02770 0.27500
vt 0.63750 1.51385
v 1.04165 2.05270 0.27500
vt 0.63750 1.52635
v 1.04165 2.05270 0.22500
vt 0.61250 1.52635
vn -0.49983 0.86612 0.00000
f 1708/1708/570 1709/1709/570 1710/1710/570
v 0.99835 2.02770 0.27500
vt 0.63750 1.51385
v 1.24315 1.60350 0.27500
vt 0.63750 1.30175
v 1.28645 1.62850 0.27500
vt 0.63750 1.31425
vn -0.00000 0.00000 1.00000
f 1711/1711/571 1712/1712/571 1713/1713/571
v 0.99835 2.02770 0.27500
vt 0.63750 1.51385
v 1.28645 1.62850 0.27500
vt 0.63750 1.31425
v 1.04165 2.05270 0.27500
vt 0.63750 1.52635
vn -0.00000 0.00000 1.00000
f 1714/1714/572 1715/1715/572 1716/1716/572
v -0.57107 2.26508 0.27500
vt 0.63750 1.63254
v -1.03007 2.06308 0.27500
vt 0.63750 1.53154
v -1.00993 2.01732 0.27500
vt 0.63750 1.50866
vn 0.00000 -0.00000 1.00000
f 1717/1717/573 1718/1718/573 1719/1719/573
v -0.57107 2.26508 0.27500
vt 0.63750 1.63254
v -1.00993 2.01732 0.27500
vt 0.63750 1.50866
v -0.55093 2.21932 0.27500
vt 0.63750 1.60966
vn 0.00000 -0.00000 1.00000
f 1720/1720/574 1721/1721/574 1722/1722/574
v -1.00993 2.01732 0.22500
vt 0.61250 1.50866
v -1.00993 2.01732 0.27500
vt 0.63750 1.50866
v -1.03007 2.06308 0.27500
vt 0.63750 1.53154
vn -0.91529 -0.40281 0.00000
f 1723/1723/575 1724/1724/575 1725/1725/575
v -1.00993 2.01732 0.22500
vt 0.61250 1.50866
v -1.03007 2.06308 0.27500
vt 0.63750 1.53154
v -1.03007 2.06308 0.22500
vt 0.61250 1.53154
vn -0.91529 -0.40281 0.00000
f 1726/1726/576 1727/1727/576 1728/1728/576
v -0.57107 2.26508 0.22500
vt 0.61250 1.63254
v -1.03007 2.06308 0.27500
vt 0.63750 1.53154
v -0.57107 2.26508 0.27500
vt 0.63750 1.63254
vn -0.40281 0.91529 0.00000
f 1729/1729/577 1730/1730/577 1731/1731/577
v -0.57107 2.26508 0.22500
vt 0.61250 1.63254
v -1.03007 2.06308 0.22500
vt 0.61250 1.53154
v -1.03007 2.06308 0.27500
vt 0.63750 1.53154
vn -0.40281 0.91529 0.00000
f 1732/1732/578 1733/1733/578 1734/1734/578
v -0.55093 2.21932 0.22500
vt 0.61250 1.60966
v -0.55093 2.21932 0.27500
vt 0.63750 1.60966
v -1.00993 2.01732 0.27500
vt 0.63750 1.50866
vn 0.40281 -0.91529 0.00000
f 1735/1735/579 1736/1736/579 1737/1737/579
v -0.55093 2.21932 0.22500
vt 0.61250 1.60966
v -1.00993 2.01732 0.27500
vt 0.63750 1.50866
v -1.00993 2.01732 0.22500
vt 0.61250 1.50866
vn 0.40281 -0.91529 0.00000
f 1738/1738/580 1739/1739/580 1740/1740/580
v -0.55093 2.21932 0.22500
vt 0.61250 1.60966
v -0.57107 2.26508 0.27500
vt 0.63750 1.63254
v -0.55093 2.21932 0.27500
vt 0.63750 1.60966
vn 0.91529 0.40281 0.00000
f 1741/1741/581 1742/1742/581 1743/1743/581
v -0.55093 2.21932 0.22500
vt 0.61250 1.60966
v -0.57107 2.26508 0.22500
vt 0.61250 1.63254
v -0.57107 2.26508 0.27500
vt 0.63750 1.63254
vn 0.91529 0.40281 0.00000
f 1744/1744/582 1745/1745/582 1746/1746/582
v -0.55093 2.21932 0.22500
vt 0.61250 1.60966
v -1.00993 2.01732 0.22500
vt 0.61250 1.50866
v -1.03007 2.06308 0.22500
vt 0.61250 1.53154
vn -0.00000 0.00000 -1.00000
f 1747/1747/583 1748/1748/583 1749/1749/583
v -0.55093 2.21932 0.22500
vt 0.61250 1.60966
v -1.03007 2.06308 0.22500
vt 0.61250 1.53154
v -0.57107 2.26508 0.22500
vt 0.61250 1.63254
vn -0.00000 0.00000 -1.00000
f 1750/1750/584 1751/1751/584 1752/1752/584
v 0.57107 2.26508 0.22500
vt 0.61250 1.63254
v 1.00993 2.01732 0.22500
vt 0.61250 1.50866
v 0.55093 2.21932 0.22500
vt 0.61250 1.60966
vn -0.00000 0.00000 -1.00000
f 1753/1753/585 1754/1754/585 1755/1755/585
v 0.57107 2.26508 0.22500
vt 0.61250 1.63254
v 1.03007 2.06308 0.22500
vt 0.61250 1.53154
v 1.00993 2.01732 0.22500
vt 0.61250 1.50866
vn -0.00000 0.00000 -1.00000
f 1756/1756/586 1757/1757/586 1758/1758/586
v 1.00993 2.01732 0.27500
vt 0.63750 1.50866
v 1.00993 2.01732 0.22500
vt 0.61250 1.50866
v 1.03007 2.06308 0.22500
vt 0.61250 1.53154
vn 0.91529 -0.40281 -0.00000
f 1759/1759/587 1760/1760/587 1761/1761/587
v 1.00993 2.01732 0.27500
vt 0.63750 1.50866
v 1.03007 2.06308 0.22500
vt 0.61250 1.53154
v 1.03007 2.06308 0.27500
vt 0.63750 1.53154
vn 0.91529 -0.40281 -0.00000
f 1762/1762/588 1763/1763/588 1764/1764/588
v 0.57107 2.26508 0.27500
vt 0.63750 1.63254
v 1.03007 2.06308 0.22500
vt 0.61250 1.53154
v 0.57107 2.26508 0.22500
vt 0.61250 1.63254
vn 0.40281 0.91529 0.00000
f 1765/1765/589 1766/1766/589 1767/1767/589
v 0.57107 2.26508 0.27500
vt 0.63750 1.63254
v 1.03007 2.06308 0.27500
vt 0.63750 1.53154
v 1.03007 2.06308 0.22500
vt 0.61250 1.53154
vn 0.40281 0.91529 0.00000
f 1768/1768/590 1769/1769/590 1770/1770/590
v 0.55093 2.21932 0.27500
vt 0.63750 1.60966
v 0.55093 2.21932 0.22500
vt 0.61250 1.60966
v 1.00993 2.01732 0.22500
vt 0.61250 1.50866
vn -0.40281 -0.91529 -0.00000
f 1771/1771/591 1772/1772/591 1773/1773/591
v 0.55093 2.21932 0.27500
vt 0.63750 1.60966
v 1.00993 2.01732 0.22500
vt 0.61250 1.50866
v 1.00993 2.01732 0.27500
vt 0.63750 1.50866
vn -0.40281 -0.91529 -0.00000
f 1774/1774/592 1775/1775/592 1776/1776/592
v 0.55093 2.21932 0.27500
vt 0.63750 1.60966
v 0.57107 2.26508 0.22500
vt 0.61250 1.63254
v 0.55093 2.21932 0.22500
vt 0.61250 1.60966
vn -0.91529 0.40281 0.00000
f 1777/1777/593 1778/1778/593 1779/1779/593
v 0.55093 2.21932 0.27500
vt 0.63750 1.60966
v 0.57107 2.26508 0.27500
vt 0.63750 1.63254
v 0.57107 2.26508 0.22500
vt 0.61250 1.63254
vn -0.91529 0.40281 0.00000
f 1780/1780/594 1781/1781/594 1782/1782/594
v 0.55093 2.21932 0.27500
vt 0.63750 1.60966
v 1.00993 2.01732 0.27500
vt 0.63750 1.50866
v 1.03007 2.06308 0.27500
vt 0.63750 1.53154
vn -0.00000 0.00000 1.00000
f 1783/1783/595 1784/1784/595 1785/1785/595
v 0.55093 2.21932 0.27500
vt 0.63750 1.60966
v 1.03007 2.06308 0.27500
vt 0.63750 1.53154
v 0.57107 2.26508 0.27500
vt 0.63750 1.63254
vn -0.00000 0.00000 1.00000
f 1786/1786/596 1787/1787/596 1788/1788/596
v -0.00268 2.32766 0.27500
vt 0.63750 1.66383
v -0.56368 2.26706 0.27500
vt 0.63750 1.63353
v -0.55832 2.21734 0.27500
vt 0.63750 1.60867
vn 0.00000 -0.00000 1.00000
f 1789/1789/597 1790/1790/597 1791/1791/597
v -0.00268 2.32766 0.27500
vt 0.63750 1.66383
v -0.55832 2.21734 0.27500
vt 0.63750 1.60867
v 0.00268 2.27794 0.27500
vt 0.63750 1.63897
vn 0.00000 -0.00000 1.00000
f 1792/1792/598 1793/1793/598 1794/1794/598
v -0.55832 2.21734 0.22500
vt 0.61250 1.60867
v -0.55832 2.21734 0.27500
vt 0.63750 1.60867
v -0.56368 2.26706 0.27500
vt 0.63750 1.63353
vn -0.99422 -0.10740 0.00000
f 1795/1795/599 1796/1796/599 1797/1797/599
v -0.55832 2.21734 0.22500
vt 0.61250 1.60867
v -0.56368 2.26706 0.27500
vt 0.63750 1.63353
v -0.56368 2.26706 0.22500
vt 0.61250 1.63353
vn -0.99422 -0.10740 0.00000
f 1798/1798/600 1799/1799/600 1800/1800/600
v 0.00268 2.27794 0.22500
vt 0.61250 1.63897
v 0.00268 2.27794 0.27500
vt 0.63750 1.63897
v -0.55832 2.21734 0.27500
vt 0.63750 1.60867
vn 0.10740 -0.99422 0.00000
f 1801/1801/601 1802/1802/601 1803/1803/601
v 0.00268 2.27794 0.22500
vt 0.61250 1.63897
v -0.55832 2.21734 0.27500
vt 0.63750 1.60867
v -0.55832 2.21734 0.22500
vt 0.61250 1.60867
vn 0.10740 -0.99422 0.00000
f 1804/1804/602 1805/1805/602 1806/1806/602
v -0.00268 2.32766 0.22500
vt 0.61250 1.66383
v -0.56368 2.26706 0.27500
vt 0.63750 1.63353
v -0.00268 2.32766 0.27500
vt 0.63750 1.66383
vn -0.10740 0.99422 0.00000
f 1807/1807/603 1808/1808/603 1809/1809/603
v -0.00268 2.32766 0.22500
vt 0.61250 1.66383
v -0.56368 2.26706 0.22500
vt 0.61250 1.63353
v -0.56368 2.26706 0.27500
vt 0.63750 1.63353
vn -0.10740 0.99422 0.00000
f 1810/1810/604 1811/1811/604 1812/1812/604
v -0.00268 2.32766 0.22500
vt 0.61250 1.66383
v -0.55832 2.21734 0.22500
vt 0.61250 1.60867
v -0.56368 2.26706 0.22500
vt 0.61250 1.63353
vn -0.00000 0.00000 -1.00000
f 1813/1813/605 1814/1814/605 1815/1815/605
v -0.00268 2.32766 0.22500
vt 0.61250 1.66383
v 0.00268 2.27794 0.22500
vt 0.61250 1.63897
v -0.55832 2.21734 0.22500
vt 0.61250 1.60867
vn -0.00000 0.00000 -1.00000
f 1816/1816/606 1817/1817/606 1818/1818/606
v -0.00268 2.32766 0.22500
vt 0.61250 1.66383
v -0.00268 2.32766 0.27500
vt 0.63750 1.66383
v 0.00268 2.27794 0.27500
vt 0.63750 1.63897
vn 0.99422 0.10740 0.00000
f 1819/1819/607 1820/1820/607 1821/1821/607
v -0.00268 2.32766 0.22500
vt 0.61250 1.66383
v 0.00268 2.27794 0.27500
vt 0.63750 1.63897
v 0.00268 2.27794 0.22500
vt 0.61250 1.63897
vn 0.99422 0.10740 0.00000
f 1822/1822/608 1823/1823/608 1824/1824/608
v 0.00268 2.32766 0.22500
vt 0.61250 1.66383
v 0.55832 2.21734 0.22500
vt 0.61250 1.60867
v -0.00268 2.27794 0.22500
vt 0.61250 1.63897
vn -0.00000 0.00000 -1.00000
f 1825/1825/609 1826/1826/609 1827/1827/609
v 0.00268 2.32766 0.22500
vt 0.61250 1.66383
v 0.56368 2.26706 0.22500
vt 0.61250 1.63353
v 0.55832 2.21734 0.22500
vt 0.61250 1.60867
vn -0.00000 0.00000 -1.00000
f 1828/1828/610 1829/1829/610 1830/1830/610
v 0.55832 2.21734 0.27500
vt 0.63750 1.60867
v 0.55832 2.21734 0.22500
vt 0.61250 1.60867
v 0.56368 2.26706 0.22500
vt 0.61250 1.63353
vn 0.99422 -0.10740 -0.00000
f 1831/1831/611 1832/1832/611 1833/1833/611
v 0.55832 2.21734 0.27500
vt 0.63750 1.60867
v 0.56368 2.26706 0.22500
vt 0.61250 1.63353
v 0.56368 2.26706 0.27500
vt 0.63750 1.63353
vn 0.99422 -0.10740 -0.00000
f 1834/1834/612 1835/1835/612 1836/1836/612
v 0.00268 2.32766 0.27500
vt 0.63750 1.66383
v 0.56368 2.26706 0.22500
vt 0.61250 1.63353
v 0.00268 2.32766 0.22500
vt 0.61250 1.66383
vn 0.10740 0.99422 0.00000
f 1837/1837/613 1838/1838/613 1839/1839/613
v 0.00268 2.32766 0.27500
vt 0.63750 1.66383
v 0.56368 2.26706 0.27500
vt 0.63750 1.63353
v 0.56368 2.26706 0.22500
vt 0.61250 1.63353
vn 0.10740 0.99422 0.00000
f 1840/1840/614 1841/1841/614 1842/1842/614
v -0.00268 2.27794 0.27500
vt 0.63750 1.63897
v -0.00268 2.27794 0.22500
vt 0.61250 1.63897
v 0.55832 2.21734 0.22500
vt 0.61250 1.60867
vn -0.10740 -0.99422 -0.00000
f 1843/1843/615 1844/1844/615 1845/1845/615
v -0.00268 2.27794 0.27500
vt 0.63750 1.63897
v 0.55832 2.21734 0.22500
vt 0.61250 1.60867
v 0.55832 2.21734 0.27500
vt 0.63750 1.60867
vn -0.10740 -0.99422 -0.00000
f 1846/1846/616 1847/1847/616 1848/1848/616
v -0.00268 2.27794 0.27500
vt 0.63750 1.63897
v 0.00268 2.32766 0.22500
vt 0.61250 1.66383
v -0.00268 2.27794 0.22500
vt 0.61250 1.63897
vn -0.99422 0.10740 0.00000
f 1849/1849/617 1850/1850/617 1851/1851/617
v -0.00268 2.27794 0.27500
vt 0.63750 1.63897
v 0.00268 2.32766 0.27500
vt 0.63750 1.66383
v 0.00268 2.32766 0.22500
vt 0.61250 1.66383
vn -0.99422 0.10740 0.00000
f 1852/1852/618 1853/1853/618 1854/1854/618
v -0.00268 2.27794 0.27500
vt 0.63750 1.63897
v 0.55832 2.21734 0.27500
vt 0.63750 1.60867
v 0.56368 2.26706 0.27500
vt 0.63750 1.63353
vn -0.00000 0.00000 1.00000
f 1855/1855/619 1856/1856/619 1857/1857/619
v -0.00268 2.27794 0.27500
vt 0.63750 1.63897
v 0.56368 2.26706 0.27500
vt 0.63750 1.63353
v 0.00268 2.32766 0.27500
vt 0.63750 1.66383
vn -0.00000 0.00000 1.00000
f 1858/1858/620 1859/1859/620 1860/1860/620
v -1.30000 0.00000 -3.72000
vt -1.36000 0.50000
v 1.30000 0.00000 -3.72000
vt -1.36000 0.50000
v 1.30000 -0.22000 -3.72000
vt -1.36000 0.39000
vn 0.00000 -0.00000 -1.00000
f 1861/1861/621 1862/1862/621 1863/1863/621
v -1.30000 0.00000 -3.72000
vt -1.36000 0.50000
v 1.30000 -0.22000 -3.72000
vt -1.36000 0.39000
v -1.30000 -0.22000 -3.72000
vt -1.36000 0.39000
vn 0.00000 -0.00000 -1.00000
f 1864/1864/622 1865/1865/622 1866/1866/622
v -1.30000 -0.22000 -3.50000
vt -1.25000 0.39000
v -1.30000 -0.22000 -3.72000
vt -1.36000 0.39000
v 1.30000 -0.22000 -3.72000
vt -1.36000 0.39000
vn -0.00000 -1.00000 0.00000
f 1867/1867/623 1868/1868/623 1869/1869/623
v -1.30000 -0.22000 -3.50000
vt -1.25000 0.39000
v 1.30000 -0.22000 -3.72000
vt -1.36000 0.39000
v 1.30000 -0.22000 -3.50000
vt -1.25000 0.39000
vn -0.00000 -1.00000 0.00000
f 1870/1870/624 1871/1871/624 1872/1872/624
v -1.30000 -0.22000 -3.50000
vt -1.25000 0.39000
v -1.30000 0.00000 -3.72000
vt -1.36000 0.50000
v -1.30000 -0.22000 -3.72000
vt -1.36000 0.39000
vn -1.00000 -0.00000 -0.00000
f 1873/1873/625 1874/1874/625 1875/1875/625
v -1.30000 -0.22000 -3.50000
vt -1.25000 0.39000
v -1.30000 0.00000 -3.50000
vt -1.25000 0.50000
v -1.30000 0.00000 -3.72000
vt -1.36000 0.50000
vn -1.00000 -0.00000 -0.00000
f 1876/1876/626 1877/1877/626 1878/1878/626
v 1.30000 0.00000 -3.50000
vt -1.25000 0.50000
v 1.30000 -0.22000 -3.72000
vt -1.36000 0.39000
v 1.30000 0.00000 -3.72000
vt -1.36000 0.50000
vn 1.00000 -0.00000 -0.00000
f 1879/1879/627 1880/1880/627 1881/1881/627
v 1.30000 0.00000 -3.50000
vt -1.25000 0.50000
v 1.30000 -0.22000 -3.50000
vt -1.25000 0.39000
v 1.30000 -0.22000 -3.72000
vt -1.36000 0.39000
vn 1.00000 -0.00000 -0.00000
f 1882/1882/628 1883/1883/628 1884/1884/628
v 1.30000 0.00000 -3.50000
vt -1.25000 0.50000
v 1.30000 0.00000 -3.72000
vt -1.36000 0.50000
v -1.30000 0.00000 -3.72000
vt -1.36000 0.50000
vn -0.00000 1.00000 -0.00000
f 1885/1885/629 1886/1886/629 1887/1887/629
v 1.30000 0.00000 -3.50000
vt -1.25000 0.50000
v -1.30000 0.00000 -3.72000
vt -1.36000 0.50000
v -1.30000 0.00000 -3.50000
vt -1.25000 0.50000
vn -0.00000 1.00000 -0.00000
f 1888/1888/630 1889/1889/630 1890/1890/630
v 1.30000 0.00000 -3.50000
vt -1.25000 0.50000
v -1.30000 -0.22000 -3.50000
vt -1.25000 0.39000
v 1.30000 -0.22000 -3.50000
vt -1.25000 0.39000
vn 0.00000 -0.00000 1.00000
f 1891/1891/631 1892/1892/631 1893/1893/631
v 1.30000 0.00000 -3.50000
vt -1.25000 0.50000
v -1.30000 0.00000 -3.50000
vt -1.25000 0.50000
v -1.30000 -0.22000 -3.50000
vt -1.25000 0.39000
vn 0.00000 -0.00000 1.00000
f 1894/1894/632 1895/1895/632 1896/1896/632
v -1.28000 0.00000 -3.25000
vt -1.12500 0.50000
v -1.00000 0.00000 -3.25000
vt -1.12500 0.50000
v -1.00000 -0.75000 -3.25000
vt -1.12500 0.12500
vn 0.00000 -0.00000 -1.00000
f 1897/1897/633 1898/1898/633 1899/1899/633
v -1.28000 0.00000 -3.25000
vt -1.12500 0.50000
v -1.00000 -0.75000 -3.25000
vt -1.12500 0.12500
v -1.28000 -0.75000 -3.25000
vt -1.12500 0.12500
vn 0.00000 -0.00000 -1.00000
f 1900/1900/634 1901/1901/634 1902/1902/634
v -1.28000 -0.75000 -3.21000
vt -1.10500 0.12500
v -1.28000 -0.75000 -3.25000
vt -1.12500 0.12500
v -1.00000 -0.75000 -3.25000
vt -1.12500 0.12500
vn -0.00000 -1.00000 0.00000
f 1903/1903/635 1904/1904/635 1905/1905/635
v -1.28000 -0.75000 -3.21000
vt -1.10500 0.12500
v -1.00000 -0.75000 -3.25000
vt -1.12500 0.12500
v -1.00000 -0.75000 -3.21000
vt -1.10500 0.12500
vn -0.00000 -1.00000 0.00000
f 1906/1906/636 1907/1907/636 1908/1908/636
v -1.28000 -0.75000 -3.21000
vt -1.10500 0.12500
v -1.28000 0.00000 -3.25000
vt -1.12500 0.50000
v -1.28000 -0.75000 -3.25000
vt -1.12500 0.12500
vn -1.00000 -0.00000 -0.00000
f 1909/1909/637 1910/1910/637 1911/1911/637
v -1.28000 -0.75000 -3.21000
vt -1.10500 0.12500
v -1.28000 0.00000 -3.21000
vt -1.10500 0.50000
v -1.28000 0.00000 -3.25000
vt -1.12500 0.50000
vn -1.00000 -0.00000 -0.00000
f 1912/1912/638 1913/1913/638 1914/1914/638
v -1.00000 0.00000 -3.21000
vt -1.10500 0.50000
v -1.00000 -0.75000 -3.25000
vt -1.12500 0.12500
v -1.00000 0.00000 -3.25000
vt -1.12500 0.50000
vn 1.00000 -0.00000 -0.00000
f 1915/1915/639 1916/1916/639 1917/1917/639
v -1.00000 0.00000 -3.21000
vt -1.10500 0.50000
v -1.00000 -0.75000 -3.21000
vt -1.10500 0.12500
v -1.00000 -0.75000 -3.25000
vt -1.12500 0.12500
vn 1.00000 -0.00000 -0.00000
f 1918/1918/640 1919/1919/640 1920/1920/640
v -1.00000 0.00000 -3.21000
vt -1.10500 0.50000
v -1.00000 0.00000 -3.25000
vt -1.12500 0.50000
v -1.28000 0.00000 -3.25000
vt -1.12500 0.50000
vn -0.00000 1.00000 -0.00000
f 1921/1921/641 1922/1922/641 1923/1923/641
v -1.00000 0.00000 -3.21000
vt -1.10500 0.50000
v -1.28000 0.00000 -3.25000
vt -1.12500 0.50000
v -1.28000 0.00000 -3.21000
vt -1.10500 0.50000
vn -0.00000 1.00000 -0.00000
f 1924/1924/642 1925/1925/642 1926/1926/642
v -1.00000 0.00000 -3.21000
vt -1.10500 0.50000
v -1.28000 -0.75000 -3.21000
vt -1.10500 0.12500
v -1.00000 -0.75000 -3.21000
vt -1.10500 0.12500
vn 0.00000 -0.00000 1.00000
f 1927/1927/643 1928/1928/643 1929/1929/643
v -1.00000 0.00000 -3.21000
vt -1.10500 0.50000
v -1.28000 0.00000 -3.21000
vt -1.10500 0.50000
v -1.28000 -0.75000 -3.21000
vt -1.10500 0.12500
vn 0.00000 -0.00000 1.00000
f 1930/1930/644 1931/1931/644 1932/1932/644
v 1.00000 0.00000 -3.25000
vt -1.12500 0.50000
v 1.28000 0.00000 -3.25000
vt -1.12500 0.50000
v 1.28000 -0.75000 -3.25000
vt -1.12500 0.12500
vn 0.00000 -0.00000 -1.00000
f 1933/1933/645 1934/1934/645 1935/1935/645
v 1.00000 0.00000 -3.25000
vt -1.12500 0.50000
v 1.28000 -0.75000 -3.25000
vt -1.12500 0.12500
v 1.00000 -0.75000 -3.25000
vt -1.12500 0.12500
vn 0.00000 -0.00000 -1.00000
f 1936/1936/646 1937/1937/646 1938/1938/646
v 1.00000 -0.75000 -3.21000
vt -1.10500 0.12500
v 1.00000 -0.75000 -3.25000
vt -1.12500 0.12500
v 1.28000 -0.75000 -3.25000
vt -1.12500 0.12500
vn -0.00000 -1.00000 0.00000
f 1939/1939/647 1940/1940/647 1941/1941/647
v 1.00000 -0.75000 -3.21000
vt -1.10500 0.12500
v 1.28000 -0.75000 -3.25000
vt -1.12500 0.12500
v 1.28000 -0.75000 -3.21000
vt -1.10500 0.12500
vn -0.00000 -1.00000 0.00000
f 1942/1942/648 1943/1943/648 1944/1944/648
v 1.00000 -0.75000 -3.21000
vt -1.10500 0.12500
v 1.00000 0.00000 -3.25000
vt -1.12500 0.50000
v 1.00000 -0.75000 -3.25000
vt -1.12500 0.12500
vn -1.00000 -0.00000 -0.00000
f 1945/1945/649 1946/1946/649 1947/1947/649
v 1.00000 -0.75000 -3.21000
vt -1.10500 0.12500
v 1.00000 0.00000 -3.21000
vt -1.10500 0.50000
v 1.00000 0.00000 -3.25000
vt -1.12500 0.50000
vn -1.00000 -0.00000 -0.00000
f 1948/1948/650 1949/1949/650 1950/1950/650
v 1.28000 0.00000 -3.21000
vt -1.10500 0.50000
v 1.28000 -0.75000 -3.25000
vt -1.12500 0.12500
v 1.28000 0.00000 -3.25000
vt -1.12500 0.50000
vn 1.00000 -0.00000 -0.00000
f 1951/1951/651 1952/1952/651 1953/1953/651
v 1.28000 0.00000 -3.21000
vt -1.10500 0.50000
v 1.28000 -0.75000 -3.21000
vt -1.10500 0.12500
v 1.28000 -0.75000 -3.25000
vt -1.12500 0.12500
vn 1.00000 -0.00000 -0.00000
f 1954/1954/652 1955/1955/652 1956/1956/652
v 1.28000 0.00000 -3.21000
vt -1.10500 0.50000
v 1.28000 0.00000 -3.25000
vt -1.12500 0.50000
v 1.00000 0.00000 -3.25000
vt -1.12500 0.50000
vn -0.00000 1.00000 -0.00000
f 1957/1957/653 1958/1958/653 1959/1959/653
v 1.28000 0.00000 -3.21000
vt -1.10500 0.50000
v 1.00000 0.00000 -3.25000
vt -1.12500 0.50000
v 1.00000 0.00000 -3.21000
vt -1.10500 0.50000
vn -0.00000 1.00000 -0.00000
f 1960/1960/654 1961/1961/654 1962/1962/654
v 1.28000 0.00000 -3.21000
vt -1.10500 0.50000
v 1.00000 -0.75000 -3.21000
vt -1.10500 0.12500
v 1.28000 -0.75000 -3.21000
vt -1.10500 0.12500
vn 0.00000 -0.00000 1.00000
f 1963/1963/655 1964/1964/655 1965/1965/655
v 1.28000 0.00000 -3.21000
vt -1.10500 0.50000
v 1.00000 0.00000 -3.21000
vt -1.10500 0.50000
v 1.00000 -0.75000 -3.21000
vt -1.10500 0.12500
vn 0.00000 -0.00000 1.00000
f 1966/1966/656 1967/1967/656 1968/1968/656
v -0.08000 -0.08000 -3.98000
vt -1.49000 0.46000
v 0.08000 -0.08000 -3.98000
vt -1.49000 0.46000
v 0.08000 -0.20000 -3.98000
vt -1.49000 0.40000
vn 0.00000 -0.00000 -1.00000
f 1969/1969/657 1970/1970/657 1971/1971/657
v -0.08000 -0.08000 -3.98000
vt -1.49000 0.46000
v 0.08000 -0.20000 -3.98000
vt -1.49000 0.40000
v -0.08000 -0.20000 -3.98000
vt -1.49000 0.40000
vn 0.00000 -0.00000 -1.00000
f 1972/1972/658 1973/1973/658 1974/1974/658
v -0.08000 -0.20000 -3.72000
vt -1.36000 0.40000
v -0.08000 -0.20000 -3.98000
vt -1.49000 0.40000
v 0.08000 -0.20000 -3.98000
vt -1.49000 0.40000
vn -0.00000 -1.00000 0.00000
f 1975/1975/659 1976/1976/659 1977/1977/659
v -0.08000 -0.20000 -3.72000
vt -1.36000 0.40000
v 0.08000 -0.20000 -3.98000
vt -1.49000 0.40000
v 0.08000 -0.20000 -3.72000
vt -1.36000 0.40000
vn -0.00000 -1.00000 0.00000
f 1978/1978/660 1979/1979/660 1980/1980/660
v -0.08000 -0.20000 -3.72000
vt -1.36000 0.40000
v -0.08000 -0.08000 -3.98000
vt -1.49000 0.46000
v -0.08000 -0.20000 -3.98000
vt -1.49000 0.40000
vn -1.00000 -0.00000 -0.00000
f 1981/1981/661 1982/1982/661 1983/1983/661
v -0.08000 -0.20000 -3.72000
vt -1.36000 0.40000
v -0.08000 -0.08000 -3.72000
vt -1.36000 0.46000
v -0.08000 -0.08000 -3.98000
vt -1.49000 0.46000
vn -1.00000 -0.00000 -0.00000
f 1984/1984/662 1985/1985/662 1986/1986/662
v 0.08000 -0.08000 -3.72000
vt -1.36000 0.46000
v 0.08000 -0.20000 -3.98000
vt -1.49000 0.40000
v 0.08000 -0.08000 -3.98000
vt -1.49000 0.46000
vn 1.00000 -0.00000 -0.00000
f 1987/1987/663 1988/1988/663 1989/1989/663
v 0.08000 -0.08000 -3.72000
vt -1.36000 0.46000
v 0.08000 -0.20000 -3.72000
vt -1.36000 0.40000
v 0.08000 -0.20000 -3.98000
vt -1.49000 0.40000
vn 1.00000 -0.00000 -0.00000
f 1990/1990/664 1991/1991/664 1992/1992/664
v 0.08000 -0.08000 -3.72000
vt -1.36000 0.46000
v 0.08000 -0.08000 -3.98000
vt -1.49000 0.46000
v -0.08000 -0.08000 -3.98000
vt -1.49000 0.46000
vn -0.00000 1.00000 -0.00000
f 1993/1993/665 1994/1994/665 1995/1995/665
v 0.08000 -0.08000 -3.72000
vt -1.36000 0.46000
v -0.08000 -0.08000 -3.98000
vt -1.49000 0.46000
v -0.08000 -0.08000 -3.72000
vt -1.36000 0.46000
vn -0.00000 1.00000 -0.00000
f 1996/1996/666 1997/1997/666 1998/1998/666
v 0.08000 -0.08000 -3.72000
vt -1.36000 0.46000
v -0.08000 -0.20000 -3.72000
vt -1.36000 0.40000
v 0.08000 -0.20000 -3.72000
vt -1.36000 0.40000
vn 0.00000 -0.00000 1.00000
f 1999/1999/667 2000/2000/667 2001/2001/667
v 0.08000 -0.08000 -3.72000
vt -1.36000 0.46000
v -0.08000 -0.08000 -3.72000
vt -1.36000 0.46000
v -0.08000 -0.20000 -3.72000
vt -1.36000 0.40000
vn 0.00000 -0.00000 1.00000
f 2002/2002/668 2003/2003/668 2004/2004/668
o Body
usemtl Body
v -0.70000 1.05000 2.20000
vt 1.60000 1.02500
v -0.70000 0.30000 2.20000
vt 1.60000 0.65000
v -0.70000 0.30000 3.62000
vt 2.31000 0.65000
vn -1.00000 -0.00000 -0.00000
f 2005/2005/669 2006/2006/669 2007/2007/669
v 0.70000 0.30000 3.62000
vt 2.31000 0.65000
v 0.70000 0.30000 2.20000
vt 1.60000 0.65000
v 0.70000 1.05000 2.20000
vt 1.60000 1.02500
vn 1.00000 -0.00000 -0.00000
f 2008/2008/670 2009/2009/670 2010/2010/670
v 0.70000 0.30000 3.62000
vt 2.31000 0.65000
v 0.70000 1.05000 2.20000
vt 1.60000 1.02500
v 0.66000 0.98000 3.60000
vt 2.30000 0.99000
vn 0.99772 0.05962 0.03149
f 2011/2011/671 2012/2012/671 2013/2013/671
v -0.66000 0.98000 3.60000
vt 2.30000 0.99000
v -0.55000 1.13000 2.20000
vt 1.60000 1.06500
v -0.70000 1.05000 2.20000
vt 1.60000 1.02500
vn -0.46981 0.88089 0.05747
f 2014/2014/672 2015/2015/672 2016/2016/672
v -0.66000 0.98000 3.60000
vt 2.30000 0.99000
v -0.50000 1.06000 3.60000
vt 2.30000 1.03000
v -0.55000 1.13000 2.20000
vt 1.60000 1.06500
vn -0.44639 0.89278 0.06058
f 2017/2017/673 2018/2018/673 2019/2019/673
v -0.66000 0.98000 3.60000
vt 2.30000 0.99000
v -0.70000 1.05000 2.20000
vt 1.60000 1.02500
v -0.70000 0.30000 3.62000
vt 2.31000 0.65000
vn -0.99772 0.05962 0.03149
f 2020/2020/674 2021/2021/674 2022/2022/674
v -0.66000 0.98000 3.60000
vt 2.30000 0.99000
v -0.70000 0.30000 3.62000
vt 2.31000 0.65000
v -0.50000 1.06000 3.60000
vt 2.30000 1.03000
vn -0.01514 0.03029 0.99943
f 2023/2023/675 2024/2024/675 2025/2025/675
v 0.55000 1.13000 2.20000
vt 1.60000 1.06500
v 0.66000 0.98000 3.60000
vt 2.30000 0.99000
v 0.70000 1.05000 2.20000
vt 1.60000 1.02500
vn 0.46981 0.88089 0.05747
f 2026/2026/676 2027/2027/676 2028/2028/676
v 0.50000 1.06000 3.60000
vt 2.30000 1.03000
v 0.66000 0.98000 3.60000
vt 2.30000 0.99000
v 0.55000 1.13000 2.20000
vt 1.60000 1.06500
vn 0.44639 0.89278 0.06058
f 2029/2029/677 2030/2030/677 2031/2031/677
v 0.50000 1.06000 3.60000
vt 2.30000 1.03000
v 0.70000 0.30000 3.62000
vt 2.31000 0.65000
v 0.66000 0.98000 3.60000
vt 2.30000 0.99000
vn 0.01514 0.03029 0.99943
f 2032/2032/678 2033/2033/678 2034/2034/678
v 0.70000 0.30000 3.62000
vt 2.31000 0.65000
v -0.70000 0.30000 2.20000
vt 1.60000 0.65000
v 0.70000 0.30000 2.20000
vt 1.60000 0.65000
vn -0.00000 -1.00000 -0.00000
f 2035/2035/679 2036/2036/679 2037/2037/679
v 0.70000 0.30000 3.62000
vt 2.31000 0.65000
v -0.70000 0.30000 3.62000
vt 2.31000 0.65000
v -0.70000 0.30000 2.20000
vt 1.60000 0.65000
vn -0.00000 -1.00000 -0.00000
f 2038/2038/680 2039/2039/680 2040/2040/680
v 0.55000 1.13000 2.20000
vt 1.60000 1.06500
v -0.70000 0.30000 2.20000
vt 1.60000 0.65000
v -0.70000 1.05000 2.20000
vt 1.60000 1.02500
vn 0.00000 -0.00000 -1.00000
f 2041/2041/681 2042/2042/681 2043/2043/681
v 0.55000 1.13000 2.20000
vt 1.60000 1.06500
v 0.70000 0.30000 2.20000
vt 1.60000 0.65000
v -0.70000 0.30000 2.20000
vt 1.60000 0.65000
vn 0.00000 -0.00000 -1.00000
f 2044/2044/682 2045/2045/682 2046/2046/682
v 0.55000 1.13000 2.20000
vt 1.60000 1.06500
v -0.70000 1.05000 2.20000
vt 1.60000 1.02500
v -0.55000 1.13000 2.20000
vt 1.60000 1.06500
vn 0.00000 -0.00000 -1.00000
f 2047/2047/683 2048/2048/683 2049/2049/683
v 0.55000 1.13000 2.20000
vt 1.60000 1.06500
v 0.70000 1.05000 2.20000
vt 1.60000 1.02500
v 0.70000 0.30000 2.20000
vt 1.60000 0.65000
vn 0.00000 -0.00000 -1.00000
f 2050/2050/684 2051/2051/684 2052/2052/684
v 0.50000 1.06000 3.60000
vt 2.30000 1.03000
v 0.55000 1.13000 2.20000
vt 1.60000 1.06500
v -0.55000 1.13000 2.20000
vt 1.60000 1.06500
vn 0.00000 0.99875 0.04994
f 2053/2053/685 2054/2054/685 2055/2055/685
v 0.50000 1.06000 3.60000
vt 2.30000 1.03000
v -0.55000 1.13000 2.20000
vt 1.60000 1.06500
v -0.50000 1.06000 3.60000
vt 2.30000 1.03000
vn 0.00000 0.99875 0.04994
f 2056/2056/686 2057/2057/686 2058/2058/686
v 0.50000 1.06000 3.60000
vt 2.30000 1.03000
v -0.70000 0.30000 3.62000
vt 2.31000 0.65000
v 0.70000 0.30000 3.62000
vt 2.31000 0.65000
vn 0.00000 0.02631 0.99965
f 2059/2059/687 2060/2060/687 2061/2061/687
v 0.50000 1.06000 3.60000
vt 2.30000 1.03000
v -0.50000 1.06000 3.60000
vt 2.30000 1.03000
v -0.70000 0.30000 3.62000
vt 2.31000 0.65000
vn 0.00000 0.02631 0.99965
f 2062/2062/688 2063/2063/688 2064/2064/688
v 0.42000 0.92000 3.68000
vt 2.34000 0.96000
v 0.48000 0.92000 3.68000
vt 2.34000 0.96000
v 0.48000 0.38000 3.68000
vt 2.34000 0.69000
vn 0.00000 -0.00000 -1.00000
f 2065/2065/689 2066/2066/689 2067/2067/689
v 0.42000 0.92000 3.68000
vt 2.34000 0.96000
v 0.48000 0.38000 3.68000
vt 2.34000 0.69000
v 0.42000 0.38000 3.68000
vt 2.34000 0.69000
vn 0.00000 -0.00000 -1.00000
f 2068/2068/690 2069/2069/690 2070/2070/690
v 0.42000 0.38000 3.72000
vt 2.36000 0.69000
v 0.42000 0.38000 3.68000
vt 2.34000 0.69000
v 0.48000 0.38000 3.68000
vt 2.34000 0.69000
vn -0.00000 -1.00000 0.00000
f 2071/2071/691 2072/2072/691 2073/2073/691
v 0.42000 0.38000 3.72000
vt 2.36000 0.69000
v 0.48000 0.38000 3.68000
vt 2.34000 0.69000
v 0.48000 0.38000 3.72000
vt 2.36000 0.69000
vn -0.00000 -1.00000 0.00000
f 2074/2074/692 2075/2075/692 2076/2076/692
v 0.42000 0.38000 3.72000
vt 2.36000 0.69000
v 0.42000 0.92000 3.68000
vt 2.34000 0.96000
v 0.42000 0.38000 3.68000
vt 2.34000 0.69000
vn -1.00000 -0.00000 -0.00000
f 2077/2077/693 2078/2078/693 2079/2079/693
v 0.42000 0.38000 3.72000
vt 2.36000 0.69000
v 0.42000 0.92000 3.72000
vt 2.36000 0.96000
v 0.42000 0.92000 3.68000
vt 2.34000 0.96000
vn -1.00000 -0.00000 -0.00000
f 2080/2080/694 2081/2081/694 2082/2082/694
v 0.48000 0.92000 3.72000
vt 2.36000 0.96000
v 0.48000 0.38000 3.68000
vt 2.34000 0.69000
v 0.48000 0.92000 3.68000
vt 2.34000 0.96000
vn 1.00000 -0.00000 -0.00000
f 2083/2083/695 2084/2084/695 2085/2085/695
v 0.48000 0.92000 3.72000
vt 2.36000 0.96000
v 0.48000 0.38000 3.72000
vt 2.36000 0.69000
v 0.48000 0.38000 3.68000
vt 2.34000 0.69000
vn 1.00000 -0.00000 -0.00000
f 2086/2086/696 2087/2087/696 2088/2088/696
v 0.48000 0.92000 3.72000
vt 2.36000 0.96000
v 0.48000 0.92000 3.68000
vt 2.34000 0.96000
v 0.42000 0.92000 3.68000
vt 2.34000 0.96000
vn -0.00000 1.00000 -0.00000
f 2089/2089/697 2090/2090/697 2091/2091/697
v 0.48000 0.92000 3.72000
vt 2.36000 0.96000
v 0.42000 0.92000 3.68000
vt 2.34000 0.96000
v 0.42000 0.92000 3.72000
vt 2.36000 0.96000
vn -0.00000 1.00000 -0.00000
f 2092/2092/698 2093/2093/698 2094/2094/698
v 0.48000 0.92000 3.72000
vt 2.36000 0.96000
v 0.42000 0.38000 3.72000
vt 2.36000 0.69000
v 0.48000 0.38000 3.72000
vt 2.36000 0.69000
vn 0.00000 -0.00000 1.00000
f 2095/2095/699 2096/2096/699 2097/2097/699
v 0.48000 0.92000 3.72000
vt 2.36000 0.96000
v 0.42000 0.92000 3.72000
vt 2.36000 0.96000
v 0.42000 0.38000 3.72000
vt 2.36000 0.69000
vn 0.00000 -0.00000 1.00000
f 2098/2098/700 2099/2099/700 2100/2100/700
v 0.27000 0.92000 3.68000
vt 2.34000 0.96000
v 0.33000 0.92000 3.68000
vt 2.34000 0.96000
v 0.33000 0.38000 3.68000
vt 2.34000 0.69000
vn 0.00000 -0.00000 -1.00000
f 2101/2101/701 2102/2102/701 2103/2103/701
v 0.27000 0.92000 3.68000
vt 2.34000 0.96000
v 0.33000 0.38000 3.68000
vt 2.34000 0.69000
v 0.27000 0.38000 3.68000
vt 2.34000 0.69000
vn 0.00000 -0.00000 -1.00000
f 2104/2104/702 2105/2105/702 2106/2106/702
v 0.27000 0.38000 3.72000
vt 2.36000 0.69000
v 0.27000 0.38000 3.68000
vt 2.34000 0.69000
v 0.33000 0.38000 3.68000
vt 2.34000 0.69000
vn -0.00000 -1.00000 0.00000
f 2107/2107/703 2108/2108/703 2109/2109/703
v 0.27000 0.38000 3.72000
vt 2.36000 0.69000
v 0.33000 0.38000 3.68000
vt 2.34000 0.69000
v 0.33000 0.38000 3.72000
vt 2.36000 0.69000
vn -0.00000 -1.00000 0.00000
f 2110/2110/704 2111/2111/704 2112/2112/704
v 0.27000 0.38000 3.72000
vt 2.36000 0.69000
v 0.27000 0.92000 3.68000
vt 2.34000 0.96000
v 0.27000 0.38000 3.68000
vt 2.34000 0.69000
vn -1.00000 -0.00000 -0.00000
f 2113/2113/705 2114/2114/705 2115/2115/705
v 0.27000 0.38000 3.72000
vt 2.36000 0.69000
v 0.27000 0.92000 3.72000
vt 2.36000 0.96000
v 0.27000 0.92000 3.68000
vt 2.34000 0.96000
vn -1.00000 -0.00000 -0.00000
f 2116/2116/706 2117/2117/706 2118/2118/706
v 0.33000 0.92000 3.72000
vt 2.36000 0.96000
v 0.33000 0.38000 3.68000
vt 2.34000 0.69000
v 0.33000 0.92000 3.68000
vt 2.34000 0.96000
vn 1.00000 -0.00000 -0.00000
f 2119/2119/707 2120/2120/707 2121/2121/707
v 0.33000 0.92000 3.72000
vt 2.36000 0.96000
v 0.33000 0.38000 3.72000
vt 2.36000 0.69000
v 0.33000 0.38000 3.68000
vt 2.34000 0.69000
vn 1.00000 -0.00000 -0.00000
f 2122/2122/708 2123/2123/708 2124/2124/708
v 0.33000 0.92000 3.72000
vt 2.36000 0.96000
v 0.33000 0.92000 3.68000
vt 2.34000 0.96000
v 0.27000 0.92000 3.68000
vt 2.34000 0.96000
vn -0.00000 1.00000 -0.00000
f 2125/2125/709 2126/2126/709 2127/2127/709
v 0.33000 0.92000 3.72000
vt 2.36000 0.96000
v 0.27000 0.92000 3.68000
vt 2.34000 0.96000
v 0.27000 0.92000 3.72000
vt 2.36000 0.96000
vn -0.00000 1.00000 -0.00000
f 2128/2128/710 2129/2129/710 2130/2130/710
v 0.33000 0.92000 3.72000
vt 2.36000 0.96000
v 0.27000 0.38000 3.72000
vt 2.36000 0.69000
v 0.33000 0.38000 3.72000
vt 2.36000 0.69000
vn 0.00000 -0.00000 1.00000
f 2131/2131/711 2132/2132/711 2133/2133/711
v 0.33000 0.92000 3.72000
vt 2.36000 0.96000
v 0.27000 0.92000 3.72000
vt 2.36000 0.96000
v 0.27000 0.38000 3.72000
vt 2.36000 0.69000
vn 0.00000 -0.00000 1.00000
f 2134/2134/712 2135/2135/712 2136/2136/712
v 0.12000 0.92000 3.68000
vt 2.34000 0.96000
v 0.18000 0.92000 3.68000
vt 2.34000 0.96000
v 0.18000 0.38000 3.68000
vt 2.34000 0.69000
vn 0.00000 -0.00000 -1.00000
f 2137/2137/713 2138/2138/713 2139/2139/713
v 0.12000 0.92000 3.68000
vt 2.34000 0.96000
v 0.18000 0.38000 3.68000
vt 2.34000 0.69000
v 0.12000 0.38000 3.68000
vt 2.34000 0.69000
vn 0.00000 -0.00000 -1.00000
f 2140/2140/714 2141/2141/714 2142/2142/714
v 0.12000 0.38000 3.72000
vt 2.36000 0.69000
v 0.12000 0.38000 3.68000
vt 2.34000 0.69000
v 0.18000 0.38000 3.68000
vt 2.34000 0.69000
vn -0.00000 -1.00000 0.00000
f 2143/2143/715 2144/2144/715 2145/2145/715
v 0.12000 0.38000 3.72000
vt 2.36000 0.69000
v 0.18000 0.38000 3.68000
vt 2.34000 0.69000
v 0.18000 0.38000 3.72000
vt 2.36000 0.69000
vn -0.00000 -1.00000 0.00000
f 2146/2146/716 2147/2147/716 2148/2148/716
v 0.12000 0.38000 3.72000
vt 2.36000 0.69000
v 0.12000 0.92000 3.68000
vt 2.34000 0.96000
v 0.12000 0.38000 3.68000
vt 2.34000 0.69000
vn -1.00000 -0.00000 -0.00000
f 2149/2149/717 2150/2150/717 2151/2151/717
v 0.12000 0.38000 3.72000
vt 2.36000 0.69000
v 0.12000 0.92000 3.72000
vt 2.36000 0.96000
v 0.12000 0.92000 3.68000
vt 2.34000 0.96000
vn -1.00000 -0.00000 -0.00000
f 2152/2152/718 2153/2153/718 2154/2154/718
v 0.18000 0.92000 3.72000
vt 2.36000 0.96000
v 0.18000 0.38000 3.68000
vt 2.34000 0.69000
v 0.18000 0.92000 3.68000
vt 2.34000 0.96000
vn 1.00000 -0.00000 -0.00000
f 2155/2155/719 2156/2156/719 2157/2157/719
v 0.18000 0.92000 3.72000
vt 2.36000 0.96000
v 0.18000 0.38000 3.72000
vt 2.36000 0.69000
v 0.18000 0.38000 3.68000
vt 2.34000 0.69000
vn 1.00000 -0.00000 -0.00000
f 2158/2158/720 2159/2159/720 2160/2160/720
v 0.18000 0.92000 3.72000
vt 2.36000 0.96000
v 0.18000 0.92000 3.68000
vt 2.34000 0.96000
v 0.12000 0.92000 3.68000
vt 2.34000 0.96000
vn -0.00000 1.00000 -0.00000
f 2161/2161/721 2162/2162/721 2163/2163/721
v 0.18000 0.92000 3.72000
vt 2.36000 0.96000
v 0.12000 0.92000 3.68000
vt 2.34000 0.96000
v 0.12000 0.92000 3.72000
vt 2.36000 0.96000
vn -0.00000 1.00000 -0.00000
f 2164/2164/722 2165/2165/722 2166/2166/722
v 0.18000 0.92000 3.72000
vt 2.36000 0.96000
v 0.12000 0.38000 3.72000
vt 2.36000 0.69000
v 0.18000 0.38000 3.72000
vt 2.36000 0.69000
vn 0.00000 -0.00000 1.00000
f 2167/2167/723 2168/2168/723 2169/2169/723
v 0.18000 0.92000 3.72000
vt 2.36000 0.96000
v 0.12000 0.92000 3.72000
vt 2.36000 0.96000
v 0.12000 0.38000 3.72000
vt 2.36000 0.69000
vn 0.00000 -0.00000 1.00000
f 2170/2170/724 2171/2171/724 2172/2172/724
v -0.03000 0.92000 3.68000
vt 2.34000 0.96000
v 0.03000 0.92000 3.68000
vt 2.34000 0.96000
v 0.03000 0.38000 3.68000
vt 2.34000 0.69000
vn 0.00000 -0.00000 -1.00000
f 2173/2173/725 2174/2174/725 2175/2175/725
v -0.03000 0.92000 3.68000
vt 2.34000 0.96000
v 0.03000 0.38000 3.68000
vt 2.34000 0.69000
v -0.03000 0.38000 3.68000
vt 2.34000 0.69000
vn 0.00000 -0.00000 -1.00000
f 2176/2176/726 2177/2177/726 2178/2178/726
v -0.03000 0.38000 3.72000
vt 2.36000 0.69000
v -0.03000 0.38000 3.68000
vt 2.34000 0.69000
v 0.03000 0.38000 3.68000
vt 2.34000 0.69000
vn -0.00000 -1.00000 0.00000
f 2179/2179/727 2180/2180/727 2181/2181/727
v -0.03000 0.38000 3.72000
vt 2.36000 0.69000
v 0.03000 0.38000 3.68000
vt 2.34000 0.69000
v 0.03000 0.38000 3.72000
vt 2.36000 0.69000
vn -0.00000 -1.00000 0.00000
f 2182/2182/728 2183/2183/728 2184/2184/728
v -0.03000 0.38000 3.72000
vt 2.36000 0.69000
v -0.03000 0.92000 3.68000
vt 2.34000 0.96000
v -0.03000 0.38000 3.68000
vt 2.34000 0.69000
vn -1.00000 -0.00000 -0.00000
f 2185/2185/729 2186/2186/729 2187/2187/729
v -0.03000 0.38000 3.72000
vt 2.36000 0.69000
v -0.03000 0.92000 3.72000
vt 2.36000 0.96000
v -0.03000 0.92000 3.68000
vt 2.34000 0.96000
vn -1.00000 -0.00000 -0.00000
f 2188/2188/730 2189/2189/730 2190/2190/730
v 0.03000 0.92000 3.72000
vt 2.36000 0.96000
v 0.03000 0.38000 3.68000
vt 2.34000 0.69000
v 0.03000 0.92000 3.68000
vt 2.34000 0.96000
vn 1.00000 -0.00000 -0.00000
f 2191/2191/731 2192/2192/731 2193/2193/731
v 0.03000 0.92000 3.72000
vt 2.36000 0.96000
v 0.03000 0.38000 3.72000
vt 2.36000 0.69000
v 0.03000 0.38000 3.68000
vt 2.34000 0.69000
vn 1.00000 -0.00000 -0.00000
f 2194/2194/732 2195/2195/732 2196/2196/732
v 0.03000 0.92000 3.72000
vt 2.36000 0.96000
v 0.03000 0.92000 3.68000
vt 2.34000 0.96000
v -0.03000 0.92000 3.68000
vt 2.34000 0.96000
vn -0.00000 1.00000 -0.00000
f 2197/2197/733 2198/2198/733 2199/2199/733
v 0.03000 0.92000 3.72000
vt 2.36000 0.96000
v -0.03000 0.92000 3.68000
vt 2.34000 0.96000
v -0.03000 0.92000 3.72000
vt 2.36000 0.96000
vn -0.00000 1.00000 -0.00000
f 2200/2200/734 2201/2201/734 2202/2202/734
v 0.03000 0.92000 3.72000
vt 2.36000 0.96000
v -0.03000 0.38000 3.72000
vt 2.36000 0.69000
v 0.03000 0.38000 3.72000
vt 2.36000 0.69000
vn 0.00000 -0.00000 1.00000
f 2203/2203/735 2204/2204/735 2205/2205/735
v 0.03000 0.92000 3.72000
vt 2.36000 0.96000
v -0.03000 0.92000 3.72000
vt 2.36000 0.96000
v -0.03000 0.38000 3.72000
vt 2.36000 0.69000
vn 0.00000 -0.00000 1.00000
f 2206/2206/736 2207/2207/736 2208/2208/736
v -0.18000 0.92000 3.68000
vt 2.34000 0.96000
v -0.12000 0.92000 3.68000
vt 2.34000 0.96000
v -0.12000 0.38000 3.68000
vt 2.34000 0.69000
vn 0.00000 -0.00000 -1.00000
f 2209/2209/737 2210/2210/737 2211/2211/737
v -0.18000 0.92000 3.68000
vt 2.34000 0.96000
v -0.12000 0.38000 3.68000
vt 2.34000 0.69000
v -0.18000 0.38000 3.68000
vt 2.34000 0.69000
vn 0.00000 -0.00000 -1.00000
f 2212/2212/738 2213/2213/738 2214/2214/738
v -0.18000 0.38000 3.72000
vt 2.36000 0.69000
v -0.18000 0.38000 3.68000
vt 2.34000 0.69000
v -0.12000 0.38000 3.68000
vt 2.34000 0.69000
vn -0.00000 -1.00000 0.00000
f 2215/2215/739 2216/2216/739 2217/2217/739
v -0.18000 0.38000 3.72000
vt 2.36000 0.69000
v -0.12000 0.38000 3.68000
vt 2.34000 0.69000
v -0.12000 0.38000 3.72000
vt 2.36000 0.69000
vn -0.00000 -1.00000 0.00000
f 2218/2218/740 2219/2219/740 2220/2220/740
v -0.18000 0.38000 3.72000
vt 2.36000 0.69000
v -0.18000 0.92000 3.68000
vt 2.34000 0.96000
v -0.18000 0.38000 3.68000
vt 2.34000 0.69000
vn -1.00000 -0.00000 -0.00000
f 2221/2221/741 2222/2222/741 2223/2223/741
v -0.18000 0.38000 3.72000
vt 2.36000 0.69000
v -0.18000 0.92000 3.72000
vt 2.36000 0.96000
v -0.18000 0.92000 3.68000
vt 2.34000 0.96000
vn -1.00000 -0.00000 -0.00000
f 2224/2224/742 2225/2225/742 2226/2226/742
v -0.12000 0.92000 3.72000
vt 2.36000 0.96000
v -0.12000 0.38000 3.68000
vt 2.34000 0.69000
v -0.12000 0.92000 3.68000
vt 2.34000 0.96000
vn 1.00000 -0.00000 -0.00000
f 2227/2227/743 2228/2228/743 2229/2229/743
v -0.12000 0.92000 3.72000
vt 2.36000 0.96000
v -0.12000 0.38000 3.72000
vt 2.36000 0.69000
v -0.12000 0.38000 3.68000
vt 2.34000 0.69000
vn 1.00000 -0.00000 -0.00000
f 2230/2230/744 2231/2231/744 2232/2232/744
v -0.12000 0.92000 3.72000
vt 2.36000 0.96000
v -0.12000 0.92000 3.68000
vt 2.34000 0.96000
v -0.18000 0.92000 3.68000
vt 2.34000 0.96000
vn -0.00000 1.00000 -0.00000
f 2233/2233/745 2234/2234/745 2235/2235/745
v -0.12000 0.92000 3.72000
vt 2.36000 0.96000
v -0.18000 0.92000 3.68000
vt 2.34000 0.96000
v -0.18000 0.92000 3.72000
vt 2.36000 0.96000
vn -0.00000 1.00000 -0.00000
f 2236/2236/746 2237/2237/746 2238/2238/746
v -0.12000 0.92000 3.72000
vt 2.36000 0.96000
v -0.18000 0.38000 3.72000
vt 2.36000 0.69000
v -0.12000 0.38000 3.72000
vt 2.36000 0.69000
vn 0.00000 -0.00000 1.00000
f 2239/2239/747 2240/2240/747 2241/2241/747
v -0.12000 0.92000 3.72000
vt 2.36000 0.96000
v -0.18000 0.92000 3.72000
vt 2.36000 0.96000
v -0.18000 0.38000 3.72000
vt 2.36000 0.69000
vn 0.00000 -0.00000 1.00000
f 2242/2242/748 2243/2243/748 2244/2244/748
v -0.33000 0.92000 3.68000
vt 2.34000 0.96000
v -0.27000 0.92000 3.68000
vt 2.34000 0.96000
v -0.27000 0.38000 3.68000
vt 2.34000 0.69000
vn 0.00000 -0.00000 -1.00000
f 2245/2245/749 2246/2246/749 2247/2247/749
v -0.33000 0.92000 3.68000
vt 2.34000 0.96000
v -0.27000 0.38000 3.68000
vt 2.34000 0.69000
v -0.33000 0.38000 3.68000
vt 2.34000 0.69000
vn 0.00000 -0.00000 -1.00000
f 2248/2248/750 2249/2249/750 2250/2250/750
v -0.33000 0.38000 3.72000
vt 2.36000 0.69000
v -0.33000 0.38000 3.68000
vt 2.34000 0.69000
v -0.27000 0.38000 3.68000
vt 2.34000 0.69000
vn -0.00000 -1.00000 0.00000
f 2251/2251/751 2252/2252/751 2253/2253/751
v -0.33000 0.38000 3.72000
vt 2.36000 0.69000
v -0.27000 0.38000 3.68000
vt 2.34000 0.69000
v -0.27000 0.38000 3.72000
vt 2.36000 0.69000
vn -0.00000 -1.00000 0.00000
f 2254/2254/752 2255/2255/752 2256/2256/752
v -0.33000 0.38000 3.72000
vt 2.36000 0.69000
v -0.33000 0.92000 3.68000
vt 2.34000 0.96000
v -0.33000 0.38000 3.68000
vt 2.34000 0.69000
vn -1.00000 -0.00000 -0.00000
f 2257/2257/753 2258/2258/753 2259/2259/753
v -0.33000 0.38000 3.72000
vt 2.36000 0.69000
v -0.33000 0.92000 3.72000
vt 2.36000 0.96000
v -0.33000 0.92000 3.68000
vt 2.34000 0.96000
vn -1.00000 -0.00000 -0.00000
f 2260/2260/754 2261/2261/754 2262/2262/754
v -0.27000 0.92000 3.72000
vt 2.36000 0.96000
v -0.27000 0.38000 3.68000
vt 2.34000 0.69000
v -0.27000 0.92000 3.68000
vt 2.34000 0.96000
vn 1.00000 -0.00000 -0.00000
f 2263/2263/755 2264/2264/755 2265/2265/755
v -0.27000 0.92000 3.72000
vt 2.36000 0.96000
v -0.27000 0.38000 3.72000
vt 2.36000 0.69000
v -0.27000 0.38000 3.68000
vt 2.34000 0.69000
vn 1.00000 -0.00000 -0.00000
f 2266/2266/756 2267/2267/756 2268/2268/756
v -0.27000 0.92000 3.72000
vt 2.36000 0.96000
v -0.27000 0.92000 3.68000
vt 2.34000 0.96000
v -0.33000 0.92000 3.68000
vt 2.34000 0.96000
vn -0.00000 1.00000 -0.00000
f 2269/2269/757 2270/2270/757 2271/2271/757
v -0.27000 0.92000 3.72000
vt 2.36000 0.96000
v -0.33000 0.92000 3.68000
vt 2.34000 0.96000
v -0.33000 0.92000 3.72000
vt 2.36000 0.96000
vn -0.00000 1.00000 -0.00000
f 2272/2272/758 2273/2273/758 2274/2274/758
v -0.27000 0.92000 3.72000
vt 2.36000 0.96000
v -0.33000 0.38000 3.72000
vt 2.36000 0.69000
v -0.27000 0.38000 3.72000
vt 2.36000 0.69000
vn 0.00000 -0.00000 1.00000
f 2275/2275/759 2276/2276/759 2277/2277/759
v -0.27000 0.92000 3.72000
vt 2.36000 0.96000
v -0.33000 0.92000 3.72000
vt 2.36000 0.96000
v -0.33000 0.38000 3.72000
vt 2.36000 0.69000
vn 0.00000 -0.00000 1.00000
f 2278/2278/760 2279/2279/760 2280/2280/760
v -0.48000 0.92000 3.68000
vt 2.34000 0.96000
v -0.42000 0.92000 3.68000
vt 2.34000 0.96000
v -0.42000 0.38000 3.68000
vt 2.34000 0.69000
vn 0.00000 -0.00000 -1.00000
f 2281/2281/761 2282/2282/761 2283/2283/761
v -0.48000 0.92000 3.68000
vt 2.34000 0.96000
v -0.42000 0.38000 3.68000
vt 2.34000 0.69000
v -0.48000 0.38000 3.68000
vt 2.34000 0.69000
vn 0.00000 -0.00000 -1.00000
f 2284/2284/762 2285/2285/762 2286/2286/762
v -0.48000 0.38000 3.72000
vt 2.36000 0.69000
v -0.48000 0.38000 3.68000
vt 2.34000 0.69000
v -0.42000 0.38000 3.68000
vt 2.34000 0.69000
vn -0.00000 -1.00000 0.00000
f 2287/2287/763 2288/2288/763 2289/2289/763
v -0.48000 0.38000 3.72000
vt 2.36000 0.69000
v -0.42000 0.38000 3.68000
vt 2.34000 0.69000
v -0.42000 0.38000 3.72000
vt 2.36000 0.69000
vn -0.00000 -1.00000 0.00000
f 2290/2290/764 2291/2291/764 2292/2292/764
v -0.48000 0.38000 3.72000
vt 2.36000 0.69000
v -0.48000 0.92000 3.68000
vt 2.34000 0.96000
v -0.48000 0.38000 3.68000
vt 2.34000 0.69000
vn -1.00000 -0.00000 -0.00000
f 2293/2293/765 2294/2294/765 2295/2295/765
v -0.48000 0.38000 3.72000
vt 2.36000 0.69000
v -0.48000 0.92000 3.72000
vt 2.36000 0.96000
v -0.48000 0.92000 3.68000
vt 2.34000 0.96000
vn -1.00000 -0.00000 -0.00000
f 2296/2296/766 2297/2297/766 2298/2298/766
v -0.42000 0.92000 3.72000
vt 2.36000 0.96000
v -0.42000 0.38000 3.68000
vt 2.34000 0.69000
v -0.42000 0.92000 3.68000
vt 2.34000 0.96000
vn 1.00000 -0.00000 -0.00000
f 2299/2299/767 2300/2300/767 2301/2301/767
v -0.42000 0.92000 3.72000
vt 2.36000 0.96000
v -0.42000 0.38000 3.72000
vt 2.36000 0.69000
v -0.42000 0.38000 3.68000
vt 2.34000 0.69000
vn 1.00000 -0.00000 -0.00000
f 2302/2302/768 2303/2303/768 2304/2304/768
v -0.42000 0.92000 3.72000
vt 2.36000 0.96000
v -0.42000 0.92000 3.68000
vt 2.34000 0.96000
v -0.48000 0.92000 3.68000
vt 2.34000 0.96000
vn -0.00000 1.00000 -0.00000
f 2305/2305/769 2306/2306/769 2307/2307/769
v -0.42000 0.92000 3.72000
vt 2.36000 0.96000
v -0.48000 0.92000 3.68000
vt 2.34000 0.96000
v -0.48000 0.92000 3.72000
vt 2.36000 0.96000
vn -0.00000 1.00000 -0.00000
f 2308/2308/770 2309/2309/770 2310/2310/770
v -0.42000 0.92000 3.72000
vt 2.36000 0.96000
v -0.48000 0.38000 3.72000
vt 2.36000 0.69000
v -0.42000 0.38000 3.72000
vt 2.36000 0.69000
vn 0.00000 -0.00000 1.00000
f 2311/2311/771 2312/2312/771 2313/2313/771
v -0.42000 0.92000 3.72000
vt 2.36000 0.96000
v -0.48000 0.92000 3.72000
vt 2.36000 0.96000
v -0.48000 0.38000 3.72000
vt 2.36000 0.69000
vn 0.00000 -0.00000 1.00000
f 2314/2314/772 2315/2315/772 2316/2316/772
v 1.34000 0.28000 3.62000
vt 2.31000 0.64000
v 0.70000 0.28000 3.62000
vt 2.31000 0.64000
v 0.70000 0.62000 1.90000
vt 1.45000 0.81000
vn -0.00000 -0.98102 -0.19392
f 2317/2317/773 2318/2318/773 2319/2319/773
v 1.34000 0.28000 3.62000
vt 2.31000 0.64000
v 0.70000 0.62000 1.90000
vt 1.45000 0.81000
v 1.34000 0.62000 1.90000
vt 1.45000 0.81000
vn -0.00000 -0.98102 -0.19392
f 2320/2320/774 2321/2321/774 2322/2322/774
v 1.34000 0.68000 1.90000
vt 1.45000 0.84000
v 1.34000 0.62000 1.90000
vt 1.45000 0.81000
v 0.70000 0.62000 1.90000
vt 1.45000 0.81000
vn 0.00000 -0.00000 -1.00000
f 2323/2323/775 2324/2324/775 2325/2325/775
v 1.34000 0.68000 1.90000
vt 1.45000 0.84000
v 0.70000 0.62000 1.90000
vt 1.45000 0.81000
v 0.70000 0.68000 1.90000
vt 1.45000 0.84000
vn 0.00000 -0.00000 -1.00000
f 2326/2326/776 2327/2327/776 2328/2328/776
v 0.70000 0.68000 3.25000
vt 2.12500 0.84000
v 1.34000 0.68000 1.90000
vt 1.45000 0.84000
v 0.70000 0.68000 1.90000
vt 1.45000 0.84000
vn 0.00000 1.00000 -0.00000
f 2329/2329/777 2330/2330/777 2331/2331/777
v 0.70000 0.68000 3.25000
vt 2.12500 0.84000
v 1.34000 0.68000 3.25000
vt 2.12500 0.84000
v 1.34000 0.68000 1.90000
vt 1.45000 0.84000
vn 0.00000 1.00000 -0.00000
f 2332/2332/778 2333/2333/778 2334/2334/778
v 1.34000 0.34000 3.58000
vt 2.29000 0.67000
v 1.34000 0.28000 3.62000
vt 2.31000 0.64000
v 1.34000 0.62000 1.90000
vt 1.45000 0.81000
vn 1.00000 -0.00000 -0.00000
f 2335/2335/779 2336/2336/779 2337/2337/779
v 1.34000 0.34000 3.58000
vt 2.29000 0.67000
v 1.34000 0.62000 1.90000
vt 1.45000 0.81000
v 1.34000 0.68000 1.90000
vt 1.45000 0.84000
vn 1.00000 -0.00000 -0.00000
f 2338/2338/780 2339/2339/780 2340/2340/780
v 1.34000 0.34000 3.58000
vt 2.29000 0.67000
v 1.34000 0.68000 1.90000
vt 1.45000 0.84000
v 1.34000 0.68000 3.25000
vt 2.12500 0.84000
vn 1.00000 -0.00000 -0.00000
f 2341/2341/781 2342/2342/781 2343/2343/781
v 0.70000 0.34000 3.58000
vt 2.29000 0.67000
v 0.70000 0.62000 1.90000
vt 1.45000 0.81000
v 0.70000 0.28000 3.62000
vt 2.31000 0.64000
vn -1.00000 -0.00000 -0.00000
f 2344/2344/782 2345/2345/782 2346/2346/782
v 0.70000 0.34000 3.58000
vt 2.29000 0.67000
v 0.70000 0.68000 1.90000
vt 1.45000 0.84000
v 0.70000 0.62000 1.90000
vt 1.45000 0.81000
vn -1.00000 -0.00000 -0.00000
f 2347/2347/783 2348/2348/783 2349/2349/783
v 0.70000 0.34000 3.58000
vt 2.29000 0.67000
v 0.70000 0.68000 3.25000
vt 2.12500 0.84000
v 0.70000 0.68000 1.90000
vt 1.45000 0.84000
vn -1.00000 -0.00000 -0.00000
f 2350/2350/784 2351/2351/784 2352/2352/784
v 0.70000 0.34000 3.58000
vt 2.29000 0.67000
v 0.70000 0.28000 3.62000
vt 2.31000 0.64000
v 1.34000 0.28000 3.62000
vt 2.31000 0.64000
vn 0.00000 0.55470 0.83205
f 2353/2353/785 2354/2354/785 2355/2355/785
v 0.70000 0.34000 3.58000
vt 2.29000 0.67000
v 1.34000 0.28000 3.62000
vt 2.31000 0.64000
v 1.34000 0.34000 3.58000
vt 2.29000 0.67000
vn 0.00000 0.55470 0.83205
f 2356/2356/786 2357/2357/786 2358/2358/786
v 0.70000 0.34000 3.58000
vt 2.29000 0.67000
v 1.34000 0.68000 3.25000
vt 2.12500 0.84000
v 0.70000 0.68000 3.25000
vt 2.12500 0.84000
vn 0.00000 0.69648 0.71758
f 2359/2359/787 2360/2360/787 2361/2361/787
v 0.70000 0.34000 3.58000
vt 2.29000 0.67000
v 1.34000 0.34000 3.58000
vt 2.29000 0.67000
v 1.34000 0.68000 3.25000
vt 2.12500 0.84000
vn 0.00000 0.69648 0.71758
f 2362/2362/788 2363/2363/788 2364/2364/788
v -1.34000 0.28000 3.62000
vt 2.31000 0.64000
v -0.70000 0.62000 1.90000
vt 1.45000 0.81000
v -0.70000 0.28000 3.62000
vt 2.31000 0.64000
vn -0.00000 -0.98102 -0.19392
f 2365/2365/789 2366/2366/789 2367/2367/789
v -1.34000 0.28000 3.62000
vt 2.31000 0.64000
v -1.34000 0.62000 1.90000
vt 1.45000 0.81000
v -0.70000 0.62000 1.90000
vt 1.45000 0.81000
vn -0.00000 -0.98102 -0.19392
f 2368/2368/790 2369/2369/790 2370/2370/790
v -1.34000 0.68000 1.90000
vt 1.45000 0.84000
v -0.70000 0.62000 1.90000
vt 1.45000 0.81000
v -1.34000 0.62000 1.90000
vt 1.45000 0.81000
vn 0.00000 -0.00000 -1.00000
f 2371/2371/791 2372/2372/791 2373/2373/791
v -1.34000 0.68000 1.90000
vt 1.45000 0.84000
v -0.70000 0.68000 1.90000
vt 1.45000 0.84000
v -0.70000 0.62000 1.90000
vt 1.45000 0.81000
vn 0.00000 -0.00000 -1.00000
f 2374/2374/792 2375/2375/792 2376/2376/792
v -0.70000 0.68000 3.25000
vt 2.12500 0.84000
v -0.70000 0.68000 1.90000
vt 1.45000 0.84000
v -1.34000 0.68000 1.90000
vt 1.45000 0.84000
vn -0.00000 1.00000 -0.00000
f 2377/2377/793 2378/2378/793 2379/2379/793
v -0.70000 0.68000 3.25000
vt 2.12500 0.84000
v -1.34000 0.68000 1.90000
vt 1.45000 0.84000
v -1.34000 0.68000 3.25000
vt 2.12500 0.84000
vn -0.00000 1.00000 -0.00000
f 2380/2380/794 2381/2381/794 2382/2382/794
v -1.34000 0.34000 3.58000
vt 2.29000 0.67000
v -1.34000 0.62000 1.90000
vt 1.45000 0.81000
v -1.34000 0.28000 3.62000
vt 2.31000 0.64000
vn -1.00000 0.00000 0.00000
f 2383/2383/795 2384/2384/795 2385/2385/795
v -1.34000 0.34000 3.58000
vt 2.29000 0.67000
v -1.34000 0.68000 1.90000
vt 1.45000 0.84000
v -1.34000 0.62000 1.90000
vt 1.45000 0.81000
vn -1.00000 0.00000 0.00000
f 2386/2386/796 2387/2387/796 2388/2388/796
v -1.34000 0.34000 3.58000
vt 2.29000 0.67000
v -1.34000 0.68000 3.25000
vt 2.12500 0.84000
v -1.34000 0.68000 1.90000
vt 1.45000 0.84000
vn -1.00000 0.00000 0.00000
f 2389/2389/797 2390/2390/797 2391/2391/797
v -0.70000 0.34000 3.58000
vt 2.29000 0.67000
v -0.70000 0.28000 3.62000
vt 2.31000 0.64000
v -0.70000 0.62000 1.90000
vt 1.45000 0.81000
vn 1.00000 0.00000 0.00000
f 2392/2392/798 2393/2393/798 2394/2394/798
v -0.70000 0.34000 3.58000
vt 2.29000 0.67000
v -0.70000 0.62000 1.90000
vt 1.45000 0.81000
v -0.70000 0.68000 1.90000
vt 1.45000 0.84000
vn 1.00000 0.00000 0.00000
f 2395/2395/799 2396/2396/799 2397/2397/799
v -0.70000 0.34000 3.58000
vt 2.29000 0.67000
v -0.70000 0.68000 1.90000
vt 1.45000 0.84000
v -0.70000 0.68000 3.25000
vt 2.12500 0.84000
vn 1.00000 0.00000 0.00000
f 2398/2398/800 2399/2399/800 2400/2400/800
v -0.70000 0.34000 3.58000
vt 2.29000 0.67000
v -1.34000 0.28000 3.62000
vt 2.31000 0.64000
v -0.70000 0.28000 3.62000
vt 2.31000 0.64000
vn -0.00000 0.55470 0.83205
f 2401/2401/801 2402/2402/801 2403/2403/801
v -0.70000 0.34000 3.58000
vt 2.29000 0.67000
v -1.34000 0.34000 3.58000
vt 2.29000 0.67000
v -1.34000 0.28000 3.62000
vt 2.31000 0.64000
vn -0.00000 0.55470 0.83205
f 2404/2404/802 2405/2405/802 2406/2406/802
v -0.70000 0.34000 3.58000
vt 2.29000 0.67000
v -0.70000 0.68000 3.25000
vt 2.12500 0.84000
v -1.34000 0.68000 3.25000
vt 2.12500 0.84000
vn -0.00000 0.69648 0.71758
f 2407/2407/803 2408/2408/803 2409/2409/803
v -0.70000 0.34000 3.58000
vt 2.29000 0.67000
v -1.34000 0.68000 3.25000
vt 2.12500 0.84000
v -1.34000 0.34000 3.58000
vt 2.29000 0.67000
vn -0.00000 0.69648 0.71758
f 2410/2410/804 2411/2411/804 2412/2412/804
v 1.17000 0.30000 0.98000
vt 0.99000 0.65000
v 1.17000 0.33000 0.95000
vt 0.97500 0.66500
v 1.20000 0.33000 0.98000
vt 0.99000 0.66500
vn 0.57735 -0.57735 -0.57735
f 2413/2413/805 2414/2414/805 2415/2415/805
v 1.17000 1.22000 2.20000
vt 1.60000 1.11000
v 1.20000 1.22000 2.17000
vt 1.58500 1.11000
v 1.17000 1.25000 2.17000
vt 1.58500 1.12500
vn 0.57735 0.57735 0.57735
f 2416/2416/806 2417/2417/806 2418/2418/806
v -1.20000 1.22000 0.98000
vt 0.99000 1.11000
v -1.17000 1.25000 0.98000
vt 0.99000 1.12500
v -1.17000 1.22000 0.95000
vt 0.97500 1.11000
vn -0.57735 0.57735 -0.57735
f 2419/2419/807 2420/2420/807 2421/2421/807
v 1.17000 1.22000 0.95000
vt 0.97500 1.11000
v 1.17000 1.25000 0.98000
vt 0.99000 1.12500
v 1.20000 1.22000 0.98000
vt 0.99000 1.11000
vn 0.57735 0.57735 -0.57735
f 2422/2422/808 2423/2423/808 2424/2424/808
v -1.17000 1.22000 2.20000
vt 1.60000 1.11000
v -1.17000 1.25000 2.17000
vt 1.58500 1.12500
v -1.20000 1.22000 2.17000
vt 1.58500 1.11000
vn -0.57735 0.57735 0.57735
f 2425/2425/809 2426/2426/809 2427/2427/809
v -1.17000 0.30000 2.17000
vt 1.58500 0.65000
v -1.17000 0.33000 2.20000
vt 1.60000 0.66500
v -1.20000 0.33000 2.17000
vt 1.58500 0.66500
vn -0.57735 -0.57735 0.57735
f 2428/2428/810 2429/2429/810 2430/2430/810
v 1.17000 0.30000 2.17000
vt 1.58500 0.65000
v 1.20000 0.33000 2.17000
vt 1.58500 0.66500
v 1.17000 0.33000 2.20000
vt 1.60000 0.66500
vn 0.57735 -0.57735 0.57735
f 2431/2431/811 2432/2432/811 2433/2433/811
v -1.17000 0.30000 0.98000
vt 0.99000 0.65000
v -1.20000 0.33000 0.98000
vt 0.99000 0.66500
v -1.17000 0.33000 0.95000
vt 0.97500 0.66500
vn -0.57735 -0.57735 -0.57735
f 2434/2434/812 2435/2435/812 2436/2436/812
v 1.20000 1.22000 0.98000
vt 0.99000 1.11000
v 1.20000 0.33000 2.17000
vt 1.58500 0.66500
v 1.20000 0.33000 0.98000
vt 0.99000 0.66500
vn 1.00000 0.00000 -0.00000
f 2437/2437/813 2438/2438/813 2439/2439/813
v 1.20000 1.22000 0.98000
vt 0.99000 1.11000
v 1.20000 1.22000 2.17000
vt 1.58500 1.11000
v 1.20000 0.33000 2.17000
vt 1.58500 0.66500
vn 1.00000 0.00000 -0.00000
f 2440/2440/814 2441/2441/814 2442/2442/814
v 1.17000 1.25000 2.17000
vt 1.58500 1.12500
v -1.17000 1.25000 0.98000
vt 0.99000 1.12500
v -1.17000 1.25000 2.17000
vt 1.58500 1.12500
vn -0.00000 1.00000 -0.00000
f 2443/2443/815 2444/2444/815 2445/2445/815
v 1.17000 1.25000 2.17000
vt 1.58500 1.12500
v 1.17000 1.25000 0.98000
vt 0.99000 1.12500
v -1.17000 1.25000 0.98000
vt 0.99000 1.12500
vn -0.00000 1.00000 -0.00000
f 2446/2446/816 2447/2447/816 2448/2448/816
v 1.17000 1.25000 2.17000
vt 1.58500 1.12500
v 1.20000 1.22000 2.17000
vt 1.58500 1.11000
v 1.20000 1.22000 0.98000
vt 0.99000 1.11000
vn 0.70711 0.70711 -0.00000
f 2449/2449/817 2450/2450/817 2451/2451/817
v 1.17000 1.25000 2.17000
vt 1.58500 1.12500
v 1.20000 1.22000 0.98000
vt 0.99000 1.11000
v 1.17000 1.25000 0.98000
vt 0.99000 1.12500
vn 0.70711 0.70711 -0.00000
f 2452/2452/818 2453/2453/818 2454/2454/818
v 1.17000 1.22000 2.20000
vt 1.60000 1.11000
v 1.20000 0.33000 2.17000
vt 1.58500 0.66500
v 1.20000 1.22000 2.17000
vt 1.58500 1.11000
vn 0.70711 0.00000 0.70711
f 2455/2455/819 2456/2456/819 2457/2457/819
v 1.17000 1.22000 2.20000
vt 1.60000 1.11000
v 1.17000 0.33000 2.20000
vt 1.60000 0.66500
v 1.20000 0.33000 2.17000
vt 1.58500 0.66500
vn 0.70711 0.00000 0.70711
f 2458/2458/820 2459/2459/820 2460/2460/820
v -1.20000 1.22000 0.98000
vt 0.99000 1.11000
v -1.17000 1.22000 0.95000
vt 0.97500 1.11000
v -1.17000 0.33000 0.95000
vt 0.97500 0.66500
vn -0.70711 -0.00000 -0.70711
f 2461/2461/821 2462/2462/821 2463/2463/821
v -1.20000 1.22000 0.98000
vt 0.99000 1.11000
v -1.17000 0.33000 0.95000
vt 0.97500 0.66500
v -1.20000 0.33000 0.98000
vt 0.99000 0.66500
vn -0.70711 -0.00000 -0.70711
f 2464/2464/822 2465/2465/822 2466/2466/822
v -1.20000 1.22000 0.98000
vt 0.99000 1.11000
v -1.17000 1.25000 2.17000
vt 1.58500 1.12500
v -1.17000 1.25000 0.98000
vt 0.99000 1.12500
vn -0.70711 0.70711 -0.00000
f 2467/2467/823 2468/2468/823 2469/2469/823
v -1.20000 1.22000 0.98000
vt 0.99000 1.11000
v -1.20000 1.22000 2.17000
vt 1.58500 1.11000
v -1.17000 1.25000 2.17000
vt 1.58500 1.12500
vn -0.70711 0.70711 -0.00000
f 2470/2470/824 2471/2471/824 2472/2472/824
v 1.17000 1.22000 0.95000
vt 0.97500 1.11000
v -1.17000 1.25000 0.98000
vt 0.99000 1.12500
v 1.17000 1.25000 0.98000
vt 0.99000 1.12500
vn -0.00000 0.70711 -0.70711
f 2473/2473/825 2474/2474/825 2475/2475/825
v 1.17000 1.22000 0.95000
vt 0.97500 1.11000
v -1.17000 1.22000 0.95000
vt 0.97500 1.11000
v -1.17000 1.25000 0.98000
vt 0.99000 1.12500
vn -0.00000 0.70711 -0.70711
f 2476/2476/826 2477/2477/826 2478/2478/826
v 1.17000 1.22000 0.95000
vt 0.97500 1.11000
v -1.17000 0.33000 0.95000
vt 0.97500 0.66500
v -1.17000 1.22000 0.95000
vt 0.97500 1.11000
vn -0.00000 0.00000 -1.00000
f 2479/2479/827 2480/2480/827 2481/2481/827
v 1.17000 1.22000 0.95000
vt 0.97500 1.11000
v 1.17000 0.33000 0.95000
vt 0.97500 0.66500
v -1.17000 0.33000 0.95000
vt 0.97500 0.66500
vn -0.00000 0.00000 -1.00000
f 2482/2482/828 2483/2483/828 2484/2484/828
v 1.17000 1.22000 0.95000
vt 0.97500 1.11000
v 1.20000 1.22000 0.98000
vt 0.99000 1.11000
v 1.20000 0.33000 0.98000
vt 0.99000 0.66500
vn 0.70711 -0.00000 -0.70711
f 2485/2485/829 2486/2486/829 2487/2487/829
v 1.17000 1.22000 0.95000
vt 0.97500 1.11000
v 1.20000 0.33000 0.98000
vt 0.99000 0.66500
v 1.17000 0.33000 0.95000
vt 0.97500 0.66500
vn 0.70711 -0.00000 -0.70711
f 2488/2488/830 2489/2489/830 2490/2490/830
v -1.20000 0.33000 2.17000
vt 1.58500 0.66500
v -1.20000 1.22000 0.98000
vt 0.99000 1.11000
v -1.20000 0.33000 0.98000
vt 0.99000 0.66500
vn -1.00000 -0.00000 -0.00000
f 2491/2491/831 2492/2492/831 2493/2493/831
v -1.20000 0.33000 2.17000
vt 1.58500 0.66500
v -1.20000 1.22000 2.17000
vt 1.58500 1.11000
v -1.20000 1.22000 0.98000
vt 0.99000 1.11000
vn -1.00000 -0.00000 -0.00000
f 2494/2494/832 2495/2495/832 2496/2496/832
v -1.17000 1.22000 2.20000
vt 1.60000 1.11000
v -1.20000 1.22000 2.17000
vt 1.58500 1.11000
v -1.20000 0.33000 2.17000
vt 1.58500 0.66500
vn -0.70711 -0.00000 0.70711
f 2497/2497/833 2498/2498/833 2499/2499/833
v -1.17000 1.22000 2.20000
vt 1.60000 1.11000
v -1.20000 0.33000 2.17000
vt 1.58500 0.66500
v -1.17000 0.33000 2.20000
vt 1.60000 0.66500
vn -0.70711 -0.00000 0.70711
f 2500/2500/834 2501/2501/834 2502/2502/834
v -1.17000 1.22000 2.20000
vt 1.60000 1.11000
v 1.17000 1.25000 2.17000
vt 1.58500 1.12500
v -1.17000 1.25000 2.17000
vt 1.58500 1.12500
vn -0.00000 0.70711 0.70711
f 2503/2503/835 2504/2504/835 2505/2505/835
v -1.17000 1.22000 2.20000
vt 1.60000 1.11000
v 1.17000 1.22000 2.20000
vt 1.60000 1.11000
v 1.17000 1.25000 2.17000
vt 1.58500 1.12500
vn -0.00000 0.70711 0.70711
f 2506/2506/836 2507/2507/836 2508/2508/836
v -1.17000 1.22000 2.20000
vt 1.60000 1.11000
v 1.17000 0.33000 2.20000
vt 1.60000 0.66500
v 1.17000 1.22000 2.20000
vt 1.60000 1.11000
vn -0.00000 0.00000 1.00000
f 2509/2509/837 2510/2510/837 2511/2511/837
v -1.17000 1.22000 2.20000
vt 1.60000 1.11000
v -1.17000 0.33000 2.20000
vt 1.60000 0.66500
v 1.17000 0.33000 2.20000
vt 1.60000 0.66500
vn -0.00000 0.00000 1.00000
f 2512/2512/838 2513/2513/838 2514/2514/838
v 1.17000 0.30000 2.17000
vt 1.58500 0.65000
v 1.20000 0.33000 0.98000
vt 0.99000 0.66500
v 1.20000 0.33000 2.17000
vt 1.58500 0.66500
vn 0.70711 -0.70711 -0.00000
f 2515/2515/839 2516/2516/839 2517/2517/839
v 1.17000 0.30000 2.17000
vt 1.58500 0.65000
v 1.17000 0.30000 0.98000
vt 0.99000 0.65000
v 1.20000 0.33000 0.98000
vt 0.99000 0.66500
vn 0.70711 -0.70711 -0.00000
f 2518/2518/840 2519/2519/840 2520/2520/840
v 1.17000 0.30000 2.17000
vt 1.58500 0.65000
v 1.17000 0.33000 2.20000
vt 1.60000 0.66500
v -1.17000 0.33000 2.20000
vt 1.60000 0.66500
vn 0.00000 -0.70711 0.70711
f 2521/2521/841 2522/2522/841 2523/2523/841
v 1.17000 0.30000 2.17000
vt 1.58500 0.65000
v -1.17000 0.33000 2.20000
vt 1.60000 0.66500
v -1.17000 0.30000 2.17000
vt 1.58500 0.65000
vn 0.00000 -0.70711 0.70711
f 2524/2524/842 2525/2525/842 2526/2526/842
v -1.17000 0.30000 0.98000
vt 0.99000 0.65000
v -1.20000 0.33000 2.17000
vt 1.58500 0.66500
v -1.20000 0.33000 0.98000
vt 0.99000 0.66500
vn -0.70711 -0.70711 0.00000
f 2527/2527/843 2528/2528/843 2529/2529/843
v -1.17000 0.30000 0.98000
vt 0.99000 0.65000
v -1.17000 0.30000 2.17000
vt 1.58500 0.65000
v -1.20000 0.33000 2.17000
vt 1.58500 0.66500
vn -0.70711 -0.70711 0.00000
f 2530/2530/844 2531/2531/844 2532/2532/844
v -1.17000 0.30000 0.98000
vt 0.99000 0.65000
v -1.17000 0.33000 0.95000
vt 0.97500 0.66500
v 1.17000 0.33000 0.95000
vt 0.97500 0.66500
vn 0.00000 -0.70711 -0.70711
f 2533/2533/845 2534/2534/845 2535/2535/845
v -1.17000 0.30000 0.98000
vt 0.99000 0.65000
v 1.17000 0.33000 0.95000
vt 0.97500 0.66500
v 1.17000 0.30000 0.98000
vt 0.99000 0.65000
vn 0.00000 -0.70711 -0.70711
f 2536/2536/846 2537/2537/846 2538/2538/846
v -1.17000 0.30000 0.98000
vt 0.99000 0.65000
v 1.17000 0.30000 0.98000
vt 0.99000 0.65000
v 1.17000 0.30000 2.17000
vt 1.58500 0.65000
vn -0.00000 -1.00000 0.00000
f 2539/2539/847 2540/2540/847 2541/2541/847
v -1.17000 0.30000 0.98000
vt 0.99000 0.65000
v 1.17000 0.30000 2.17000
vt 1.58500 0.65000
v -1.17000 0.30000 2.17000
vt 1.58500 0.65000
vn -0.00000 -1.00000 0.00000
f 2542/2542/848 2543/2543/848 2544/2544/848
v -1.15000 1.95000 1.00000
vt 1.00000 1.47500
v 1.15000 1.95000 1.00000
vt 1.00000 1.47500
v 1.15000 1.25000 1.00000
vt 1.00000 1.12500
vn 0.00000 -0.00000 -1.00000
f 2545/2545/849 2546/2546/849 2547/2547/849
v -1.15000 1.95000 1.00000
vt 1.00000 1.47500
v 1.15000 1.25000 1.00000
vt 1.00000 1.12500
v -1.15000 1.25000 1.00000
vt 1.00000 1.12500
vn 0.00000 -0.00000 -1.00000
f 2548/2548/850 2549/2549/850 2550/2550/850
v -1.15000 1.25000 2.15000
vt 1.57500 1.12500
v -1.15000 1.25000 1.00000
vt 1.00000 1.12500
v 1.15000 1.25000 1.00000
vt 1.00000 1.12500
vn -0.00000 -1.00000 0.00000
f 2551/2551/851 2552/2552/851 2553/2553/851
v -1.15000 1.25000 2.15000
vt 1.57500 1.12500
v 1.15000 1.25000 1.00000
vt 1.00000 1.12500
v 1.15000 1.25000 2.15000
vt 1.57500 1.12500
vn -0.00000 -1.00000 0.00000
f 2554/2554/852 2555/2555/852 2556/2556/852
v -1.15000 1.25000 2.15000
vt 1.57500 1.12500
v -1.15000 1.95000 1.00000
vt 1.00000 1.47500
v -1.15000 1.25000 1.00000
vt 1.00000 1.12500
vn -1.00000 -0.00000 -0.00000
f 2557/2557/853 2558/2558/853 2559/2559/853
v -1.15000 1.25000 2.15000
vt 1.57500 1.12500
v -1.15000 1.95000 2.15000
vt 1.57500 1.47500
v -1.15000 1.95000 1.00000
vt 1.00000 1.47500
vn -1.00000 -0.00000 -0.00000
f 2560/2560/854 2561/2561/854 2562/2562/854
v 1.15000 1.95000 2.15000
vt 1.57500 1.47500
v 1.15000 1.25000 1.00000
vt 1.00000 1.12500
v 1.15000 1.95000 1.00000
vt 1.00000 1.47500
vn 1.00000 -0.00000 -0.00000
f 2563/2563/855 2564/2564/855 2565/2565/855
v 1.15000 1.95000 2.15000
vt 1.57500 1.47500
v 1.15000 1.25000 2.15000
vt 1.57500 1.12500
v 1.15000 1.25000 1.00000
vt 1.00000 1.12500
vn 1.00000 -0.00000 -0.00000
f 2566/2566/856 2567/2567/856 2568/2568/856
v 1.15000 1.95000 2.15000
vt 1.57500 1.47500
v 1.15000 1.95000 1.00000
vt 1.00000 1.47500
v -1.15000 1.95000 1.00000
vt 1.00000 1.47500
vn -0.00000 1.00000 -0.00000
f 2569/2569/857 2570/2570/857 2571/2571/857
v 1.15000 1.95000 2.15000
vt 1.57500 1.47500
v -1.15000 1.95000 1.00000
vt 1.00000 1.47500
v -1.15000 1.95000 2.15000
vt 1.57500 1.47500
vn -0.00000 1.00000 -0.00000
f 2572/2572/858 2573/2573/858 2574/2574/858
v 1.15000 1.95000 2.15000
vt 1.57500 1.47500
v -1.15000 1.25000 2.15000
vt 1.57500 1.12500
v 1.15000 1.25000 2.15000
vt 1.57500 1.12500
vn 0.00000 -0.00000 1.00000
f 2575/2575/859 2576/2576/859 2577/2577/859
v 1.15000 1.95000 2.15000
vt 1.57500 1.47500
v -1.15000 1.95000 2.15000
vt 1.57500 1.47500
v -1.15000 1.25000 2.15000
vt 1.57500 1.12500
vn 0.00000 -0.00000 1.00000
f 2578/2578/860 2579/2579/860 2580/2580/860
v 1.24000 1.95000 0.92000
vt 0.96000 1.47500
v 1.24000 1.97000 0.90000
vt 0.95000 1.48500
v 1.26000 1.97000 0.92000
vt 0.96000 1.48500
vn 0.57735 -0.57735 -0.57735
f 2581/2581/861 2582/2582/861 2583/2583/861
v 1.24000 2.01000 2.30000
vt 1.65000 1.50500
v 1.26000 2.01000 2.28000
vt 1.64000 1.50500
v 1.24000 2.03000 2.28000
vt 1.64000 1.51500
vn 0.57735 0.57735 0.57735
f 2584/2584/862 2585/2585/862 2586/2586/862
v -1.26000 2.01000 0.92000
vt 0.96000 1.50500
v -1.24000 2.03000 0.92000
vt 0.96000 1.51500
v -1.24000 2.01000 0.90000
vt 0.95000 1.50500
vn -0.57735 0.57735 -0.57735
f 2587/2587/863 2588/2588/863 2589/2589/863
v 1.24000 2.01000 0.90000
vt 0.95000 1.50500
v 1.24000 2.03000 0.92000
vt 0.96000 1.51500
v 1.26000 2.01000 0.92000
vt 0.96000 1.50500
vn 0.57735 0.57735 -0.57735
f 2590/2590/864 2591/2591/864 2592/2592/864
v -1.24000 2.01000 2.30000
vt 1.65000 1.50500
v -1.24000 2.03000 2.28000
vt 1.64000 1.51500
v -1.26000 2.01000 2.28000
vt 1.64000 1.50500
vn -0.57735 0.57735 0.57735
f 2593/2593/865 2594/2594/865 2595/2595/865
v -1.24000 1.95000 2.28000
vt 1.64000 1.47500
v -1.24000 1.97000 2.30000
vt 1.65000 1.48500
v -1.26000 1.97000 2.28000
vt 1.64000 1.48500
vn -0.57735 -0.57735 0.57735
f 2596/2596/866 2597/2597/866 2598/2598/866
v 1.24000 1.95000 2.28000
vt 1.64000 1.47500
v 1.26000 1.97000 2.28000
vt 1.64000 1.48500
v 1.24000 1.97000 2.30000
vt 1.65000 1.48500
vn 0.57735 -0.57735 0.57735
f 2599/2599/867 2600/2600/867 2601/2601/867
v -1.24000 1.95000 0.92000
vt 0.96000 1.47500
v -1.26000 1.97000 0.92000
vt 0.96000 1.48500
v -1.24000 1.97000 0.90000
vt 0.95000 1.48500
vn -0.57735 -0.57735 -0.57735
f 2602/2602/868 2603/2603/868 2604/2604/868
v 1.26000 2.01000 0.92000
vt 0.96000 1.50500
v 1.26000 1.97000 2.28000
vt 1.64000 1.48500
v 1.26000 1.97000 0.92000
vt 0.96000 1.48500
vn 1.00000 0.00000 -0.00000
f 2605/2605/869 2606/2606/869 2607/2607/869
v 1.26000 2.01000 0.92000
vt 0.96000 1.50500
v 1.26000 2.01000 2.28000
vt 1.64000 1.50500
v 1.26000 1.97000 2.28000
vt 1.64000 1.48500
vn 1.00000 0.00000 -0.00000
f 2608/2608/870 2609/2609/870 2610/2610/870
v 1.24000 2.03000 2.28000
vt 1.64000 1.51500
v -1.24000 2.03000 0.92000
vt 0.96000 1.51500
v -1.24000 2.03000 2.28000
vt 1.64000 1.51500
vn -0.00000 1.00000 -0.00000
f 2611/2611/871 2612/2612/871 2613/2613/871
v 1.24000 2.03000 2.28000
vt 1.64000 1.51500
v 1.24000 2.03000 0.92000
vt 0.96000 1.51500
v -1.24000 2.03000 0.92000
vt 0.96000 1.51500
vn -0.00000 1.00000 -0.00000
f 2614/2614/872 2615/2615/872 2616/2616/872
v 1.24000 2.03000 2.28000
vt 1.64000 1.51500
v 1.26000 2.01000 2.28000
vt 1.64000 1.50500
v 1.26000 2.01000 0.92000
vt 0.96000 1.50500
vn 0.70711 0.70711 -0.00000
f 2617/2617/873 2618/2618/873 2619/2619/873
v 1.24000 2.03000 2.28000
vt 1.64000 1.51500
v 1.26000 2.01000 0.92000
vt 0.96000 1.50500
v 1.24000 2.03000 0.92000
vt 0.96000 1.51500
vn 0.70711 0.70711 -0.00000
f 2620/2620/874 2621/2621/874 2622/2622/874
v 1.24000 2.01000 2.30000
vt 1.65000 1.50500
v 1.26000 1.97000 2.28000
vt 1.64000 1.48500
v 1.26000 2.01000 2.28000
vt 1.64000 1.50500
vn 0.70711 0.00000 0.70711
f 2623/2623/875 2624/2624/875 2625/2625/875
v 1.24000 2.01000 2.30000
vt 1.65000 1.50500
v 1.24000 1.97000 2.30000
vt 1.65000 1.48500
v 1.26000 1.97000 2.28000
vt 1.64000 1.48500
vn 0.70711 0.00000 0.70711
f 2626/2626/876 2627/2627/876 2628/2628/876
v -1.26000 2.01000 0.92000
vt 0.96000 1.50500
v -1.24000 2.01000 0.90000
vt 0.95000 1.50500
v -1.24000 1.97000 0.90000
vt 0.95000 1.48500
vn -0.70711 -0.00000 -0.70711
f 2629/2629/877 2630/2630/877 2631/2631/877
v -1.26000 2.01000 0.92000
vt 0.96000 1.50500
v -1.24000 1.97000 0.90000
vt 0.95000 1.48500
v -1.26000 1.97000 0.92000
vt 0.96000 1.48500
vn -0.70711 -0.00000 -0.70711
f 2632/2632/878 2633/2633/878 2634/2634/878
v -1.26000 2.01000 0.92000
vt 0.96000 1.50500
v -1.24000 2.03000 2.28000
vt 1.64000 1.51500
v -1.24000 2.03000 0.92000
vt 0.96000 1.51500
vn -0.70711 0.70711 -0.00000
f 2635/2635/879 2636/2636/879 2637/2637/879
v -1.26000 2.01000 0.92000
vt 0.96000 1.50500
v -1.26000 2.01000 2.28000
vt 1.64000 1.50500
v -1.24000 2.03000 2.28000
vt 1.64000 1.51500
vn -0.70711 0.70711 -0.00000
f 2638/2638/880 2639/2639/880 2640/2640/880
v 1.24000 2.01000 0.90000
vt 0.95000 1.50500
v -1.24000 2.03000 0.92000
vt 0.96000 1.51500
v 1.24000 2.03000 0.92000
vt 0.96000 1.51500
vn -0.00000 0.70711 -0.70711
f 2641/2641/881 2642/2642/881 2643/2643/881
v 1.24000 2.01000 0.90000
vt 0.95000 1.50500
v -1.24000 2.01000 0.90000
vt 0.95000 1.50500
v -1.24000 2.03000 0.92000
vt 0.96000 1.51500
vn -0.00000 0.70711 -0.70711
f 2644/2644/882 2645/2645/882 2646/2646/882
v 1.24000 2.01000 0.90000
vt 0.95000 1.50500
v -1.24000 1.97000 0.90000
vt 0.95000 1.48500
v -1.24000 2.01000 0.90000
vt 0.95000 1.50500
vn -0.00000 0.00000 -1.00000
f 2647/2647/883 2648/2648/883 2649/2649/883
v 1.24000 2.01000 0.90000
vt 0.95000 1.50500
v 1.24000 1.97000 0.90000
vt 0.95000 1.48500
v -1.24000 1.97000 0.90000
vt 0.95000 1.48500
vn -0.00000 0.00000 -1.00000
f 2650/2650/884 2651/2651/884 2652/2652/884
v 1.24000 2.01000 0.90000
vt 0.95000 1.50500
v 1.26000 2.01000 0.92000
vt 0.96000 1.50500
v 1.26000 1.97000 0.92000
vt 0.96000 1.48500
vn 0.70711 -0.00000 -0.70711
f 2653/2653/885 2654/2654/885 2655/2655/885
v 1.24000 2.01000 0.90000
vt 0.95000 1.50500
v 1.26000 1.97000 0.92000
vt 0.96000 1.48500
v 1.24000 1.97000 0.90000
vt 0.95000 1.48500
vn 0.70711 -0.00000 -0.70711
f 2656/2656/886 2657/2657/886 2658/2658/886
v -1.26000 1.97000 2.28000
vt 1.64000 1.48500
v -1.26000 2.01000 0.92000
vt 0.96000 1.50500
v -1.26000 1.97000 0.92000
vt 0.96000 1.48500
vn -1.00000 -0.00000 -0.00000
f 2659/2659/887 2660/2660/887 2661/2661/887
v -1.26000 1.97000 2.28000
vt 1.64000 1.48500
v -1.26000 2.01000 2.28000
vt 1.64000 1.50500
v -1.26000 2.01000 0.92000
vt 0.96000 1.50500
vn -1.00000 -0.00000 -0.00000
f 2662/2662/888 2663/2663/888 2664/2664/888
v -1.24000 2.01000 2.30000
vt 1.65000 1.50500
v -1.26000 2.01000 2.28000
vt 1.64000 1.50500
v -1.26000 1.97000 2.28000
vt 1.64000 1.48500
vn -0.70711 -0.00000 0.70711
f 2665/2665/889 2666/2666/889 2667/2667/889
v -1.24000 2.01000 2.30000
vt 1.65000 1.50500
v -1.26000 1.97000 2.28000
vt 1.64000 1.48500
v -1.24000 1.97000 2.30000
vt 1.65000 1.48500
vn -0.70711 -0.00000 0.70711
f 2668/2668/890 2669/2669/890 2670/2670/890
v -1.24000 2.01000 2.30000
vt 1.65000 1.50500
v 1.24000 2.03000 2.28000
vt 1.64000 1.51500
v -1.24000 2.03000 2.28000
vt 1.64000 1.51500
vn -0.00000 0.70711 0.70711
f 2671/2671/891 2672/2672/891 2673/2673/891
v -1.24000 2.01000 2.30000
vt 1.65000 1.50500
v 1.24000 2.01000 2.30000
vt 1.65000 1.50500
v 1.24000 2.03000 2.28000
vt 1.64000 1.51500
vn -0.00000 0.70711 0.70711
f 2674/2674/892 2675/2675/892 2676/2676/892
v -1.24000 2.01000 2.30000
vt 1.65000 1.50500
v 1.24000 1.97000 2.30000
vt 1.65000 1.48500
v 1.24000 2.01000 2.30000
vt 1.65000 1.50500
vn -0.00000 0.00000 1.00000
f 2677/2677/893 2678/2678/893 2679/2679/893
v -1.24000 2.01000 2.30000
vt 1.65000 1.50500
v -1.24000 1.97000 2.30000
vt 1.65000 1.48500
v 1.24000 1.97000 2.30000
vt 1.65000 1.48500
vn -0.00000 0.00000 1.00000
f 2680/2680/894 2681/2681/894 2682/2682/894
v 1.24000 1.95000 2.28000
vt 1.64000 1.47500
v 1.26000 1.97000 0.92000
vt 0.96000 1.48500
v 1.26000 1.97000 2.28000
vt 1.64000 1.48500
vn 0.70711 -0.70711 -0.00000
f 2683/2683/895 2684/2684/895 2685/2685/895
v 1.24000 1.95000 2.28000
vt 1.64000 1.47500
v 1.24000 1.95000 0.92000
vt 0.96000 1.47500
v 1.26000 1.97000 0.92000
vt 0.96000 1.48500
vn 0.70711 -0.70711 -0.00000
f 2686/2686/896 2687/2687/896 2688/2688/896
v 1.24000 1.95000 2.28000
vt 1.64000 1.47500
v 1.24000 1.97000 2.30000
vt 1.65000 1.48500
v -1.24000 1.97000 2.30000
vt 1.65000 1.48500
vn 0.00000 -0.70711 0.70711
f 2689/2689/897 2690/2690/897 2691/2691/897
v 1.24000 1.95000 2.28000
vt 1.64000 1.47500
v -1.24000 1.97000 2.30000
vt 1.65000 1.48500
v -1.24000 1.95000 2.28000
vt 1.64000 1.47500
vn 0.00000 -0.70711 0.70711
f 2692/2692/898 2693/2693/898 2694/2694/898
v -1.24000 1.95000 0.92000
vt 0.96000 1.47500
v -1.26000 1.97000 2.28000
vt 1.64000 1.48500
v -1.26000 1.97000 0.92000
vt 0.96000 1.48500
vn -0.70711 -0.70711 0.00000
f 2695/2695/899 2696/2696/899 2697/2697/899
v -1.24000 1.95000 0.92000
vt 0.96000 1.47500
v -1.24000 1.95000 2.28000
vt 1.64000 1.47500
v -1.26000 1.97000 2.28000
vt 1.64000 1.48500
vn -0.70711 -0.70711 0.00000
f 2698/2698/900 2699/2699/900 2700/2700/900
v -1.24000 1.95000 0.92000
vt 0.96000 1.47500
v -1.24000 1.97000 0.90000
vt 0.95000 1.48500
v 1.24000 1.97000 0.90000
vt 0.95000 1.48500
vn 0.00000 -0.70711 -0.70711
f 2701/2701/901 2702/2702/901 2703/2703/901
v -1.24000 1.95000 0.92000
vt 0.96000 1.47500
v 1.24000 1.97000 0.90000
vt 0.95000 1.48500
v 1.24000 1.95000 0.92000
vt 0.96000 1.47500
vn 0.00000 -0.70711 -0.70711
f 2704/2704/902 2705/2705/902 2706/2706/902
v -1.24000 1.95000 0.92000
vt 0.96000 1.47500
v 1.24000 1.95000 0.92000
vt 0.96000 1.47500
v 1.24000 1.95000 2.28000
vt 1.64000 1.47500
vn -0.00000 -1.00000 0.00000
f 2707/2707/903 2708/2708/903 2709/2709/903
v -1.24000 1.95000 0.92000
vt 0.96000 1.47500
v 1.24000 1.95000 2.28000
vt 1.64000 1.47500
v -1.24000 1.95000 2.28000
vt 1.64000 1.47500
vn -0.00000 -1.00000 0.00000
f 2710/2710/904 2711/2711/904 2712/2712/904
v -1.25000 0.25000 -3.50000
vt -1.25000 0.62500
v 1.25000 0.25000 -3.50000
vt -1.25000 0.62500
v 1.25000 0.05000 -3.50000
vt -1.25000 0.52500
vn 0.00000 -0.00000 -1.00000
f 2713/2713/905 2714/2714/905 2715/2715/905
v -1.25000 0.25000 -3.50000
vt -1.25000 0.62500
v 1.25000 0.05000 -3.50000
vt -1.25000 0.52500
v -1.25000 0.05000 -3.50000
vt -1.25000 0.52500
vn 0.00000 -0.00000 -1.00000
f 2716/2716/906 2717/2717/906 2718/2718/906
v -1.25000 0.05000 0.85000
vt 0.92500 0.52500
v -1.25000 0.05000 -3.50000
vt -1.25000 0.52500
v 1.25000 0.05000 -3.50000
vt -1.25000 0.52500
vn -0.00000 -1.00000 0.00000
f 2719/2719/907 2720/2720/907 2721/2721/907
v -1.25000 0.05000 0.85000
vt 0.92500 0.52500
v 1.25000 0.05000 -3.50000
vt -1.25000 0.52500
v 1.25000 0.05000 0.85000
vt 0.92500 0.52500
vn -0.00000 -1.00000 0.00000
f 2722/2722/908 2723/2723/908 2724/2724/908
v -1.25000 0.05000 0.85000
vt 0.92500 0.52500
v -1.25000 0.25000 -3.50000
vt -1.25000 0.62500
v -1.25000 0.05000 -3.50000
vt -1.25000 0.52500
vn -1.00000 -0.00000 -0.00000
f 2725/2725/909 2726/2726/909 2727/2727/909
v -1.25000 0.05000 0.85000
vt 0.92500 0.52500
v -1.25000 0.25000 0.85000
vt 0.92500 0.62500
v -1.25000 0.25000 -3.50000
vt -1.25000 0.62500
vn -1.00000 -0.00000 -0.00000
f 2728/2728/910 2729/2729/910 2730/2730/910
v 1.25000 0.25000 0.85000
vt 0.92500 0.62500
v 1.25000 0.05000 -3.50000
vt -1.25000 0.52500
v 1.25000 0.25000 -3.50000
vt -1.25000 0.62500
vn 1.00000 -0.00000 -0.00000
f 2731/2731/911 2732/2732/911 2733/2733/911
v 1.25000 0.25000 0.85000
vt 0.92500 0.62500
v 1.25000 0.05000 0.85000
vt 0.92500 0.52500
v 1.25000 0.05000 -3.50000
vt -1.25000 0.52500
vn 1.00000 -0.00000 -0.00000
f 2734/2734/912 2735/2735/912 2736/2736/912
v 1.25000 0.25000 0.85000
vt 0.92500 0.62500
v 1.25000 0.25000 -3.50000
vt -1.25000 0.62500
v -1.25000 0.25000 -3.50000
vt -1.25000 0.62500
vn -0.00000 1.00000 -0.00000
f 2737/2737/913 2738/2738/913 2739/2739/913
v 1.25000 0.25000 0.85000
vt 0.92500 0.62500
v -1.25000 0.25000 -3.50000
vt -1.25000 0.62500
v -1.25000 0.25000 0.85000
vt 0.92500 0.62500
vn -0.00000 1.00000 -0.00000
f 2740/2740/914 2741/2741/914 2742/2742/914
v 1.25000 0.25000 0.85000
vt 0.92500 0.62500
v -1.25000 0.05000 0.85000
vt 0.92500 0.52500
v 1.25000 0.05000 0.85000
vt 0.92500 0.52500
vn 0.00000 -0.00000 1.00000
f 2743/2743/915 2744/2744/915 2745/2745/915
v 1.25000 0.25000 0.85000
vt 0.92500 0.62500
v -1.25000 0.25000 0.85000
vt 0.92500 0.62500
v -1.25000 0.05000 0.85000
vt 0.92500 0.52500
vn 0.00000 -0.00000 1.00000
f 2746/2746/916 2747/2747/916 2748/2748/916
v -1.25000 0.75000 -3.47000
vt -1.23500 0.87500
v -1.17000 0.75000 -3.47000
vt -1.23500 0.87500
v -1.17000 0.25000 -3.47000
vt -1.23500 0.62500
vn 0.00000 -0.00000 -1.00000
f 2749/2749/917 2750/2750/917 2751/2751/917
v -1.25000 0.75000 -3.47000
vt -1.23500 0.87500
v -1.17000 0.25000 -3.47000
vt -1.23500 0.62500
v -1.25000 0.25000 -3.47000
vt -1.23500 0.62500
vn 0.00000 -0.00000 -1.00000
f 2752/2752/918 2753/2753/918 2754/2754/918
v -1.25000 0.25000 -2.48000
vt -0.74000 0.62500
v -1.25000 0.25000 -3.47000
vt -1.23500 0.62500
v -1.17000 0.25000 -3.47000
vt -1.23500 0.62500
vn -0.00000 -1.00000 0.00000
f 2755/2755/919 2756/2756/919 2757/2757/919
v -1.25000 0.25000 -2.48000
vt -0.74000 0.62500
v -1.17000 0.25000 -3.47000
vt -1.23500 0.62500
v -1.17000 0.25000 -2.48000
vt -0.74000 0.62500
vn -0.00000 -1.00000 0.00000
f 2758/2758/920 2759/2759/920 2760/2760/920
v -1.25000 0.25000 -2.48000
vt -0.74000 0.62500
v -1.25000 0.75000 -3.47000
vt -1.23500 0.87500
v -1.25000 0.25000 -3.47000
vt -1.23500 0.62500
vn -1.00000 -0.00000 -0.00000
f 2761/2761/921 2762/2762/921 2763/2763/921
v -1.25000 0.25000 -2.48000
vt -0.74000 0.62500
v -1.25000 0.75000 -2.48000
vt -0.74000 0.87500
v -1.25000 0.75000 -3.47000
vt -1.23500 0.87500
vn -1.00000 -0.00000 -0.00000
f 2764/2764/922 2765/2765/922 2766/2766/922
v -1.17000 0.75000 -2.48000
vt -0.74000 0.87500
v -1.17000 0.25000 -3.47000
vt -1.23500 0.62500
v -1.17000 0.75000 -3.47000
vt -1.23500 0.87500
vn 1.00000 -0.00000 -0.00000
f 2767/2767/923 2768/2768/923 2769/2769/923
v -1.17000 0.75000 -2.48000
vt -0.74000 0.87500
v -1.17000 0.25000 -2.48000
vt -0.74000 0.62500
v -1.17000 0.25000 -3.47000
vt -1.23500 0.62500
vn 1.00000 -0.00000 -0.00000
f 2770/2770/924 2771/2771/924 2772/2772/924
v -1.17000 0.75000 -2.48000
vt -0.74000 0.87500
v -1.17000 0.75000 -3.47000
vt -1.23500 0.87500
v -1.25000 0.75000 -3.47000
vt -1.23500 0.87500
vn -0.00000 1.00000 -0.00000
f 2773/2773/925 2774/2774/925 2775/2775/925
v -1.17000 0.75000 -2.48000
vt -0.74000 0.87500
v -1.25000 0.75000 -3.47000
vt -1.23500 0.87500
v -1.25000 0.75000 -2.48000
vt -0.74000 0.87500
vn -0.00000 1.00000 -0.00000
f 2776/2776/926 2777/2777/926 2778/2778/926
v -1.17000 0.75000 -2.48000
vt -0.74000 0.87500
v -1.25000 0.25000 -2.48000
vt -0.74000 0.62500
v -1.17000 0.25000 -2.48000
vt -0.74000 0.62500
vn 0.00000 -0.00000 1.00000
f 2779/2779/927 2780/2780/927 2781/2781/927
v -1.17000 0.75000 -2.48000
vt -0.74000 0.87500
v -1.25000 0.75000 -2.48000
vt -0.74000 0.87500
v -1.25000 0.25000 -2.48000
vt -0.74000 0.62500
vn 0.00000 -0.00000 1.00000
f 2782/2782/928 2783/2783/928 2784/2784/928
v 1.17000 0.75000 -3.47000
vt -1.23500 0.87500
v 1.25000 0.75000 -3.47000
vt -1.23500 0.87500
v 1.25000 0.25000 -3.47000
vt -1.23500 0.62500
vn 0.00000 -0.00000 -1.00000
f 2785/2785/929 2786/2786/929 2787/2787/929
v 1.17000 0.75000 -3.47000
vt -1.23500 0.87500
v 1.25000 0.25000 -3.47000
vt -1.23500 0.62500
v 1.17000 0.25000 -3.47000
vt -1.23500 0.62500
vn 0.00000 -0.00000 -1.00000
f 2788/2788/930 2789/2789/930 2790/2790/930
v 1.17000 0.25000 -2.48000
vt -0.74000 0.62500
v 1.17000 0.25000 -3.47000
vt -1.23500 0.62500
v 1.25000 0.25000 -3.47000
vt -1.23500 0.62500
vn -0.00000 -1.00000 0.00000
f 2791/2791/931 2792/2792/931 2793/2793/931
v 1.17000 0.25000 -2.48000
vt -0.74000 0.62500
v 1.25000 0.25000 -3.47000
vt -1.23500 0.62500
v 1.25000 0.25000 -2.48000
vt -0.74000 0.62500
vn -0.00000 -1.00000 0.00000
f 2794/2794/932 2795/2795/932 2796/2796/932
v 1.17000 0.25000 -2.48000
vt -0.74000 0.62500
v 1.17000 0.75000 -3.47000
vt -1.23500 0.87500
v 1.17000 0.25000 -3.47000
vt -1.23500 0.62500
vn -1.00000 -0.00000 -0.00000
f 2797/2797/933 2798/2798/933 2799/2799/933
v 1.17000 0.25000 -2.48000
vt -0.74000 0.62500
v 1.17000 0.75000 -2.48000
vt -0.74000 0.87500
v 1.17000 0.75000 -3.47000
vt -1.23500 0.87500
vn -1.00000 -0.00000 -0.00000
f 2800/2800/934 2801/2801/934 2802/2802/934
v 1.25000 0.75000 -2.48000
vt -0.74000 0.87500
v 1.25000 0.25000 -3.47000
vt -1.23500 0.62500
v 1.25000 0.75000 -3.47000
vt -1.23500 0.87500
vn 1.00000 -0.00000 -0.00000
f 2803/2803/935 2804/2804/935 2805/2805/935
v 1.25000 0.75000 -2.48000
vt -0.74000 0.87500
v 1.25000 0.25000 -2.48000
vt -0.74000 0.62500
v 1.25000 0.25000 -3.47000
vt -1.23500 0.62500
vn 1.00000 -0.00000 -0.00000
f 2806/2806/936 2807/2807/936 2808/2808/936
v 1.25000 0.75000 -2.48000
vt -0.74000 0.87500
v 1.25000 0.75000 -3.47000
vt -1.23500 0.87500
v 1.17000 0.75000 -3.47000
vt -1.23500 0.87500
vn -0.00000 1.00000 -0.00000
f 2809/2809/937 2810/2810/937 2811/2811/937
v 1.25000 0.75000 -2.48000
vt -0.74000 0.87500
v 1.17000 0.75000 -3.47000
vt -1.23500 0.87500
v 1.17000 0.75000 -2.48000
vt -0.74000 0.87500
vn -0.00000 1.00000 -0.00000
f 2812/2812/938 2813/2813/938 2814/2814/938
v 1.25000 0.75000 -2.48000
vt -0.74000 0.87500
v 1.17000 0.25000 -2.48000
vt -0.74000 0.62500
v 1.25000 0.25000 -2.48000
vt -0.74000 0.62500
vn 0.00000 -0.00000 1.00000
f 2815/2815/939 2816/2816/939 2817/2817/939
v 1.25000 0.75000 -2.48000
vt -0.74000 0.87500
v 1.17000 0.75000 -2.48000
vt -0.74000 0.87500
v 1.17000 0.25000 -2.48000
vt -0.74000 0.62500
vn 0.00000 -0.00000 1.00000
f 2818/2818/940 2819/2819/940 2820/2820/940
v -1.25000 0.75000 -2.42000
vt -0.71000 0.87500
v -1.17000 0.75000 -2.42000
vt -0.71000 0.87500
v -1.17000 0.25000 -2.42000
vt -0.71000 0.62500
vn 0.00000 -0.00000 -1.00000
f 2821/2821/941 2822/2822/941 2823/2823/941
v -1.25000 0.75000 -2.42000
vt -0.71000 0.87500
v -1.17000 0.25000 -2.42000
vt -0.71000 0.62500
v -1.25000 0.25000 -2.42000
vt -0.71000 0.62500
vn 0.00000 -0.00000 -1.00000
f 2824/2824/942 2825/2825/942 2826/2826/942
v -1.25000 0.25000 -1.43000
vt -0.21500 0.62500
v -1.25000 0.25000 -2.42000
vt -0.71000 0.62500
v -1.17000 0.25000 -2.42000
vt -0.71000 0.62500
vn -0.00000 -1.00000 0.00000
f 2827/2827/943 2828/2828/943 2829/2829/943
v -1.25000 0.25000 -1.43000
vt -0.21500 0.62500
v -1.17000 0.25000 -2.42000
vt -0.71000 0.62500
v -1.17000 0.25000 -1.43000
vt -0.21500 0.62500
vn -0.00000 -1.00000 0.00000
f 2830/2830/944 2831/2831/944 2832/2832/944
v -1.25000 0.25000 -1.43000
vt -0.21500 0.62500
v -1.25000 0.75000 -2.42000
vt -0.71000 0.87500
v -1.25000 0.25000 -2.42000
vt -0.71000 0.62500
vn -1.00000 -0.00000 -0.00000
f 2833/2833/945 2834/2834/945 2835/2835/945
v -1.25000 0.25000 -1.43000
vt -0.21500 0.62500
v -1.25000 0.75000 -1.43000
vt -0.21500 0.87500
v -1.25000 0.75000 -2.42000
vt -0.71000 0.87500
vn -1.00000 -0.00000 -0.00000
f 2836/2836/946 2837/2837/946 2838/2838/946
v -1.17000 0.75000 -1.43000
vt -0.21500 0.87500
v -1.17000 0.25000 -2.42000
vt -0.71000 0.62500
v -1.17000 0.75000 -2.42000
vt -0.71000 0.87500
vn 1.00000 -0.00000 -0.00000
f 2839/2839/947 2840/2840/947 2841/2841/947
v -1.17000 0.75000 -1.43000
vt -0.21500 0.87500
v -1.17000 0.25000 -1.43000
vt -0.21500 0.62500
v -1.17000 0.25000 -2.42000
vt -0.71000 0.62500
vn 1.00000 -0.00000 -0.00000
f 2842/2842/948 2843/2843/948 2844/2844/948
v -1.17000 0.75000 -1.43000
vt -0.21500 0.87500
v -1.17000 0.75000 -2.42000
vt -0.71000 0.87500
v -1.25000 0.75000 -2.42000
vt -0.71000 0.87500
vn -0.00000 1.00000 -0.00000
f 2845/2845/949 2846/2846/949 2847/2847/949
v -1.17000 0.75000 -1.43000
vt -0.21500 0.87500
v -1.25000 0.75000 -2.42000
vt -0.71000 0.87500
v -1.25000 0.75000 -1.43000
vt -0.21500 0.87500
vn -0.00000 1.00000 -0.00000
f 2848/2848/950 2849/2849/950 2850/2850/950
v -1.17000 0.75000 -1.43000
vt -0.21500 0.87500
v -1.25000 0.25000 -1.43000
vt -0.21500 0.62500
v -1.17000 0.25000 -1.43000
vt -0.21500 0.62500
vn 0.00000 -0.00000 1.00000
f 2851/2851/951 2852/2852/951 2853/2853/951
v -1.17000 0.75000 -1.43000
vt -0.21500 0.87500
v -1.25000 0.75000 -1.43000
vt -0.21500 0.87500
v -1.25000 0.25000 -1.43000
vt -0.21500 0.62500
vn 0.00000 -0.00000 1.00000
f 2854/2854/952 2855/2855/952 2856/2856/952
v 1.17000 0.75000 -2.42000
vt -0.71000 0.87500
v 1.25000 0.75000 -2.42000
vt -0.71000 0.87500
v 1.25000 0.25000 -2.42000
vt -0.71000 0.62500
vn 0.00000 -0.00000 -1.00000
f 2857/2857/953 2858/2858/953 2859/2859/953
v 1.17000 0.75000 -2.42000
vt -0.71000 0.87500
v 1.25000 0.25000 -2.42000
vt -0.71000 0.62500
v 1.17000 0.25000 -2.42000
vt -0.71000 0.62500
vn 0.00000 -0.00000 -1.00000
f 2860/2860/954 2861/2861/954 2862/2862/954
v 1.17000 0.25000 -1.43000
vt -0.21500 0.62500
v 1.17000 0.25000 -2.42000
vt -0.71000 0.62500
v 1.25000 0.25000 -2.42000
vt -0.71000 0.62500
vn -0.00000 -1.00000 0.00000
f 2863/2863/955 2864/2864/955 2865/2865/955
v 1.17000 0.25000 -1.43000
vt -0.21500 0.62500
v 1.25000 0.25000 -2.42000
vt -0.71000 0.62500
v 1.25000 0.25000 -1.43000
vt -0.21500 0.62500
vn -0.00000 -1.00000 0.00000
f 2866/2866/956 2867/2867/956 2868/2868/956
v 1.17000 0.25000 -1.43000
vt -0.21500 0.62500
v 1.17000 0.75000 -2.42000
vt -0.71000 0.87500
v 1.17000 0.25000 -2.42000
vt -0.71000 0.62500
vn -1.00000 -0.00000 -0.00000
f 2869/2869/957 2870/2870/957 2871/2871/957
v 1.17000 0.25000 -1.43000
vt -0.21500 0.62500
v 1.17000 0.75000 -1.43000
vt -0.21500 0.87500
v 1.17000 0.75000 -2.42000
vt -0.71000 0.87500
vn -1.00000 -0.00000 -0.00000
f 2872/2872/958 2873/2873/958 2874/2874/958
v 1.25000 0.75000 -1.43000
vt -0.21500 0.87500
v 1.25000 0.25000 -2.42000
vt -0.71000 0.62500
v 1.25000 0.75000 -2.42000
vt -0.71000 0.87500
vn 1.00000 -0.00000 -0.00000
f 2875/2875/959 2876/2876/959 2877/2877/959
v 1.25000 0.75000 -1.43000
vt -0.21500 0.87500
v 1.25000 0.25000 -1.43000
vt -0.21500 0.62500
v 1.25000 0.25000 -2.42000
vt -0.71000 0.62500
vn 1.00000 -0.00000 -0.00000
f 2878/2878/960 2879/2879/960 2880/2880/960
v 1.25000 0.75000 -1.43000
vt -0.21500 0.87500
v 1.25000 0.75000 -2.42000
vt -0.71000 0.87500
v 1.17000 0.75000 -2.42000
vt -0.71000 0.87500
vn -0.00000 1.00000 -0.00000
f 2881/2881/961 2882/2882/961 2883/2883/961
v 1.25000 0.75000 -1.43000
vt -0.21500 0.87500
v 1.17000 0.75000 -2.42000
vt -0.71000 0.87500
v 1.17000 0.75000 -1.43000
vt -0.21500 0.87500
vn -0.00000 1.00000 -0.00000
f 2884/2884/962 2885/2885/962 2886/2886/962
v 1.25000 0.75000 -1.43000
vt -0.21500 0.87500
v 1.17000 0.25000 -1.43000
vt -0.21500 0.62500
v 1.25000 0.25000 -1.43000
vt -0.21500 0.62500
vn 0.00000 -0.00000 1.00000
f 2887/2887/963 2888/2888/963 2889/2889/963
v 1.25000 0.75000 -1.43000
vt -0.21500 0.87500
v 1.17000 0.75000 -1.43000
vt -0.21500 0.87500
v 1.17000 0.25000 -1.43000
vt -0.21500 0.62500
vn 0.00000 -0.00000 1.00000
f 2890/2890/964 2891/2891/964 2892/2892/964
v -1.25000 0.75000 -1.37000
vt -0.18500 0.87500
v -1.17000 0.75000 -1.37000
vt -0.18500 0.87500
v -1.17000 0.25000 -1.37000
vt -0.18500 0.62500
vn 0.00000 -0.00000 -1.00000
f 2893/2893/965 2894/2894/965 2895/2895/965
v -1.25000 0.75000 -1.37000
vt -0.18500 0.87500
v -1.17000 0.25000 -1.37000
vt -0.18500 0.62500
v -1.25000 0.25000 -1.37000
vt -0.18500 0.62500
vn 0.00000 -0.00000 -1.00000
f 2896/2896/966 2897/2897/966 2898/2898/966
v -1.25000 0.25000 -0.38000
vt 0.31000 0.62500
v -1.25000 0.25000 -1.37000
vt -0.18500 0.62500
v -1.17000 0.25000 -1.37000
vt -0.18500 0.62500
vn -0.00000 -1.00000 0.00000
f 2899/2899/967 2900/2900/967 2901/2901/967
v -1.25000 0.25000 -0.38000
vt 0.31000 0.62500
v -1.17000 0.25000 -1.37000
vt -0.18500 0.62500
v -1.17000 0.25000 -0.38000
vt 0.31000 0.62500
vn -0.00000 -1.00000 0.00000
f 2902/2902/968 2903/2903/968 2904/2904/968
v -1.25000 0.25000 -0.38000
vt 0.31000 0.62500
v -1.25000 0.75000 -1.37000
vt -0.18500 0.87500
v -1.25000 0.25000 -1.37000
vt -0.18500 0.62500
vn -1.00000 -0.00000 -0.00000
f 2905/2905/969 2906/2906/969 2907/2907/969
v -1.25000 0.25000 -0.38000
vt 0.31000 0.62500
v -1.25000 0.75000 -0.38000
vt 0.31000 0.87500
v -1.25000 0.75000 -1.37000
vt -0.18500 0.87500
vn -1.00000 -0.00000 -0.00000
f 2908/2908/970 2909/2909/970 2910/2910/970
v -1.17000 0.75000 -0.38000
vt 0.31000 0.87500
v -1.17000 0.25000 -1.37000
vt -0.18500 0.62500
v -1.17000 0.75000 -1.37000
vt -0.18500 0.87500
vn 1.00000 -0.00000 -0.00000
f 2911/2911/971 2912/2912/971 2913/2913/971
v -1.17000 0.75000 -0.38000
vt 0.31000 0.87500
v -1.17000 0.25000 -0.38000
vt 0.31000 0.62500
v -1.17000 0.25000 -1.37000
vt -0.18500 0.62500
vn 1.00000 -0.00000 -0.00000
f 2914/2914/972 2915/2915/972 2916/2916/972
v -1.17000 0.75000 -0.38000
vt 0.31000 0.87500
v -1.17000 0.75000 -1.37000
vt -0.18500 0.87500
v -1.25000 0.75000 -1.37000
vt -0.18500 0.87500
vn -0.00000 1.00000 -0.00000
f 2917/2917/973 2918/2918/973 2919/2919/973
v -1.17000 0.75000 -0.38000
vt 0.31000 0.87500
v -1.25000 0.75000 -1.37000
vt -0.18500 0.87500
v -1.25000 0.75000 -0.38000
vt 0.31000 0.87500
vn -0.00000 1.00000 -0.00000
f 2920/2920/974 2921/2921/974 2922/2922/974
v -1.17000 0.75000 -0.38000
vt 0.31000 0.87500
v -1.25000 0.25000 -0.38000
vt 0.31000 0.62500
v -1.17000 0.25000 -0.38000
vt 0.31000 0.62500
vn 0.00000 -0.00000 1.00000
f 2923/2923/975 2924/2924/975 2925/2925/975
v -1.17000 0.75000 -0.38000
vt 0.31000 0.87500
v -1.25000 0.75000 -0.38000
vt 0.31000 0.87500
v -1.25000 0.25000 -0.38000
vt 0.31000 0.62500
vn 0.00000 -0.00000 1.00000
f 2926/2926/976 2927/2927/976 2928/2928/976
v 1.17000 0.75000 -1.37000
vt -0.18500 0.87500
v 1.25000 0.75000 -1.37000
vt -0.18500 0.87500
v 1.25000 0.25000 -1.37000
vt -0.18500 0.62500
vn 0.00000 -0.00000 -1.00000
f 2929/2929/977 2930/2930/977 2931/2931/977
v 1.17000 0.75000 -1.37000
vt -0.18500 0.87500
v 1.25000 0.25000 -1.37000
vt -0.18500 0.62500
v 1.17000 0.25000 -1.37000
vt -0.18500 0.62500
vn 0.00000 -0.00000 -1.00000
f 2932/2932/978 2933/2933/978 2934/2934/978
v 1.17000 0.25000 -0.38000
vt 0.31000 0.62500
v 1.17000 0.25000 -1.37000
vt -0.18500 0.62500
v 1.25000 0.25000 -1.37000
vt -0.18500 0.62500
vn -0.00000 -1.00000 0.00000
f 2935/2935/979 2936/2936/979 2937/2937/979
v 1.17000 0.25000 -0.38000
vt 0.31000 0.62500
v 1.25000 0.25000 -1.37000
vt -0.18500 0.62500
v 1.25000 0.25000 -0.38000
vt 0.31000 0.62500
vn -0.00000 -1.00000 0.00000
f 2938/2938/980 2939/2939/980 2940/2940/980
v 1.17000 0.25000 -0.38000
vt 0.31000 0.62500
v 1.17000 0.75000 -1.37000
vt -0.18500 0.87500
v 1.17000 0.25000 -1.37000
vt -0.18500 0.62500
vn -1.00000 -0.00000 -0.00000
f 2941/2941/981 2942/2942/981 2943/2943/981
v 1.17000 0.25000 -0.38000
vt 0.31000 0.62500
v 1.17000 0.75000 -0.38000
vt 0.31000 0.87500
v 1.17000 0.75000 -1.37000
vt -0.18500 0.87500
vn -1.00000 -0.00000 -0.00000
f 2944/2944/982 2945/2945/982 2946/2946/982
v 1.25000 0.75000 -0.38000
vt 0.31000 0.87500
v 1.25000 0.25000 -1.37000
vt -0.18500 0.62500
v 1.25000 0.75000 -1.37000
vt -0.18500 0.87500
vn 1.00000 -0.00000 -0.00000
f 2947/2947/983 2948/2948/983 2949/2949/983
v 1.25000 0.75000 -0.38000
vt 0.31000 0.87500
v 1.25000 0.25000 -0.38000
vt 0.31000 0.62500
v 1.25000 0.25000 -1.37000
vt -0.18500 0.62500
vn 1.00000 -0.00000 -0.00000
f 2950/2950/984 2951/2951/984 2952/2952/984
v 1.25000 0.75000 -0.38000
vt 0.31000 0.87500
v 1.25000 0.75000 -1.37000
vt -0.18500 0.87500
v 1.17000 0.75000 -1.37000
vt -0.18500 0.87500
vn -0.00000 1.00000 -0.00000
f 2953/2953/985 2954/2954/985 2955/2955/985
v 1.25000 0.75000 -0.38000
vt 0.31000 0.87500
v 1.17000 0.75000 -1.37000
vt -0.18500 0.87500
v 1.17000 0.75000 -0.38000
vt 0.31000 0.87500
vn -0.00000 1.00000 -0.00000
f 2956/2956/986 2957/2957/986 2958/2958/986
v 1.25000 0.75000 -0.38000
vt 0.31000 0.87500
v 1.17000 0.25000 -0.38000
vt 0.31000 0.62500
v 1.25000 0.25000 -0.38000
vt 0.31000 0.62500
vn 0.00000 -0.00000 1.00000
f 2959/2959/987 2960/2960/987 2961/2961/987
v 1.25000 0.75000 -0.38000
vt 0.31000 0.87500
v 1.17000 0.75000 -0.38000
vt 0.31000 0.87500
v 1.17000 0.25000 -0.38000
vt 0.31000 0.62500
vn 0.00000 -0.00000 1.00000
f 2962/2962/988 2963/2963/988 2964/2964/988
v -1.25000 0.75000 -0.32000
vt 0.34000 0.87500
v -1.17000 0.75000 -0.32000
vt 0.34000 0.87500
v -1.17000 0.25000 -0.32000
vt 0.34000 0.62500
vn 0.00000 -0.00000 -1.00000
f 2965/2965/989 2966/2966/989 2967/2967/989
v -1.25000 0.75000 -0.32000
vt 0.34000 0.87500
v -1.17000 0.25000 -0.32000
vt 0.34000 0.62500
v -1.25000 0.25000 -0.32000
vt 0.34000 0.62500
vn 0.00000 -0.00000 -1.00000
f 2968/2968/990 2969/2969/990 2970/2970/990
v -1.25000 0.25000 0.67000
vt 0.83500 0.62500
v -1.25000 0.25000 -0.32000
vt 0.34000 0.62500
v -1.17000 0.25000 -0.32000
vt 0.34000 0.62500
vn -0.00000 -1.00000 0.00000
f 2971/2971/991 2972/2972/991 2973/2973/991
v -1.25000 0.25000 0.67000
vt 0.83500 0.62500
v -1.17000 0.25000 -0.32000
vt 0.34000 0.62500
v -1.17000 0.25000 0.67000
vt 0.83500 0.62500
vn -0.00000 -1.00000 0.00000
f 2974/2974/992 2975/2975/992 2976/2976/992
v -1.25000 0.25000 0.67000
vt 0.83500 0.62500
v -1.25000 0.75000 -0.32000
vt 0.34000 0.87500
v -1.25000 0.25000 -0.32000
vt 0.34000 0.62500
vn -1.00000 -0.00000 -0.00000
f 2977/2977/993 2978/2978/993 2979/2979/993
v -1.25000 0.25000 0.67000
vt 0.83500 0.62500
v -1.25000 0.75000 0.67000
vt 0.83500 0.87500
v -1.25000 0.75000 -0.32000
vt 0.34000 0.87500
vn -1.00000 -0.00000 -0.00000
f 2980/2980/994 2981/2981/994 2982/2982/994
v -1.17000 0.75000 0.67000
vt 0.83500 0.87500
v -1.17000 0.25000 -0.32000
vt 0.34000 0.62500
v -1.17000 0.75000 -0.32000
vt 0.34000 0.87500
vn 1.00000 -0.00000 -0.00000
f 2983/2983/995 2984/2984/995 2985/2985/995
v -1.17000 0.75000 0.67000
vt 0.83500 0.87500
v -1.17000 0.25000 0.67000
vt 0.83500 0.62500
v -1.17000 0.25000 -0.32000
vt 0.34000 0.62500
vn 1.00000 -0.00000 -0.00000
f 2986/2986/996 2987/2987/996 2988/2988/996
v -1.17000 0.75000 0.67000
vt 0.83500 0.87500
v -1.17000 0.75000 -0.32000
vt 0.34000 0.87500
v -1.25000 0.75000 -0.32000
vt 0.34000 0.87500
vn -0.00000 1.00000 -0.00000
f 2989/2989/997 2990/2990/997 2991/2991/997
v -1.17000 0.75000 0.67000
vt 0.83500 0.87500
v -1.25000 0.75000 -0.32000
vt 0.34000 0.87500
v -1.25000 0.75000 0.67000
vt 0.83500 0.87500
vn -0.00000 1.00000 -0.00000
f 2992/2992/998 2993/2993/998 2994/2994/998
v -1.17000 0.75000 0.67000
vt 0.83500 0.87500
v -1.25000 0.25000 0.67000
vt 0.83500 0.62500
v -1.17000 0.25000 0.67000
vt 0.83500 0.62500
vn 0.00000 -0.00000 1.00000
f 2995/2995/999 2996/2996/999 2997/2997/999
v -1.17000 0.75000 0.67000
vt 0.83500 0.87500
v -1.25000 0.75000 0.67000
vt 0.83500 0.87500
v -1.25000 0.25000 0.67000
vt 0.83500 0.62500
vn 0.00000 -0.00000 1.00000
f 2998/2998/1000 2999/2999/1000 3000/3000/1000
v 1.17000 0.75000 -0.32000
vt 0.34000 0.87500
v 1.25000 0.75000 -0.32000
vt 0.34000 0.87500
v 1.25000 0.25000 -0.32000
vt 0.34000 0.62500
vn 0.00000 -0.00000 -1.00000
f 3001/3001/1001 3002/3002/1001 3003/3003/1001
v 1.17000 0.75000 -0.32000
vt 0.34000 0.87500
v 1.25000 0.25000 -0.32000
vt 0.34000 0.62500
v 1.17000 0.25000 -0.32000
vt 0.34000 0.62500
vn 0.00000 -0.00000 -1.00000
f 3004/3004/1002 3005/3005/1002 3006/3006/1002
v 1.17000 0.25000 0.67000
vt 0.83500 0.62500
v 1.17000 0.25000 -0.32000
vt 0.34000 0.62500
v 1.25000 0.25000 -0.32000
vt 0.34000 0.62500
vn -0.00000 -1.00000 0.00000
f 3007/3007/1003 3008/3008/1003 3009/3009/1003
v 1.17000 0.25000 0.67000
vt 0.83500 0.62500
v 1.25000 0.25000 -0.32000
vt 0.34000 0.62500
v 1.25000 0.25000 0.67000
vt 0.83500 0.62500
vn -0.00000 -1.00000 0.00000
f 3010/3010/1004 3011/3011/1004 3012/3012/1004
v 1.17000 0.25000 0.67000
vt 0.83500 0.62500
v 1.17000 0.75000 -0.32000
vt 0.34000 0.87500
v 1.17000 0.25000 -0.32000
vt 0.34000 0.62500
vn -1.00000 -0.00000 -0.00000
f 3013/3013/1005 3014/3014/1005 3015/3015/1005
v 1.17000 0.25000 0.67000
vt 0.83500 0.62500
v 1.17000 0.75000 0.67000
vt 0.83500 0.87500
v 1.17000 0.75000 -0.32000
vt 0.34000 0.87500
vn -1.00000 -0.00000 -0.00000
f 3016/3016/1006 3017/3017/1006 3018/3018/1006
v 1.25000 0.75000 0.67000
vt 0.83500 0.87500
v 1.25000 0.25000 -0.32000
vt 0.34000 0.62500
v 1.25000 0.75000 -0.32000
vt 0.34000 0.87500
vn 1.00000 -0.00000 -0.00000
f 3019/3019/1007 3020/3020/1007 3021/3021/1007
v 1.25000 0.75000 0.67000
vt 0.83500 0.87500
v 1.25000 0.25000 0.67000
vt 0.83500 0.62500
v 1.25000 0.25000 -0.32000
vt 0.34000 0.62500
vn 1.00000 -0.00000 -0.00000
f 3022/3022/1008 3023/3023/1008 3024/3024/1008
v 1.25000 0.75000 0.67000
vt 0.83500 0.87500
v 1.25000 0.75000 -0.32000
vt 0.34000 0.87500
v 1.17000 0.75000 -0.32000
vt 0.34000 0.87500
vn -0.00000 1.00000 -0.00000
f 3025/3025/1009 3026/3026/1009 3027/3027/1009
v 1.25000 0.75000 0.67000
vt 0.83500 0.87500
v 1.17000 0.75000 -0.32000
vt 0.34000 0.87500
v 1.17000 0.75000 0.67000
vt 0.83500 0.87500
vn -0.00000 1.00000 -0.00000
f 3028/3028/1010 3029/3029/1010 3030/3030/1010
v 1.25000 0.75000 0.67000
vt 0.83500 0.87500
v 1.17000 0.25000 0.67000
vt 0.83500 0.62500
v 1.25000 0.25000 0.67000
vt 0.83500 0.62500
vn 0.00000 -0.00000 1.00000
f 3031/3031/1011 3032/3032/1011 3033/3033/1011
v 1.25000 0.75000 0.67000
vt 0.83500 0.87500
v 1.17000 0.75000 0.67000
vt 0.83500 0.87500
v 1.17000 0.25000 0.67000
vt 0.83500 0.62500
vn 0.00000 -0.00000 1.00000
f 3034/3034/1012 3035/3035/1012 3036/3036/1012
v -1.25000 0.75000 0.78000
vt 0.89000 0.87500
v 1.25000 0.75000 0.78000
vt 0.89000 0.87500
v 1.25000 0.25000 0.78000
vt 0.89000 0.62500
vn 0.00000 -0.00000 -1.00000
f 3037/3037/1013 3038/3038/1013 3039/3039/1013
v -1.25000 0.75000 0.78000
vt 0.89000 0.87500
v 1.25000 0.25000 0.78000
vt 0.89000 0.62500
v -1.25000 0.25000 0.78000
vt 0.89000 0.62500
vn 0.00000 -0.00000 -1.00000
f 3040/3040/1014 3041/3041/1014 3042/3042/1014
v -1.25000 0.25000 0.85000
vt 0.92500 0.62500
v -1.25000 0.25000 0.78000
vt 0.89000 0.62500
v 1.25000 0.25000 0.78000
vt 0.89000 0.62500
vn -0.00000 -1.00000 0.00000
f 3043/3043/1015 3044/3044/1015 3045/3045/1015
v -1.25000 0.25000 0.85000
vt 0.92500 0.62500
v 1.25000 0.25000 0.78000
vt 0.89000 0.62500
v 1.25000 0.25000 0.85000
vt 0.92500 0.62500
vn -0.00000 -1.00000 0.00000
f 3046/3046/1016 3047/3047/1016 3048/3048/1016
v -1.25000 0.25000 0.85000
vt 0.92500 0.62500
v -1.25000 0.75000 0.78000
vt 0.89000 0.87500
v -1.25000 0.25000 0.78000
vt 0.89000 0.62500
vn -1.00000 -0.00000 -0.00000
f 3049/3049/1017 3050/3050/1017 3051/3051/1017
v -1.25000 0.25000 0.85000
vt 0.92500 0.62500
v -1.25000 0.75000 0.85000
vt 0.92500 0.87500
v -1.25000 0.75000 0.78000
vt 0.89000 0.87500
vn -1.00000 -0.00000 -0.00000
f 3052/3052/1018 3053/3053/1018 3054/3054/1018
v 1.25000 0.75000 0.85000
vt 0.92500 0.87500
v 1.25000 0.25000 0.78000
vt 0.89000 0.62500
v 1.25000 0.75000 0.78000
vt 0.89000 0.87500
vn 1.00000 -0.00000 -0.00000
f 3055/3055/1019 3056/3056/1019 3057/3057/1019
v 1.25000 0.75000 0.85000
vt 0.92500 0.87500
v 1.25000 0.25000 0.85000
vt 0.92500 0.62500
v 1.25000 0.25000 0.78000
vt 0.89000 0.62500
vn 1.00000 -0.00000 -0.00000
f 3058/3058/1020 3059/3059/1020 3060/3060/1020
v 1.25000 0.75000 0.85000
vt 0.92500 0.87500
v 1.25000 0.75000 0.78000
vt 0.89000 0.87500
v -1.25000 0.75000 0.78000
vt 0.89000 0.87500
vn -0.00000 1.00000 -0.00000
f 3061/3061/1021 3062/3062/1021 3063/3063/1021
v 1.25000 0.75000 0.85000
vt 0.92500 0.87500
v -1.25000 0.75000 0.78000
vt 0.89000 0.87500
v -1.25000 0.75000 0.85000
vt 0.92500 0.87500
vn -0.00000 1.00000 -0.00000
f 3064/3064/1022 3065/3065/1022 3066/3066/1022
v 1.25000 0.75000 0.85000
vt 0.92500 0.87500
v -1.25000 0.25000 0.85000
vt 0.92500 0.62500
v 1.25000 0.25000 0.85000
vt 0.92500 0.62500
vn 0.00000 -0.00000 1.00000
f 3067/3067/1023 3068/3068/1023 3069/3069/1023
v 1.25000 0.75000 0.85000
vt 0.92500 0.87500
v -1.25000 0.75000 0.85000
vt 0.92500 0.87500
v -1.25000 0.25000 0.85000
vt 0.92500 0.62500
vn 0.00000 -0.00000 1.00000
f 3070/3070/1024 3071/3071/1024 3072/3072/1024
v -1.25000 0.70000 -3.50000
vt -1.25000 0.85000
v 1.25000 0.70000 -3.50000
vt -1.25000 0.85000
v 1.25000 0.25000 -3.50000
vt -1.25000 0.62500
vn 0.00000 -0.00000 -1.00000
f 3073/3073/1025 3074/3074/1025 3075/3075/1025
v -1.25000 0.70000 -3.50000
vt -1.25000 0.85000
v 1.25000 0.25000 -3.50000
vt -1.25000 0.62500
v -1.25000 0.25000 -3.50000
vt -1.25000 0.62500
vn 0.00000 -0.00000 -1.00000
f 3076/3076/1026 3077/3077/1026 3078/3078/1026
v -1.25000 0.25000 -3.43000
vt -1.21500 0.62500
v -1.25000 0.25000 -3.50000
vt -1.25000 0.62500
v 1.25000 0.25000 -3.50000
vt -1.25000 0.62500
vn -0.00000 -1.00000 0.00000
f 3079/3079/1027 3080/3080/1027 3081/3081/1027
v -1.25000 0.25000 -3.43000
vt -1.21500 0.62500
v 1.25000 0.25000 -3.50000
vt -1.25000 0.62500
v 1.25000 0.25000 -3.43000
vt -1.21500 0.62500
vn -0.00000 -1.00000 0.00000
f 3082/3082/1028 3083/3083/1028 3084/3084/1028
v -1.25000 0.25000 -3.43000
vt -1.21500 0.62500
v -1.25000 0.70000 -3.50000
vt -1.25000 0.85000
v -1.25000 0.25000 -3.50000
vt -1.25000 0.62500
vn -1.00000 -0.00000 -0.00000
f 3085/3085/1029 3086/3086/1029 3087/3087/1029
v -1.25000 0.25000 -3.43000
vt -1.21500 0.62500
v -1.25000 0.70000 -3.43000
vt -1.21500 0.85000
v -1.25000 0.70000 -3.50000
vt -1.25000 0.85000
vn -1.00000 -0.00000 -0.00000
f 3088/3088/1030 3089/3089/1030 3090/3090/1030
v 1.25000 0.70000 -3.43000
vt -1.21500 0.85000
v 1.25000 0.25000 -3.50000
vt -1.25000 0.62500
v 1.25000 0.70000 -3.50000
vt -1.25000 0.85000
vn 1.00000 -0.00000 -0.00000
f 3091/3091/1031 3092/3092/1031 3093/3093/1031
v 1.25000 0.70000 -3.43000
vt -1.21500 0.85000
v 1.25000 0.25000 -3.43000
vt -1.21500 0.62500
v 1.25000 0.25000 -3.50000
vt -1.25000 0.62500
vn 1.00000 -0.00000 -0.00000
f 3094/3094/1032 3095/3095/1032 3096/3096/1032
v 1.25000 0.70000 -3.43000
vt -1.21500 0.85000
v 1.25000 0.70000 -3.50000
vt -1.25000 0.85000
v -1.25000 0.70000 -3.50000
vt -1.25000 0.85000
vn -0.00000 1.00000 -0.00000
f 3097/3097/1033 3098/3098/1033 3099/3099/1033
v 1.25000 0.70000 -3.43000
vt -1.21500 0.85000
v -1.25000 0.70000 -3.50000
vt -1.25000 0.85000
v -1.25000 0.70000 -3.43000
vt -1.21500 0.85000
vn -0.00000 1.00000 -0.00000
f 3100/3100/1034 3101/3101/1034 3102/3102/1034
v 1.25000 0.70000 -3.43000
vt -1.21500 0.85000
v -1.25000 0.25000 -3.43000
vt -1.21500 0.62500
v 1.25000 0.25000 -3.43000
vt -1.21500 0.62500
vn 0.00000 -0.00000 1.00000
f 3103/3103/1035 3104/3104/1035 3105/3105/1035
v 1.25000 0.70000 -3.43000
vt -1.21500 0.85000
v -1.25000 0.70000 -3.43000
vt -1.21500 0.85000
v -1.25000 0.25000 -3.43000
vt -1.21500 0.62500
vn 0.00000 -0.00000 1.00000
f 3106/3106/1036 3107/3107/1036 3108/3108/1036
o Headlights
usemtl Headlights
v 1.01090 0.42489 3.39000
vt 2.19500 0.71245
v 1.01090 0.42489 3.36000
vt 2.18000 0.71245
v 1.06090 0.46122 3.36000
vt 2.18000 0.73061
vn 0.58779 -0.80902 0.00000
f 3109/3109/1037 3110/3110/1037 3111/3111/1037
v 1.01090 0.42489 3.39000
vt 2.19500 0.71245
v 1.06090 0.46122 3.36000
vt 2.18000 0.73061
v 1.06090 0.46122 3.39000
vt 2.19500 0.73061
vn 0.58779 -0.80902 0.00000
f 3112/3112/1038 3113/3113/1038 3114/3114/1038
v 0.89910 0.57878 3.39000
vt 2.19500 0.78939
v 0.89910 0.57878 3.36000
vt 2.18000 0.78939
v 0.88000 0.52000 3.36000
vt 2.18000 0.76000
vn -0.95106 0.30902 -0.00000
f 3115/3115/1039 3116/3116/1039 3117/3117/1039
v 0.89910 0.57878 3.39000
vt 2.19500 0.78939
v 0.88000 0.52000 3.36000
vt 2.18000 0.76000
v 0.88000 0.52000 3.39000
vt 2.19500 0.76000
vn -0.95106 0.30902 -0.00000
f 3118/3118/1040 3119/3119/1040 3120/3120/1040
v 1.08000 0.52000 3.39000
vt 2.19500 0.76000
v 1.06090 0.46122 3.36000
vt 2.18000 0.73061
v 1.08000 0.52000 3.36000
vt 2.18000 0.76000
vn 0.95106 -0.30902 0.00000
f 3121/3121/1041 3122/3122/1041 3123/3123/1041
v 1.08000 0.52000 3.39000
vt 2.19500 0.76000
v 1.06090 0.46122 3.39000
vt 2.19500 0.73061
v 1.06090 0.46122 3.36000
vt 2.18000 0.73061
vn 0.95106 -0.30902 0.00000
f 3124/3124/1042 3125/3125/1042 3126/3126/1042
v 1.08000 0.52000 3.39000
vt 2.19500 0.76000
v 1.08000 0.52000 3.36000
vt 2.18000 0.76000
v 1.06090 0.57878 3.36000
vt 2.18000 0.78939
vn 0.95106 0.30902 0.00000
f 3127/3127/1043 3128/3128/1043 3129/3129/1043
v 1.08000 0.52000 3.39000
vt 2.19500 0.76000
v 1.06090 0.57878 3.36000
vt 2.18000 0.78939
v 1.06090 0.57878 3.39000
vt 2.19500 0.78939
vn 0.95106 0.30902 0.00000
f 3130/3130/1044 3131/3131/1044 3132/3132/1044
v 0.89910 0.46122 3.39000
vt 2.19500 0.73061
v 0.88000 0.52000 3.36000
vt 2.18000 0.76000
v 0.89910 0.46122 3.36000
vt 2.18000 0.73061
vn -0.95106 -0.30902 0.00000
f 3133/3133/1045 3134/3134/1045 3135/3135/1045
v 0.89910 0.46122 3.39000
vt 2.19500 0.73061
v 0.88000 0.52000 3.39000
vt 2.19500 0.76000
v 0.88000 0.52000 3.36000
vt 2.18000 0.76000
vn -0.95106 -0.30902 0.00000
f 3136/3136/1046 3137/3137/1046 3138/3138/1046
v 0.94910 0.42489 3.39000
vt 2.19500 0.71245
v 0.94910 0.42489 3.36000
vt 2.18000 0.71245
v 1.01090 0.42489 3.36000
vt 2.18000 0.71245
vn -0.00000 -1.00000 0.00000
f 3139/3139/1047 3140/3140/1047 3141/3141/1047
v 0.94910 0.42489 3.39000
vt 2.19500 0.71245
v 1.01090 0.42489 3.36000
vt 2.18000 0.71245
v 1.01090 0.42489 3.39000
vt 2.19500 0.71245
vn -0.00000 -1.00000 0.00000
f 3142/3142/1048 3143/3143/1048 3144/3144/1048
v 0.94910 0.42489 3.39000
vt 2.19500 0.71245
v 0.89910 0.46122 3.36000
vt 2.18000 0.73061
v 0.94910 0.42489 3.36000
vt 2.18000 0.71245
vn -0.58779 -0.80902 0.00000
f 3145/3145/1049 3146/3146/1049 3147/3147/1049
v 0.94910 0.42489 3.39000
vt 2.19500 0.71245
v 0.89910 0.46122 3.39000
vt 2.19500 0.73061
v 0.89910 0.46122 3.36000
vt 2.18000 0.73061
vn -0.58779 -0.80902 0.00000
f 3148/3148/1050 3149/3149/1050 3150/3150/1050
v 0.94910 0.61511 3.39000
vt 2.19500 0.80755
v 1.01090 0.42489 3.39000
vt 2.19500 0.71245
v 1.06090 0.46122 3.39000
vt 2.19500 0.73061
vn 0.00000 -0.00000 1.00000
f 3151/3151/1051 3152/3152/1051 3153/3153/1051
v 0.94910 0.61511 3.39000
vt 2.19500 0.80755
v 1.06090 0.46122 3.39000
vt 2.19500 0.73061
v 1.08000 0.52000 3.39000
vt 2.19500 0.76000
vn 0.00000 -0.00000 1.00000
f 3154/3154/1052 3155/3155/1052 3156/3156/1052
v 0.94910 0.61511 3.39000
vt 2.19500 0.80755
v 0.89910 0.57878 3.39000
vt 2.19500 0.78939
v 0.88000 0.52000 3.39000
vt 2.19500 0.76000
vn 0.00000 -0.00000 1.00000
f 3157/3157/1053 3158/3158/1053 3159/3159/1053
v 0.94910 0.61511 3.39000
vt 2.19500 0.80755
v 0.88000 0.52000 3.39000
vt 2.19500 0.76000
v 0.89910 0.46122 3.39000
vt 2.19500 0.73061
vn 0.00000 -0.00000 1.00000
f 3160/3160/1054 3161/3161/1054 3162/3162/1054
v 0.94910 0.61511 3.39000
vt 2.19500 0.80755
v 1.08000 0.52000 3.39000
vt 2.19500 0.76000
v 1.06090 0.57878 3.39000
vt 2.19500 0.78939
vn 0.00000 -0.00000 1.00000
f 3163/3163/1055 3164/3164/1055 3165/3165/1055
v 0.94910 0.61511 3.39000
vt 2.19500 0.80755
v 1.06090 0.57878 3.39000
vt 2.19500 0.78939
v 1.01090 0.61511 3.39000
vt 2.19500 0.80755
vn 0.00000 -0.00000 1.00000
f 3166/3166/1056 3167/3167/1056 3168/3168/1056
v 0.94910 0.61511 3.39000
vt 2.19500 0.80755
v 0.94910 0.42489 3.39000
vt 2.19500 0.71245
v 1.01090 0.42489 3.39000
vt 2.19500 0.71245
vn 0.00000 -0.00000 1.00000
f 3169/3169/1057 3170/3170/1057 3171/3171/1057
v 0.94910 0.61511 3.39000
vt 2.19500 0.80755
v 0.89910 0.46122 3.39000
vt 2.19500 0.73061
v 0.94910 0.42489 3.39000
vt 2.19500 0.71245
vn 0.00000 -0.00000 1.00000
f 3172/3172/1058 3173/3173/1058 3174/3174/1058
v 0.94910 0.61511 3.39000
vt 2.19500 0.80755
v 0.94910 0.61511 3.36000
vt 2.18000 0.80755
v 0.89910 0.57878 3.36000
vt 2.18000 0.78939
vn -0.58779 0.80902 0.00000
f 3175/3175/1059 3176/3176/1059 3177/3177/1059
v 0.94910 0.61511 3.39000
vt 2.19500 0.80755
v 0.89910 0.57878 3.36000
vt 2.18000 0.78939
v 0.89910 0.57878 3.39000
vt 2.19500 0.78939
vn -0.58779 0.80902 0.00000
f 3178/3178/1060 3179/3179/1060 3180/3180/1060
v 1.01090 0.61511 3.36000
vt 2.18000 0.80755
v 0.89910 0.46122 3.36000
vt 2.18000 0.73061
v 0.88000 0.52000 3.36000
vt 2.18000 0.76000
vn -0.00000 0.00000 -1.00000
f 3181/3181/1061 3182/3182/1061 3183/3183/1061
v 1.01090 0.61511 3.36000
vt 2.18000 0.80755
v 0.88000 0.52000 3.36000
vt 2.18000 0.76000
v 0.89910 0.57878 3.36000
vt 2.18000 0.78939
vn -0.00000 0.00000 -1.00000
f 3184/3184/1062 3185/3185/1062 3186/3186/1062
v 1.01090 0.61511 3.36000
vt 2.18000 0.80755
v 1.08000 0.52000 3.36000
vt 2.18000 0.76000
v 1.06090 0.46122 3.36000
vt 2.18000 0.73061
vn -0.00000 0.00000 -1.00000
f 3187/3187/1063 3188/3188/1063 3189/3189/1063
v 1.01090 0.61511 3.36000
vt 2.18000 0.80755
v 1.01090 0.42489 3.36000
vt 2.18000 0.71245
v 0.94910 0.42489 3.36000
vt 2.18000 0.71245
vn -0.00000 0.00000 -1.00000
f 3190/3190/1064 3191/3191/1064 3192/3192/1064
v 1.01090 0.61511 3.36000
vt 2.18000 0.80755
v 0.89910 0.57878 3.36000
vt 2.18000 0.78939
v 0.94910 0.61511 3.36000
vt 2.18000 0.80755
vn -0.00000 0.00000 -1.00000
f 3193/3193/1065 3194/3194/1065 3195/3195/1065
v 1.01090 0.61511 3.36000
vt 2.18000 0.80755
v 1.06090 0.46122 3.36000
vt 2.18000 0.73061
v 1.01090 0.42489 3.36000
vt 2.18000 0.71245
vn -0.00000 0.00000 -1.00000
f 3196/3196/1066 3197/3197/1066 3198/3198/1066
v 1.01090 0.61511 3.36000
vt 2.18000 0.80755
v 0.94910 0.42489 3.36000
vt 2.18000 0.71245
v 0.89910 0.46122 3.36000
vt 2.18000 0.73061
vn -0.00000 0.00000 -1.00000
f 3199/3199/1067 3200/3200/1067 3201/3201/1067
v 1.01090 0.61511 3.36000
vt 2.18000 0.80755
v 1.06090 0.57878 3.36000
vt 2.18000 0.78939
v 1.08000 0.52000 3.36000
vt 2.18000 0.76000
vn -0.00000 0.00000 -1.00000
f 3202/3202/1068 3203/3203/1068 3204/3204/1068
v 1.01090 0.61511 3.36000
vt 2.18000 0.80755
v 0.94910 0.61511 3.39000
vt 2.19500 0.80755
v 1.01090 0.61511 3.39000
vt 2.19500 0.80755
vn -0.00000 1.00000 0.00000
f 3205/3205/1069 3206/3206/1069 3207/3207/1069
v 1.01090 0.61511 3.36000
vt 2.18000 0.80755
v 0.94910 0.61511 3.36000
vt 2.18000 0.80755
v 0.94910 0.61511 3.39000
vt 2.19500 0.80755
vn -0.00000 1.00000 0.00000
f 3208/3208/1070 3209/3209/1070 3210/3210/1070
v 1.01090 0.61511 3.36000
vt 2.18000 0.80755
v 1.06090 0.57878 3.39000
vt 2.19500 0.78939
v 1.06090 0.57878 3.36000
vt 2.18000 0.78939
vn 0.58779 0.80902 -0.00000
f 3211/3211/1071 3212/3212/1071 3213/3213/1071
v 1.01090 0.61511 3.36000
vt 2.18000 0.80755
v 1.01090 0.61511 3.39000
vt 2.19500 0.80755
v 1.06090 0.57878 3.39000
vt 2.19500 0.78939
vn 0.58779 0.80902 -0.00000
f 3214/3214/1072 3215/3215/1072 3216/3216/1072
v -1.06090 0.57878 3.39000
vt 2.19500 0.78939
v -1.06090 0.57878 3.36000
vt 2.18000 0.78939
v -1.08000 0.52000 3.36000
vt 2.18000 0.76000
vn -0.95106 0.30902 -0.00000
f 3217/3217/1073 3218/3218/1073 3219/3219/1073
v -1.06090 0.57878 3.39000
vt 2.19500 0.78939
v -1.08000 0.52000 3.36000
vt 2.18000 0.76000
v -1.08000 0.52000 3.39000
vt 2.19500 0.76000
vn -0.95106 0.30902 -0.00000
f 3220/3220/1074 3221/3221/1074 3222/3222/1074
v -0.88000 0.52000 3.39000
vt 2.19500 0.76000
v -0.89910 0.46122 3.36000
vt 2.18000 0.73061
v -0.88000 0.52000 3.36000
vt 2.18000 0.76000
vn 0.95106 -0.30902 0.00000
f 3223/3223/1075 3224/3224/1075 3225/3225/1075
v -0.88000 0.52000 3.39000
vt 2.19500 0.76000
v -0.89910 0.46122 3.39000
vt 2.19500 0.73061
v -0.89910 0.46122 3.36000
vt 2.18000 0.73061
vn 0.95106 -0.30902 0.00000
f 3226/3226/1076 3227/3227/1076 3228/3228/1076
v -0.88000 0.52000 3.39000
vt 2.19500 0.76000
v -0.88000 0.52000 3.36000
vt 2.18000 0.76000
v -0.89910 0.57878 3.36000
vt 2.18000 0.78939
vn 0.95106 0.30902 0.00000
f 3229/3229/1077 3230/3230/1077 3231/3231/1077
v -0.88000 0.52000 3.39000
vt 2.19500 0.76000
v -0.89910 0.57878 3.36000
vt 2.18000 0.78939
v -0.89910 0.57878 3.39000
vt 2.19500 0.78939
vn 0.95106 0.30902 0.00000
f 3232/3232/1078 3233/3233/1078 3234/3234/1078
v -0.94910 0.42489 3.39000
vt 2.19500 0.71245
v -0.94910 0.42489 3.36000
vt 2.18000 0.71245
v -0.89910 0.46122 3.36000
vt 2.18000 0.73061
vn 0.58779 -0.80902 0.00000
f 3235/3235/1079 3236/3236/1079 3237/3237/1079
v -0.94910 0.42489 3.39000
vt 2.19500 0.71245
v -0.89910 0.46122 3.36000
vt 2.18000 0.73061
v -0.89910 0.46122 3.39000
vt 2.19500 0.73061
vn 0.58779 -0.80902 0.00000
f 3238/3238/1080 3239/3239/1080 3240/3240/1080
v -0.94910 0.42489 3.39000
vt 2.19500 0.71245
v -1.01090 0.42489 3.36000
vt 2.18000 0.71245
v -0.94910 0.42489 3.36000
vt 2.18000 0.71245
vn 0.00000 -1.00000 0.00000
f 3241/3241/1081 3242/3242/1081 3243/3243/1081
v -0.94910 0.42489 3.39000
vt 2.19500 0.71245
v -1.01090 0.42489 3.39000
vt 2.19500 0.71245
v -1.01090 0.42489 3.36000
vt 2.18000 0.71245
vn 0.00000 -1.00000 0.00000
f 3244/3244/1082 3245/3245/1082 3246/3246/1082
v -1.06090 0.46122 3.39000
vt 2.19500 0.73061
v -1.08000 0.52000 3.36000
vt 2.18000 0.76000
v -1.06090 0.46122 3.36000
vt 2.18000 0.73061
vn -0.95106 -0.30902 0.00000
f 3247/3247/1083 3248/3248/1083 3249/3249/1083
v -1.06090 0.46122 3.39000
vt 2.19500 0.73061
v -1.08000 0.52000 3.39000
vt 2.19500 0.76000
v -1.08000 0.52000 3.36000
vt 2.18000 0.76000
vn -0.95106 -0.30902 0.00000
f 3250/3250/1084 3251/3251/1084 3252/3252/1084
v -1.06090 0.46122 3.39000
vt 2.19500 0.73061
v -1.06090 0.46122 3.36000
vt 2.18000 0.73061
v -1.01090 0.42489 3.36000
vt 2.18000 0.71245
vn -0.58779 -0.80902 0.00000
f 3253/3253/1085 3254/3254/1085 3255/3255/1085
v -1.06090 0.46122 3.39000
vt 2.19500 0.73061
v -1.01090 0.42489 3.36000
vt 2.18000 0.71245
v -1.01090 0.42489 3.39000
vt 2.19500 0.71245
vn -0.58779 -0.80902 0.00000
f 3256/3256/1086 3257/3257/1086 3258/3258/1086
v -1.01090 0.61511 3.39000
vt 2.19500 0.80755
v -1.06090 0.57878 3.39000
vt 2.19500 0.78939
v -1.08000 0.52000 3.39000
vt 2.19500 0.76000
vn 0.00000 -0.00000 1.00000
f 3259/3259/1087 3260/3260/1087 3261/3261/1087
v -1.01090 0.61511 3.39000
vt 2.19500 0.80755
v -0.94910 0.42489 3.39000
vt 2.19500 0.71245
v -0.89910 0.46122 3.39000
vt 2.19500 0.73061
vn 0.00000 -0.00000 1.00000
f 3262/3262/1088 3263/3263/1088 3264/3264/1088
v -1.01090 0.61511 3.39000
vt 2.19500 0.80755
v -0.89910 0.46122 3.39000
vt 2.19500 0.73061
v -0.88000 0.52000 3.39000
vt 2.19500 0.76000
vn 0.00000 -0.00000 1.00000
f 3265/3265/1089 3266/3266/1089 3267/3267/1089
v -1.01090 0.61511 3.39000
vt 2.19500 0.80755
v -1.08000 0.52000 3.39000
vt 2.19500 0.76000
v -1.06090 0.46122 3.39000
vt 2.19500 0.73061
vn 0.00000 -0.00000 1.00000
f 3268/3268/1090 3269/3269/1090 3270/3270/1090
v -1.01090 0.61511 3.39000
vt 2.19500 0.80755
v -0.88000 0.52000 3.39000
vt 2.19500 0.76000
v -0.89910 0.57878 3.39000
vt 2.19500 0.78939
vn 0.00000 -0.00000 1.00000
f 3271/3271/1091 3272/3272/1091 3273/3273/1091
v -1.01090 0.61511 3.39000
vt 2.19500 0.80755
v -1.01090 0.42489 3.39000
vt 2.19500 0.71245
v -0.94910 0.42489 3.39000
vt 2.19500 0.71245
vn 0.00000 -0.00000 1.00000
f 3274/3274/1092 3275/3275/1092 3276/3276/1092
v -1.01090 0.61511 3.39000
vt 2.19500 0.80755
v -1.06090 0.46122 3.39000
vt 2.19500 0.73061
v -1.01090 0.42489 3.39000
vt 2.19500 0.71245
vn 0.00000 -0.00000 1.00000
f 3277/3277/1093 3278/3278/1093 3279/3279/1093
v -1.01090 0.61511 3.39000
vt 2.19500 0.80755
v -0.89910 0.57878 3.39000
vt 2.19500 0.78939
v -0.94910 0.61511 3.39000
vt 2.19500 0.80755
vn 0.00000 -0.00000 1.00000
f 3280/3280/1094 3281/3281/1094 3282/3282/1094
v -1.01090 0.61511 3.39000
vt 2.19500 0.80755
v -1.01090 0.61511 3.36000
vt 2.18000 0.80755
v -1.06090 0.57878 3.36000
vt 2.18000 0.78939
vn -0.58779 0.80902 0.00000
f 3283/3283/1095 3284/3284/1095 3285/3285/1095
v -1.01090 0.61511 3.39000
vt 2.19500 0.80755
v -1.06090 0.57878 3.36000
vt 2.18000 0.78939
v -1.06090 0.57878 3.39000
vt 2.19500 0.78939
vn -0.58779 0.80902 0.00000
f 3286/3286/1096 3287/3287/1096 3288/3288/1096
v -0.94910 0.61511 3.36000
vt 2.18000 0.80755
v -0.88000 0.52000 3.36000
vt 2.18000 0.76000
v -0.89910 0.46122 3.36000
vt 2.18000 0.73061
vn -0.00000 0.00000 -1.00000
f 3289/3289/1097 3290/3290/1097 3291/3291/1097
v -0.94910 0.61511 3.36000
vt 2.18000 0.80755
v -1.08000 0.52000 3.36000
vt 2.18000 0.76000
v -1.06090 0.57878 3.36000
vt 2.18000 0.78939
vn -0.00000 0.00000 -1.00000
f 3292/3292/1098 3293/3293/1098 3294/3294/1098
v -0.94910 0.61511 3.36000
vt 2.18000 0.80755
v -1.06090 0.46122 3.36000
vt 2.18000 0.73061
v -1.08000 0.52000 3.36000
vt 2.18000 0.76000
vn -0.00000 0.00000 -1.00000
f 3295/3295/1099 3296/3296/1099 3297/3297/1099
v -0.94910 0.61511 3.36000
vt 2.18000 0.80755
v -0.89910 0.57878 3.36000
vt 2.18000 0.78939
v -0.88000 0.52000 3.36000
vt 2.18000 0.76000
vn -0.00000 0.00000 -1.00000
f 3298/3298/1100 3299/3299/1100 3300/3300/1100
v -0.94910 0.61511 3.36000
vt 2.18000 0.80755
v -1.06090 0.57878 3.36000
vt 2.18000 0.78939
v -1.01090 0.61511 3.36000
vt 2.18000 0.80755
vn -0.00000 0.00000 -1.00000
f 3301/3301/1101 3302/3302/1101 3303/3303/1101
v -0.94910 0.61511 3.36000
vt 2.18000 0.80755
v -0.89910 0.46122 3.36000
vt 2.18000 0.73061
v -0.94910 0.42489 3.36000
vt 2.18000 0.71245
vn -0.00000 0.00000 -1.00000
f 3304/3304/1102 3305/3305/1102 3306/3306/1102
v -0.94910 0.61511 3.36000
vt 2.18000 0.80755
v -0.94910 0.42489 3.36000
vt 2.18000 0.71245
v -1.01090 0.42489 3.36000
vt 2.18000 0.71245
vn -0.00000 0.00000 -1.00000
f 3307/3307/1103 3308/3308/1103 3309/3309/1103
v -0.94910 0.61511 3.36000
vt 2.18000 0.80755
v -1.01090 0.42489 3.36000
vt 2.18000 0.71245
v -1.06090 0.46122 3.36000
vt 2.18000 0.73061
vn -0.00000 0.00000 -1.00000
f 3310/3310/1104 3311/3311/1104 3312/3312/1104
v -0.94910 0.61511 3.36000
vt 2.18000 0.80755
v -1.01090 0.61511 3.39000
vt 2.19500 0.80755
v -0.94910 0.61511 3.39000
vt 2.19500 0.80755
vn -0.00000 1.00000 0.00000
f 3313/3313/1105 3314/3314/1105 3315/3315/1105
v -0.94910 0.61511 3.36000
vt 2.18000 0.80755
v -1.01090 0.61511 3.36000
vt 2.18000 0.80755
v -1.01090 0.61511 3.39000
vt 2.19500 0.80755
vn -0.00000 1.00000 0.00000
f 3316/3316/1106 3317/3317/1106 3318/3318/1106
v -0.94910 0.61511 3.36000
vt 2.18000 0.80755
v -0.89910 0.57878 3.39000
vt 2.19500 0.78939
v -0.89910 0.57878 3.36000
vt 2.18000 0.78939
vn 0.58779 0.80902 -0.00000
f 3319/3319/1107 3320/3320/1107 3321/3321/1107
v -0.94910 0.61511 3.36000
vt 2.18000 0.80755
v -0.94910 0.61511 3.39000
vt 2.19500 0.80755
v -0.89910 0.57878 3.39000
vt 2.19500 0.78939
vn 0.58779 0.80902 -0.00000
f 3322/3322/1108 3323/3323/1108 3324/3324/1108
o Glass
usemtl Glass
v -1.02000 1.85000 2.15000
vt 1.57500 1.42500
v -0.08000 1.85000 2.15000
vt 1.57500 1.42500
v -0.08000 1.32000 2.15000
vt 1.57500 1.16000
vn 0.00000 -0.00000 -1.00000
f 3325/3325/1109 3326/3326/1109 3327/3327/1109
v -1.02000 1.85000 2.15000
vt 1.57500 1.42500
v -0.08000 1.32000 2.15000
vt 1.57500 1.16000
v -1.02000 1.32000 2.15000
vt 1.57500 1.16000
vn 0.00000 -0.00000 -1.00000
f 3328/3328/1110 3329/3329/1110 3330/3330/1110
v -1.02000 1.32000 2.19000
vt 1.59500 1.16000
v -1.02000 1.32000 2.15000
vt 1.57500 1.16000
v -0.08000 1.32000 2.15000
vt 1.57500 1.16000
vn -0.00000 -1.00000 0.00000
f 3331/3331/1111 3332/3332/1111 3333/3333/1111
v -1.02000 1.32000 2.19000
vt 1.59500 1.16000
v -0.08000 1.32000 2.15000
vt 1.57500 1.16000
v -0.08000 1.32000 2.19000
vt 1.59500 1.16000
vn -0.00000 -1.00000 0.00000
f 3334/3334/1112 3335/3335/1112 3336/3336/1112
v -1.02000 1.32000 2.19000
vt 1.59500 1.16000
v -1.02000 1.85000 2.15000
vt 1.57500 1.42500
v -1.02000 1.32000 2.15000
vt 1.57500 1.16000
vn -1.00000 -0.00000 -0.00000
f 3337/3337/1113 3338/3338/1113 3339/3339/1113
v -1.02000 1.32000 2.19000
vt 1.59500 1.16000
v -1.02000 1.85000 2.19000
vt 1.59500 1.42500
v -1.02000 1.85000 2.15000
vt 1.57500 1.42500
vn -1.00000 -0.00000 -0.00000
f 3340/3340/1114 3341/3341/1114 3342/3342/1114
v -0.08000 1.85000 2.19000
vt 1.59500 1.42500
v -0.08000 1.32000 2.15000
vt 1.57500 1.16000
v -0.08000 1.85000 2.15000
vt 1.57500 1.42500
vn 1.00000 -0.00000 -0.00000
f 3343/3343/1115 3344/3344/1115 3345/3345/1115
v -0.08000 1.85000 2.19000
vt 1.59500 1.42500
v -0.08000 1.32000 2.19000
vt 1.59500 1.16000
v -0.08000 1.32000 2.15000
vt 1.57500 1.16000
vn 1.00000 -0.00000 -0.00000
f 3346/3346/1116 3347/3347/1116 3348/3348/1116
v -0.08000 1.85000 2.19000
vt 1.59500 1.42500
v -0.08000 1.85000 2.15000
vt 1.57500 1.42500
v -1.02000 1.85000 2.15000
vt 1.57500 1.42500
vn -0.00000 1.00000 -0.00000
f 3349/3349/1117 3350/3350/1117 3351/3351/1117
v -0.08000 1.85000 2.19000
vt 1.59500 1.42500
v -1.02000 1.85000 2.15000
vt 1.57500 1.42500
v -1.02000 1.85000 2.19000
vt 1.59500 1.42500
vn -0.00000 1.00000 -0.00000
f 3352/3352/1118 3353/3353/1118 3354/3354/1118
v -0.08000 1.85000 2.19000
vt 1.59500 1.42500
v -1.02000 1.32000 2.19000
vt 1.59500 1.16000
v -0.08000 1.32000 2.19000
vt 1.59500 1.16000
vn 0.00000 -0.00000 1.00000
f 3355/3355/1119 3356/3356/1119 3357/3357/1119
v -0.08000 1.85000 2.19000
vt 1.59500 1.42500
v -1.02000 1.85000 2.19000
vt 1.59500 1.42500
v -1.02000 1.32000 2.19000
vt 1.59500 1.16000
vn 0.00000 -0.00000 1.00000
f 3358/3358/1120 3359/3359/1120 3360/3360/1120
v 0.08000 1.85000 2.15000
vt 1.57500 1.42500
v 1.02000 1.85000 2.15000
vt 1.57500 1.42500
v 1.02000 1.32000 2.15000
vt 1.57500 1.16000
vn 0.00000 -0.00000 -1.00000
f 3361/3361/1121 3362/3362/1121 3363/3363/1121
v 0.08000 1.85000 2.15000
vt 1.57500 1.42500
v 1.02000 1.32000 2.15000
vt 1.57500 1.16000
v 0.08000 1.32000 2.15000
vt 1.57500 1.16000
vn 0.00000 -0.00000 -1.00000
f 3364/3364/1122 3365/3365/1122 3366/3366/1122
v 0.08000 1.32000 2.19000
vt 1.59500 1.16000
v 0.08000 1.32000 2.15000
vt 1.57500 1.16000
v 1.02000 1.32000 2.15000
vt 1.57500 1.16000
vn -0.00000 -1.00000 0.00000
f 3367/3367/1123 3368/3368/1123 3369/3369/1123
v 0.08000 1.32000 2.19000
vt 1.59500 1.16000
v 1.02000 1.32000 2.15000
vt 1.57500 1.16000
v 1.02000 1.32000 2.19000
vt 1.59500 1.16000
vn -0.00000 -1.00000 0.00000
f 3370/3370/1124 3371/3371/1124 3372/3372/1124
v 0.08000 1.32000 2.19000
vt 1.59500 1.16000
v 0.08000 1.85000 2.15000
vt 1.57500 1.42500
v 0.08000 1.32000 2.15000
vt 1.57500 1.16000
vn -1.00000 -0.00000 -0.00000
f 3373/3373/1125 3374/3374/1125 3375/3375/1125
v 0.08000 1.32000 2.19000
vt 1.59500 1.16000
v 0.08000 1.85000 2.19000
vt 1.59500 1.42500
v 0.08000 1.85000 2.15000
vt 1.57500 1.42500
vn -1.00000 -0.00000 -0.00000
f 3376/3376/1126 3377/3377/1126 3378/3378/1126
v 1.02000 1.85000 2.19000
vt 1.59500 1.42500
v 1.02000 1.32000 2.15000
vt 1.57500 1.16000
v 1.02000 1.85000 2.15000
vt 1.57500 1.42500
vn 1.00000 -0.00000 -0.00000
f 3379/3379/1127 3380/3380/1127 3381/3381/1127
v 1.02000 1.85000 2.19000
vt 1.59500 1.42500
v 1.02000 1.32000 2.19000
vt 1.59500 1.16000
v 1.02000 1.32000 2.15000
vt 1.57500 1.16000
vn 1.00000 -0.00000 -0.00000
f 3382/3382/1128 3383/3383/1128 3384/3384/1128
v 1.02000 1.85000 2.19000
vt 1.59500 1.42500
v 1.02000 1.85000 2.15000
vt 1.57500 1.42500
v 0.08000 1.85000 2.15000
vt 1.57500 1.42500
vn -0.00000 1.00000 -0.00000
f 3385/3385/1129 3386/3386/1129 3387/3387/1129
v 1.02000 1.85000 2.19000
vt 1.59500 1.42500
v 0.08000 1.85000 2.15000
vt 1.57500 1.42500
v 0.08000 1.85000 2.19000
vt 1.59500 1.42500
vn -0.00000 1.00000 -0.00000
f 3388/3388/1130 3389/3389/1130 3390/3390/1130
v 1.02000 1.85000 2.19000
vt 1.59500 1.42500
v 0.08000 1.32000 2.19000
vt 1.59500 1.16000
v 1.02000 1.32000 2.19000
vt 1.59500 1.16000
vn 0.00000 -0.00000 1.00000
f 3391/3391/1131 3392/3392/1131 3393/3393/1131
v 1.02000 1.85000 2.19000
vt 1.59500 1.42500
v 0.08000 1.85000 2.19000
vt 1.59500 1.42500
v 0.08000 1.32000 2.19000
vt 1.59500 1.16000
vn 0.00000 -0.00000 1.00000
f 3394/3394/1132 3395/3395/1132 3396/3396/1132
v -1.18000 1.80000 1.25000
vt 1.12500 1.40000
v -1.15000 1.80000 1.25000
vt 1.12500 1.40000
v -1.15000 1.32000 1.25000
vt 1.12500 1.16000
vn 0.00000 -0.00000 -1.00000
f 3397/3397/1133 3398/3398/1133 3399/3399/1133
v -1.18000 1.80000 1.25000
vt 1.12500 1.40000
v -1.15000 1.32000 1.25000
vt 1.12500 1.16000
v -1.18000 1.32000 1.25000
vt 1.12500 1.16000
vn 0.00000 -0.00000 -1.00000
f 3400/3400/1134 3401/3401/1134 3402/3402/1134
v -1.18000 1.32000 2.00000
vt 1.50000 1.16000
v -1.18000 1.32000 1.25000
vt 1.12500 1.16000
v -1.15000 1.32000 1.25000
vt 1.12500 1.16000
vn -0.00000 -1.00000 0.00000
f 3403/3403/1135 3404/3404/1135 3405/3405/1135
v -1.18000 1.32000 2.00000
vt 1.50000 1.16000
v -1.15000 1.32000 1.25000
vt 1.12500 1.16000
v -1.15000 1.32000 2.00000
vt 1.50000 1.16000
vn -0.00000 -1.00000 0.00000
f 3406/3406/1136 3407/3407/1136 3408/3408/1136
v -1.18000 1.32000 2.00000
vt 1.50000 1.16000
v -1.18000 1.80000 1.25000
vt 1.12500 1.40000
v -1.18000 1.32000 1.25000
vt 1.12500 1.16000
vn -1.00000 -0.00000 -0.00000
f 3409/3409/1137 3410/3410/1137 3411/3411/1137
v -1.18000 1.32000 2.00000
vt 1.50000 1.16000
v -1.18000 1.80000 2.00000
vt 1.50000 1.40000
v -1.18000 1.80000 1.25000
vt 1.12500 1.40000
vn -1.00000 -0.00000 -0.00000
f 3412/3412/1138 3413/3413/1138 3414/3414/1138
v -1.15000 1.80000 2.00000
vt 1.50000 1.40000
v -1.15000 1.32000 1.25000
vt 1.12500 1.16000
v -1.15000 1.80000 1.25000
vt 1.12500 1.40000
vn 1.00000 -0.00000 -0.00000
f 3415/3415/1139 3416/3416/1139 3417/3417/1139
v -1.15000 1.80000 2.00000
vt 1.50000 1.40000
v -1.15000 1.32000 2.00000
vt 1.50000 1.16000
v -1.15000 1.32000 1.25000
vt 1.12500 1.16000
vn 1.00000 -0.00000 -0.00000
f 3418/3418/1140 3419/3419/1140 3420/3420/1140
v -1.15000 1.80000 2.00000
vt 1.50000 1.40000
v -1.15000 1.80000 1.25000
vt 1.12500 1.40000
v -1.18000 1.80000 1.25000
vt 1.12500 1.40000
vn -0.00000 1.00000 -0.00000
f 3421/3421/1141 3422/3422/1141 3423/3423/1141
v -1.15000 1.80000 2.00000
vt 1.50000 1.40000
v -1.18000 1.80000 1.25000
vt 1.12500 1.40000
v -1.18000 1.80000 2.00000
vt 1.50000 1.40000
vn -0.00000 1.00000 -0.00000
f 3424/3424/1142 3425/3425/1142 3426/3426/1142
v -1.15000 1.80000 2.00000
vt 1.50000 1.40000
v -1.18000 1.32000 2.00000
vt 1.50000 1.16000
v -1.15000 1.32000 2.00000
vt 1.50000 1.16000
vn 0.00000 -0.00000 1.00000
f 3427/3427/1143 3428/3428/1143 3429/3429/1143
v -1.15000 1.80000 2.00000
vt 1.50000 1.40000
v -1.18000 1.80000 2.00000
vt 1.50000 1.40000
v -1.18000 1.32000 2.00000
vt 1.50000 1.16000
vn 0.00000 -0.00000 1.00000
f 3430/3430/1144 3431/3431/1144 3432/3432/1144
v 1.15000 1.80000 1.25000
vt 1.12500 1.40000
v 1.18000 1.80000 1.25000
vt 1.12500 1.40000
v 1.18000 1.32000 1.25000
vt 1.12500 1.16000
vn 0.00000 -0.00000 -1.00000
f 3433/3433/1145 3434/3434/1145 3435/3435/1145
v 1.15000 1.80000 1.25000
vt 1.12500 1.40000
v 1.18000 1.32000 1.25000
vt 1.12500 1.16000
v 1.15000 1.32000 1.25000
vt 1.12500 1.16000
vn 0.00000 -0.00000 -1.00000
f 3436/3436/1146 3437/3437/1146 3438/3438/1146
v 1.15000 1.32000 2.00000
vt 1.50000 1.16000
v 1.15000 1.32000 1.25000
vt 1.12500 1.16000
v 1.18000 1.32000 1.25000
vt 1.12500 1.16000
vn -0.00000 -1.00000 0.00000
f 3439/3439/1147 3440/3440/1147 3441/3441/1147
v 1.15000 1.32000 2.00000
vt 1.50000 1.16000
v 1.18000 1.32000 1.25000
vt 1.12500 1.16000
v 1.18000 1.32000 2.00000
vt 1.50000 1.16000
vn -0.00000 -1.00000 0.00000
f 3442/3442/1148 3443/3443/1148 3444/3444/1148
v 1.15000 1.32000 2.00000
vt 1.50000 1.16000
v 1.15000 1.80000 1.25000
vt 1.12500 1.40000
v 1.15000 1.32000 1.25000
vt 1.12500 1.16000
vn -1.00000 -0.00000 -0.00000
f 3445/3445/1149 3446/3446/1149 3447/3447/1149
v 1.15000 1.32000 2.00000
vt 1.50000 1.16000
v 1.15000 1.80000 2.00000
vt 1.50000 1.40000
v 1.15000 1.80000 1.25000
vt 1.12500 1.40000
vn -1.00000 -0.00000 -0.00000
f 3448/3448/1150 3449/3449/1150 3450/3450/1150
v 1.18000 1.80000 2.00000
vt 1.50000 1.40000
v 1.18000 1.32000 1.25000
vt 1.12500 1.16000
v 1.18000 1.80000 1.25000
vt 1.12500 1.40000
vn 1.00000 -0.00000 -0.00000
f 3451/3451/1151 3452/3452/1151 3453/3453/1151
v 1.18000 1.80000 2.00000
vt 1.50000 1.40000
v 1.18000 1.32000 2.00000
vt 1.50000 1.16000
v 1.18000 1.32000 1.25000
vt 1.12500 1.16000
vn 1.00000 -0.00000 -0.00000
f 3454/3454/1152 3455/3455/1152 3456/3456/1152
v 1.18000 1.80000 2.00000
vt 1.50000 1.40000
v 1.18000 1.80000 1.25000
vt 1.12500 1.40000
v 1.15000 1.80000 1.25000
vt 1.12500 1.40000
vn -0.00000 1.00000 -0.00000
f 3457/3457/1153 3458/3458/1153 3459/3459/1153
v 1.18000 1.80000 2.00000
vt 1.50000 1.40000
v 1.15000 1.80000 1.25000
vt 1.12500 1.40000
v 1.15000 1.80000 2.00000
vt 1.50000 1.40000
vn -0.00000 1.00000 -0.00000
f 3460/3460/1154 3461/3461/1154 3462/3462/1154
v 1.18000 1.80000 2.00000
vt 1.50000 1.40000
v 1.15000 1.32000 2.00000
vt 1.50000 1.16000
v 1.18000 1.32000 2.00000
vt 1.50000 1.16000
vn 0.00000 -0.00000 1.00000
f 3463/3463/1155 3464/3464/1155 3465/3465/1155
v 1.18000 1.80000 2.00000
vt 1.50000 1.40000
v 1.15000 1.80000 2.00000
vt 1.50000 1.40000
v 1.15000 1.32000 2.00000
vt 1.50000 1.16000
vn 0.00000 -0.00000 1.00000
f 3466/3466/1156 3467/3467/1156 3468/3468/1156
o Canvas
usemtl Canvas
v 1.24000 0.72000 0.80000
vt 0.90000 0.86000
v -1.24000 0.72000 -3.45000
vt -1.22500 0.86000
v 1.24000 0.72000 -3.45000
vt -1.22500 0.86000
vn -0.00000 -1.00000 -0.00000
f 3469/3469/1157 3470/3470/1157 3471/3471/1157
v 1.24000 0.72000 0.80000
vt 0.90000 0.86000
v -1.24000 0.72000 0.80000
vt 0.90000 0.86000
v -1.24000 0.72000 -3.45000
vt -1.22500 0.86000
vn -0.00000 -1.00000 -0.00000
f 3472/3472/1158 3473/3473/1158 3474/3474/1158
v 1.24000 1.60000 -3.45000
vt -1.22500 1.30000
v -0.00000 2.28000 -3.45000
vt -1.22500 1.64000
v 0.55000 2.22000 -3.45000
vt -1.22500 1.61000
vn 0.00000 -0.00000 -1.00000
f 3475/3475/1159 3476/3476/1159 3477/3477/1159
v 1.24000 1.60000 -3.45000
vt -1.22500 1.30000
v 1.24000 0.72000 -3.45000
vt -1.22500 0.86000
v -1.24000 0.72000 -3.45000
vt -1.22500 0.86000
vn 0.00000 -0.00000 -1.00000
f 3478/3478/1160 3479/3479/1160 3480/3480/1160
v 1.24000 1.60000 -3.45000
vt -1.22500 1.30000
v -1.24000 0.72000 -3.45000
vt -1.22500 0.86000
v -1.24000 1.60000 -3.45000
vt -1.22500 1.30000
vn 0.00000 -0.00000 -1.00000
f 3481/3481/1161 3482/3482/1161 3483/3483/1161
v 1.24000 1.60000 -3.45000
vt -1.22500 1.30000
v -0.55000 2.22000 -3.45000
vt -1.22500 1.61000
v -0.00000 2.28000 -3.45000
vt -1.22500 1.64000
vn 0.00000 -0.00000 -1.00000
f 3484/3484/1162 3485/3485/1162 3486/3486/1162
v 1.24000 1.60000 -3.45000
vt -1.22500 1.30000
v -1.24000 1.60000 -3.45000
vt -1.22500 1.30000
v -1.00000 2.02000 -3.45000
vt -1.22500 1.51000
vn 0.00000 -0.00000 -1.00000
f 3487/3487/1163 3488/3488/1163 3489/3489/1163
v 1.24000 1.60000 -3.45000
vt -1.22500 1.30000
v -1.00000 2.02000 -3.45000
vt -1.22500 1.51000
v -0.55000 2.22000 -3.45000
vt -1.22500 1.61000
vn 0.00000 -0.00000 -1.00000
f 3490/3490/1164 3491/3491/1164 3492/3492/1164
v 1.24000 1.60000 -3.45000
vt -1.22500 1.30000
v 0.55000 2.22000 -3.45000
vt -1.22500 1.61000
v 1.00000 2.02000 -3.45000
vt -1.22500 1.51000
vn 0.00000 -0.00000 -1.00000
f 3493/3493/1165 3494/3494/1165 3495/3495/1165
v -1.24000 1.60000 0.80000
vt 0.90000 1.30000
v -1.24000 0.72000 -3.45000
vt -1.22500 0.86000
v -1.24000 0.72000 0.80000
vt 0.90000 0.86000
vn -1.00000 -0.00000 -0.00000
f 3496/3496/1166 3497/3497/1166 3498/3498/1166
v -1.24000 1.60000 0.80000
vt 0.90000 1.30000
v -1.24000 1.60000 -3.45000
vt -1.22500 1.30000
v -1.24000 0.72000 -3.45000
vt -1.22500 0.86000
vn -1.00000 -0.00000 -0.00000
f 3499/3499/1167 3500/3500/1167 3501/3501/1167
v -1.24000 1.60000 0.80000
vt 0.90000 1.30000
v -1.00000 2.02000 -3.45000
vt -1.22500 1.51000
v -1.24000 1.60000 -3.45000
vt -1.22500 1.30000
vn -0.86824 0.49614 0.00000
f 3502/3502/1168 3503/3503/1168 3504/3504/1168
v -1.24000 1.60000 0.80000
vt 0.90000 1.30000
v -1.00000 2.02000 0.80000
vt 0.90000 1.51000
v -1.00000 2.02000 -3.45000
vt -1.22500 1.51000
vn -0.86824 0.49614 0.00000
f 3505/3505/1169 3506/3506/1169 3507/3507/1169
v -0.55000 2.22000 0.80000
vt 0.90000 1.61000
v -0.55000 2.22000 -3.45000
vt -1.22500 1.61000
v -1.00000 2.02000 -3.45000
vt -1.22500 1.51000
vn -0.40614 0.91381 0.00000
f 3508/3508/1170 3509/3509/1170 3510/3510/1170
v -0.55000 2.22000 0.80000
vt 0.90000 1.61000
v -1.00000 2.02000 -3.45000
vt -1.22500 1.51000
v -1.00000 2.02000 0.80000
vt 0.90000 1.51000
vn -0.40614 0.91381 0.00000
f 3511/3511/1171 3512/3512/1171 3513/3513/1171
v 1.24000 1.60000 0.80000
vt 0.90000 1.30000
v 1.24000 1.60000 -3.45000
vt -1.22500 1.30000
v 1.00000 2.02000 -3.45000
vt -1.22500 1.51000
vn 0.86824 0.49614 0.00000
f 3514/3514/1172 3515/3515/1172 3516/3516/1172
v 1.24000 1.60000 0.80000
vt 0.90000 1.30000
v 1.00000 2.02000 -3.45000
vt -1.22500 1.51000
v 1.00000 2.02000 0.80000
vt 0.90000 1.51000
vn 0.86824 0.49614 0.00000
f 3517/3517/1173 3518/3518/1173 3519/3519/1173
v 1.24000 1.60000 0.80000
vt 0.90000 1.30000
v 1.24000 0.72000 0.80000
vt 0.90000 0.86000
v 1.24000 0.72000 -3.45000
vt -1.22500 0.86000
vn 1.00000 0.00000 0.00000
f 3520/3520/1174 3521/3521/1174 3522/3522/1174
v 1.24000 1.60000 0.80000
vt 0.90000 1.30000
v 1.24000 0.72000 -3.45000
vt -1.22500 0.86000
v 1.24000 1.60000 -3.45000
vt -1.22500 1.30000
vn 1.00000 0.00000 0.00000
f 3523/3523/1175 3524/3524/1175 3525/3525/1175
v 0.55000 2.22000 0.80000
vt 0.90000 1.61000
v 1.00000 2.02000 -3.45000
vt -1.22500 1.51000
v 0.55000 2.22000 -3.45000
vt -1.22500 1.61000
vn 0.40614 0.91381 -0.00000
f 3526/3526/1176 3527/3527/1176 3528/3528/1176
v 0.55000 2.22000 0.80000
vt 0.90000 1.61000
v 1.00000 2.02000 0.80000
vt 0.90000 1.51000
v 1.00000 2.02000 -3.45000
vt -1.22500 1.51000
vn 0.40614 0.91381 -0.00000
f 3529/3529/1177 3530/3530/1177 3531/3531/1177
v 0.00000 2.28000 0.80000
vt 0.90000 1.64000
v -1.24000 0.72000 0.80000
vt 0.90000 0.86000
v 1.24000 0.72000 0.80000
vt 0.90000 0.86000
vn -0.00000 0.00000 1.00000
f 3532/3532/1178 3533/3533/1178 3534/3534/1178
v 0.00000 2.28000 0.80000
vt 0.90000 1.64000
v -0.55000 2.22000 0.80000
vt 0.90000 1.61000
v -1.00000 2.02000 0.80000
vt 0.90000 1.51000
vn -0.00000 0.00000 1.00000
f 3535/3535/1179 3536/3536/1179 3537/3537/1179
v 0.00000 2.28000 0.80000
vt 0.90000 1.64000
v -1.24000 1.60000 0.80000
vt 0.90000 1.30000
v -1.24000 0.72000 0.80000
vt 0.90000 0.86000
vn -0.00000 0.00000 1.00000
f 3538/3538/1180 3539/3539/1180 3540/3540/1180
v 0.00000 2.28000 0.80000
vt 0.90000 1.64000
v -1.00000 2.02000 0.80000
vt 0.90000 1.51000
v -1.24000 1.60000 0.80000
vt 0.90000 1.30000
vn -0.00000 0.00000 1.00000
f 3541/3541/1181 3542/3542/1181 3543/3543/1181
v 0.00000 2.28000 0.80000
vt 0.90000 1.64000
v 1.24000 1.60000 0.80000
vt 0.90000 1.30000
v 1.00000 2.02000 0.80000
vt 0.90000 1.51000
vn -0.00000 0.00000 1.00000
f 3544/3544/1182 3545/3545/1182 3546/3546/1182
v 0.00000 2.28000 0.80000
vt 0.90000 1.64000
v 1.24000 0.72000 0.80000
vt 0.90000 0.86000
v 1.24000 1.60000 0.80000
vt 0.90000 1.30000
vn -0.00000 0.00000 1.00000
f 3547/3547/1183 3548/3548/1183 3549/3549/1183
v 0.00000 2.28000 0.80000
vt 0.90000 1.64000
v 1.00000 2.02000 0.80000
vt 0.90000 1.51000
v 0.55000 2.22000 0.80000
vt 0.90000 1.61000
vn -0.00000 0.00000 1.00000
f 3550/3550/1184 3551/3551/1184 3552/3552/1184
v 0.00000 2.28000 0.80000
vt 0.90000 1.64000
v -0.00000 2.28000 -3.45000
vt -1.22500 1.64000
v -0.55000 2.22000 -3.45000
vt -1.22500 1.61000
vn -0.10845 0.99410 0.00000
f 3553/3553/1185 3554/3554/1185 3555/3555/1185
v 0.00000 2.28000 0.80000
vt 0.90000 1.64000
v -0.55000 2.22000 -3.45000
vt -1.22500 1.61000
v -0.55000 2.22000 0.80000
vt 0.90000 1.61000
vn -0.10845 0.99410 0.00000
f 3556/3556/1186 3557/3557/1186 3558/3558/1186
v 0.00000 2.28000 0.80000
vt 0.90000 1.64000
v 0.55000 2.22000 -3.45000
vt -1.22500 1.61000
v -0.00000 2.28000 -3.45000
vt -1.22500 1.64000
vn 0.10845 0.99410 0.00000
f 3559/3559/1187 3560/3560/1187 3561/3561/1187
v 0.00000 2.28000 0.80000
vt 0.90000 1.64000
v 0.55000 2.22000 0.80000
vt 0.90000 1.61000
v 0.55000 2.22000 -3.45000
vt -1.22500 1.61000
vn 0.10845 0.99410 0.00000
f 3562/3562/1188 3563/3563/1188 3564/3564/1188
o Taillights
usemtl Taillights
v -1.12000 -0.04000 -3.75000
vt -1.37500 0.48000
v -0.85000 -0.04000 -3.75000
vt -1.37500 0.48000
v -0.85000 -0.17000 -3.75000
vt -1.37500 0.41500
vn 0.00000 -0.00000 -1.00000
f 3565/3565/1189 3566/3566/1189 3567/3567/1189
v -1.12000 -0.04000 -3.75000
vt -1.37500 0.48000
v -0.85000 -0.17000 -3.75000
vt -1.37500 0.41500
v -1.12000 -0.17000 -3.75000
vt -1.37500 0.41500
vn 0.00000 -0.00000 -1.00000
f 3568/3568/1190 3569/3569/1190 3570/3570/1190
v -1.12000 -0.17000 -3.72000
vt -1.36000 0.41500
v -1.12000 -0.17000 -3.75000
vt -1.37500 0.41500
v -0.85000 -0.17000 -3.75000
vt -1.37500 0.41500
vn -0.00000 -1.00000 0.00000
f 3571/3571/1191 3572/3572/1191 3573/3573/1191
v -1.12000 -0.17000 -3.72000
vt -1.36000 0.41500
v -0.85000 -0.17000 -3.75000
vt -1.37500 0.41500
v -0.85000 -0.17000 -3.72000
vt -1.36000 0.41500
vn -0.00000 -1.00000 0.00000
f 3574/3574/1192 3575/3575/1192 3576/3576/1192
v -1.12000 -0.17000 -3.72000
vt -1.36000 0.41500
v -1.12000 -0.04000 -3.75000
vt -1.37500 0.48000
v -1.12000 -0.17000 -3.75000
vt -1.37500 0.41500
vn -1.00000 -0.00000 -0.00000
f 3577/3577/1193 3578/3578/1193 3579/3579/1193
v -1.12000 -0.17000 -3.72000
vt -1.36000 0.41500
v -1.12000 -0.04000 -3.72000
vt -1.36000 0.48000
v -1.12000 -0.04000 -3.75000
vt -1.37500 0.48000
vn -1.00000 -0.00000 -0.00000
f 3580/3580/1194 3581/3581/1194 3582/3582/1194
v -0.85000 -0.04000 -3.72000
vt -1.36000 0.48000
v -0.85000 -0.17000 -3.75000
vt -1.37500 0.41500
v -0.85000 -0.04000 -3.75000
vt -1.37500 0.48000
vn 1.00000 -0.00000 -0.00000
f 3583/3583/1195 3584/3584/1195 3585/3585/1195
v -0.85000 -0.04000 -3.72000
vt -1.36000 0.48000
v -0.85000 -0.17000 -3.72000
vt -1.36000 0.41500
v -0.85000 -0.17000 -3.75000
vt -1.37500 0.41500
vn 1.00000 -0.00000 -0.00000
f 3586/3586/1196 3587/3587/1196 3588/3588/1196
v -0.85000 -0.04000 -3.72000
vt -1.36000 0.48000
v -0.85000 -0.04000 -3.75000
vt -1.37500 0.48000
v -1.12000 -0.04000 -3.75000
vt -1.37500 0.48000
vn -0.00000 1.00000 -0.00000
f 3589/3589/1197 3590/3590/1197 3591/3591/1197
v -0.85000 -0.04000 -3.72000
vt -1.36000 0.48000
v -1.12000 -0.04000 -3.75000
vt -1.37500 0.48000
v -1.12000 -0.04000 -3.72000
vt -1.36000 0.48000
vn -0.00000 1.00000 -0.00000
f 3592/3592/1198 3593/3593/1198 3594/3594/1198
v -0.85000 -0.04000 -3.72000
vt -1.36000 0.48000
v -1.12000 -0.17000 -3.72000
vt -1.36000 0.41500
v -0.85000 -0.17000 -3.72000
vt -1.36000 0.41500
vn 0.00000 -0.00000 1.00000
f 3595/3595/1199 3596/3596/1199 3597/3597/1199
v -0.85000 -0.04000 -3.72000
vt -1.36000 0.48000
v -1.12000 -0.04000 -3.72000
vt -1.36000 0.48000
v -1.12000 -0.17000 -3.72000
vt -1.36000 0.41500
vn 0.00000 -0.00000 1.00000
f 3598/3598/1200 3599/3599/1200 3600/3600/1200
v 0.85000 -0.04000 -3.75000
vt -1.37500 0.48000
v 1.12000 -0.04000 -3.75000
vt -1.37500 0.48000
v 1.12000 -0.17000 -3.75000
vt -1.37500 0.41500
vn 0.00000 -0.00000 -1.00000
f 3601/3601/1201 3602/3602/1201 3603/3603/1201
v 0.85000 -0.04000 -3.75000
vt -1.37500 0.48000
v 1.12000 -0.17000 -3.75000
vt -1.37500 0.41500
v 0.85000 -0.17000 -3.75000
vt -1.37500 0.41500
vn 0.00000 -0.00000 -1.00000
f 3604/3604/1202 3605/3605/1202 3606/3606/1202
v 0.85000 -0.17000 -3.72000
vt -1.36000 0.41500
v 0.85000 -0.17000 -3.75000
vt -1.37500 0.41500
v 1.12000 -0.17000 -3.75000
vt -1.37500 0.41500
vn -0.00000 -1.00000 0.00000
f 3607/3607/1203 3608/3608/1203 3609/3609/1203
v 0.85000 -0.17000 -3.72000
vt -1.36000 0.41500
v 1.12000 -0.17000 -3.75000
vt -1.37500 0.41500
v 1.12000 -0.17000 -3.72000
vt -1.36000 0.41500
vn -0.00000 -1.00000 0.00000
f 3610/3610/1204 3611/3611/1204 3612/3612/1204
v 0.85000 -0.17000 -3.72000
vt -1.36000 0.41500
v 0.85000 -0.04000 -3.75000
vt -1.37500 0.48000
v 0.85000 -0.17000 -3.75000
vt -1.37500 0.41500
vn -1.00000 -0.00000 -0.00000
f 3613/3613/1205 3614/3614/1205 3615/3615/1205
v 0.85000 -0.17000 -3.72000
vt -1.36000 0.41500
v 0.85000 -0.04000 -3.72000
vt -1.36000 0.48000
v 0.85000 -0.04000 -3.75000
vt -1.37500 0.48000
vn -1.00000 -0.00000 -0.00000
f 3616/3616/1206 3617/3617/1206 3618/3618/1206
v 1.12000 -0.04000 -3.72000
vt -1.36000 0.48000
v 1.12000 -0.17000 -3.75000
vt -1.37500 0.41500
v 1.12000 -0.04000 -3.75000
vt -1.37500 0.48000
vn 1.00000 -0.00000 -0.00000
f 3619/3619/1207 3620/3620/1207 3621/3621/1207
v 1.12000 -0.04000 -3.72000
vt -1.36000 0.48000
v 1.12000 -0.17000 -3.72000
vt -1.36000 0.41500
v 1.12000 -0.17000 -3.75000
vt -1.37500 0.41500
vn 1.00000 -0.00000 -0.00000
f 3622/3622/1208 3623/3623/1208 3624/3624/1208
v 1.12000 -0.04000 -3.72000
vt -1.36000 0.48000
v 1.12000 -0.04000 -3.75000
vt -1.37500 0.48000
v 0.85000 -0.04000 -3.75000
vt -1.37500 0.48000
vn -0.00000 1.00000 -0.00000
f 3625/3625/1209 3626/3626/1209 3627/3627/1209
v 1.12000 -0.04000 -3.72000
vt -1.36000 0.48000
v 0.85000 -0.04000 -3.75000
vt -1.37500 0.48000
v 0.85000 -0.04000 -3.72000
vt -1.36000 0.48000
vn -0.00000 1.00000 -0.00000
f 3628/3628/1210 3629/3629/1210 3630/3630/1210
v 1.12000 -0.04000 -3.72000
vt -1.36000 0.48000
v 0.85000 -0.17000 -3.72000
vt -1.36000 0.41500
v 1.12000 -0.17000 -3.72000
vt -1.36000 0.41500
vn 0.00000 -0.00000 1.00000
f 3631/3631/1211 3632/3632/1211 3633/3633/1211
v 1.12000 -0.04000 -3.72000
vt -1.36000 0.48000
v 0.85000 -0.04000 -3.72000
vt -1.36000 0.48000
v 0.85000 -0.17000 -3.72000
vt -1.36000 0.41500
vn 0.00000 -0.00000 1.00000
f 3634/3634/1212 3635/3635/1212 3636/3636/1212
