# Generated for the VR Showcase
mtllib Bow.mtl
o Leather
usemtl Leather
v -0.01375 0.00000 -0.01411
vt 0.47179 0.50000
v -0.01600 -0.08000 0.00000
vt 0.50000 0.34000
v -0.01700 0.00000 0.00000
vt 0.50000 0.50000
vn -0.97445 -0.01218 -0.22427
f 1/1/1 2/2/1 3/3/1
v -0.01375 0.00000 -0.01411
vt 0.47179 0.50000
v -0.01700 0.00000 0.00000
vt 0.50000 0.50000
v -0.01600 0.08000 0.00000
vt 0.50000 0.66000
vn -0.97445 0.01218 -0.22427
f 4/4/2 5/5/2 6/6/2
v -0.01294 0.08000 -0.01293
vt 0.47414 0.66000
v -0.00525 0.00000 -0.02283
vt 0.45435 0.50000
v -0.01375 0.00000 -0.01411
vt 0.47179 0.50000
vn -0.71591 0.01750 -0.69797
f 7/7/3 8/8/3 9/9/3
v -0.01294 0.08000 -0.01293
vt 0.47414 0.66000
v -0.01375 0.00000 -0.01411
vt 0.47179 0.50000
v -0.01600 0.08000 0.00000
vt 0.50000 0.66000
vn -0.97311 0.01322 -0.22995
f 10/10/4 11/11/4 12/12/4
v -0.01375 0.00000 0.01411
vt 0.52821 0.50000
v -0.01600 0.08000 0.00000
vt 0.50000 0.66000
v -0.01700 0.00000 0.00000
vt 0.50000 0.50000
vn -0.97445 0.01218 0.22427
f 13/13/5 14/14/5 15/15/5
v -0.01375 0.00000 0.01411
vt 0.52821 0.50000
v -0.01700 0.00000 0.00000
vt 0.50000 0.50000
v -0.01600 -0.08000 0.00000
vt 0.50000 0.34000
vn -0.97445 -0.01218 0.22427
f 16/16/6 17/17/6 18/18/6
v -0.01294 -0.08000 -0.01293
vt 0.47414 0.34000
v -0.01375 0.00000 -0.01411
vt 0.47179 0.50000
v -0.00525 0.00000 -0.02283
vt 0.45435 0.50000
vn -0.71591 -0.01750 -0.69797
f 19/19/7 20/20/7 21/21/7
v -0.01294 -0.08000 -0.01293
vt 0.47414 0.34000
v -0.00525 0.00000 -0.02283
vt 0.45435 0.50000
v -0.00494 -0.08000 -0.02092
vt 0.45815 0.34000
vn -0.70662 -0.01955 -0.70733
f 22/22/8 23/23/8 24/24/8
v -0.01294 -0.08000 -0.01293
vt 0.47414 0.34000
v -0.01600 -0.08000 0.00000
vt 0.50000 0.34000
v -0.01375 0.00000 -0.01411
vt 0.47179 0.50000
vn -0.97311 -0.01322 -0.22995
f 25/25/9 26/26/9 27/27/9
v -0.00494 0.08000 -0.02092
vt 0.45815 0.66000
v -0.00525 0.00000 -0.02283
vt 0.45435 0.50000
v -0.01294 0.08000 -0.01293
vt 0.47414 0.66000
vn -0.70662 0.01955 -0.70733
f 28/28/10 29/29/10 30/30/10
v -0.01294 0.08000 0.01293
vt 0.52586 0.66000
v -0.01600 0.08000 0.00000
vt 0.50000 0.66000
v -0.01375 0.00000 0.01411
vt 0.52821 0.50000
vn -0.97311 0.01322 0.22995
f 31/31/11 32/32/11 33/33/11
v -0.01294 0.08000 0.01293
vt 0.52586 0.66000
v -0.01375 0.00000 0.01411
vt 0.52821 0.50000
v -0.00525 0.00000 0.02283
vt 0.54565 0.50000
vn -0.71591 0.01750 0.69797
f 34/34/12 35/35/12 36/36/12
v -0.01294 -0.08000 0.01293
vt 0.52586 0.34000
v -0.01375 0.00000 0.01411
vt 0.52821 0.50000
v -0.01600 -0.08000 0.00000
vt 0.50000 0.34000
vn -0.97311 -0.01322 0.22995
f 37/37/13 38/38/13 39/39/13
v -0.01294 -0.08000 0.01293
vt 0.52586 0.34000
v -0.00525 0.00000 0.02283
vt 0.54565 0.50000
v -0.01375 0.00000 0.01411
vt 0.52821 0.50000
vn -0.71591 -0.01750 0.69797
f 40/40/14 41/41/14 42/42/14
v 0.01600 -0.08000 0.00000
vt 0.50000 0.34000
v 0.01700 0.00000 0.00000
vt 0.50000 0.50000
v 0.01375 0.00000 0.01411
vt 0.52821 0.50000
vn 0.97445 -0.01218 0.22427
f 43/43/15 44/44/15 45/45/15
v 0.01600 -0.08000 0.00000
vt 0.50000 0.34000
v 0.01375 0.00000 -0.01411
vt 0.47179 0.50000
v 0.01700 0.00000 0.00000
vt 0.50000 0.50000
vn 0.97445 -0.01218 -0.22427
f 46/46/16 47/47/16 48/48/16
v 0.01600 -0.08000 0.00000
vt 0.50000 0.34000
v 0.01294 -0.08000 -0.01293
vt 0.47414 0.34000
v 0.01375 0.00000 -0.01411
vt 0.47179 0.50000
vn 0.97311 -0.01322 -0.22995
f 49/49/17 50/50/17 51/51/17
v 0.00525 0.00000 0.02283
vt 0.54565 0.50000
v 0.01294 0.08000 0.01293
vt 0.52586 0.66000
v 0.00494 0.08000 0.02092
vt 0.54185 0.66000
vn 0.70662 0.01955 0.70733
f 52/52/18 53/53/18 54/54/18
v 0.00525 0.00000 0.02283
vt 0.54565 0.50000
v 0.01375 0.00000 0.01411
vt 0.52821 0.50000
v 0.01294 0.08000 0.01293
vt 0.52586 0.66000
vn 0.71591 0.01750 0.69797
f 55/55/19 56/56/19 57/57/19
v 0.00525 0.00000 -0.02283
vt 0.45435 0.50000
v 0.01294 -0.08000 -0.01293
vt 0.47414 0.34000
v 0.00494 -0.08000 -0.02092
vt 0.45815 0.34000
vn 0.70662 -0.01955 -0.70733
f 58/58/20 59/59/20 60/60/20
v 0.00525 0.00000 -0.02283
vt 0.45435 0.50000
v 0.01375 0.00000 -0.01411
vt 0.47179 0.50000
v 0.01294 -0.08000 -0.01293
vt 0.47414 0.34000
vn 0.71591 -0.01750 -0.69797
f 61/61/21 62/62/21 63/63/21
v 0.00525 0.00000 -0.02283
vt 0.45435 0.50000
v 0.01294 0.08000 -0.01293
vt 0.47414 0.66000
v 0.01375 0.00000 -0.01411
vt 0.47179 0.50000
vn 0.71591 0.01750 -0.69797
f 64/64/22 65/65/22 66/66/22
v -0.00494 0.08000 0.02092
vt 0.54185 0.66000
v -0.01294 0.08000 0.01293
vt 0.52586 0.66000
v -0.00525 0.00000 0.02283
vt 0.54565 0.50000
vn -0.70662 0.01955 0.70733
f 67/67/23 68/68/23 69/69/23
v -0.00494 -0.08000 0.02092
vt 0.54185 0.34000
v -0.00525 0.00000 0.02283
vt 0.54565 0.50000
v -0.01294 -0.08000 0.01293
vt 0.52586 0.34000
vn -0.70662 -0.01955 0.70733
f 70/70/24 71/71/24 72/72/24
v 0.01294 -0.08000 0.01293
vt 0.52586 0.34000
v 0.01600 -0.08000 0.00000
vt 0.50000 0.34000
v 0.01375 0.00000 0.01411
vt 0.52821 0.50000
vn 0.97311 -0.01322 0.22995
f 73/73/25 74/74/25 75/75/25
v 0.01294 -0.08000 0.01293
vt 0.52586 0.34000
v 0.00525 0.00000 0.02283
vt 0.54565 0.50000
v 0.00494 -0.08000 0.02092
vt 0.54185 0.34000
vn 0.70662 -0.01955 0.70733
f 76/76/26 77/77/26 78/78/26
v 0.01294 -0.08000 0.01293
vt 0.52586 0.34000
v 0.01375 0.00000 0.01411
vt 0.52821 0.50000
v 0.00525 0.00000 0.02283
vt 0.54565 0.50000
vn 0.71591 -0.01750 0.69797
f 79/79/27 80/80/27 81/81/27
v 0.01600 0.08000 0.00000
vt 0.50000 0.66000
v 0.01700 0.00000 0.00000
vt 0.50000 0.50000
v 0.01375 0.00000 -0.01411
vt 0.47179 0.50000
vn 0.97445 0.01218 -0.22427
f 82/82/28 83/83/28 84/84/28
v 0.01600 0.08000 0.00000
vt 0.50000 0.66000
v 0.01375 0.00000 -0.01411
vt 0.47179 0.50000
v 0.01294 0.08000 -0.01293
vt 0.47414 0.66000
vn 0.97311 0.01322 -0.22995
f 85/85/29 86/86/29 87/87/29
v 0.01600 0.08000 0.00000
vt 0.50000 0.66000
v 0.01375 0.00000 0.01411
vt 0.52821 0.50000
v 0.01700 0.00000 0.00000
vt 0.50000 0.50000
vn 0.97445 0.01218 0.22427
f 88/88/30 89/89/30 90/90/30
v 0.01600 0.08000 0.00000
vt 0.50000 0.66000
v 0.01294 0.08000 0.01293
vt 0.52586 0.66000
v 0.01375 0.00000 0.01411
vt 0.52821 0.50000
vn 0.97311 0.01322 0.22995
f 91/91/31 92/92/31 93/93/31
v 0.00494 0.08000 -0.02092
vt 0.45815 0.66000
v 0.01294 0.08000 -0.01293
vt 0.47414 0.66000
v 0.00525 0.00000 -0.02283
vt 0.45435 0.50000
vn 0.70662 0.01955 -0.70733
f 94/94/32 95/95/32 96/96/32
v 0.00525 0.00000 -0.02283
vt 0.45435 0.50000
v 0.00494 -0.08000 -0.02092
vt 0.45815 0.34000
v -0.00494 -0.08000 -0.02092
vt 0.45815 0.34000
vn 0.00000 -0.02377 -0.99972
f 97/97/33 98/98/33 99/99/33
v 0.00525 0.00000 -0.02283
vt 0.45435 0.50000
v -0.00494 -0.08000 -0.02092
vt 0.45815 0.34000
v -0.00525 0.00000 -0.02283
vt 0.45435 0.50000
vn 0.00000 -0.02377 -0.99972
f 100/100/34 101/101/34 102/102/34
v -0.00494 0.08000 0.02092
vt 0.54185 0.66000
v -0.00525 0.00000 0.02283
vt 0.54565 0.50000
v 0.00525 0.00000 0.02283
vt 0.54565 0.50000
vn -0.00000 0.02377 0.99972
f 103/103/35 104/104/35 105/105/35
v -0.00494 0.08000 0.02092
vt 0.54185 0.66000
v 0.00525 0.00000 0.02283
vt 0.54565 0.50000
v 0.00494 0.08000 0.02092
vt 0.54185 0.66000
vn -0.00000 0.02377 0.99972
f 106/106/36 107/107/36 108/108/36
v -0.00494 -0.08000 0.02092
vt 0.54185 0.34000
v 0.00525 0.00000 0.02283
vt 0.54565 0.50000
v -0.00525 0.00000 0.02283
vt 0.54565 0.50000
vn -0.00000 -0.02377 0.99972
f 109/109/37 110/110/37 111/111/37
v -0.00494 -0.08000 0.02092
vt 0.54185 0.34000
v 0.00494 -0.08000 0.02092
vt 0.54185 0.34000
v 0.00525 0.00000 0.02283
vt 0.54565 0.50000
vn -0.00000 -0.02377 0.99972
f 112/112/38 113/113/38 114/114/38
v 0.01294 -0.08000 0.01293
vt 0.52586 0.34000
v -0.01600 -0.08000 0.00000
vt 0.50000 0.34000
v -0.01294 -0.08000 -0.01293
vt 0.47414 0.34000
vn -0.00000 -1.00000 0.00000
f 115/115/39 116/116/39 117/117/39
v 0.01294 -0.08000 0.01293
vt 0.52586 0.34000
v 0.00494 -0.08000 -0.02092
vt 0.45815 0.34000
v 0.01294 -0.08000 -0.01293
vt 0.47414 0.34000
vn -0.00000 -1.00000 0.00000
f 118/118/40 119/119/40 120/120/40
v 0.01294 -0.08000 0.01293
vt 0.52586 0.34000
v -0.01294 -0.08000 0.01293
vt 0.52586 0.34000
v -0.01600 -0.08000 0.00000
vt 0.50000 0.34000
vn -0.00000 -1.00000 0.00000
f 121/121/41 122/122/41 123/123/41
v 0.01294 -0.08000 0.01293
vt 0.52586 0.34000
v -0.00494 -0.08000 -0.02092
vt 0.45815 0.34000
v 0.00494 -0.08000 -0.02092
vt 0.45815 0.34000
vn -0.00000 -1.00000 0.00000
f 124/124/42 125/125/42 126/126/42
v 0.01294 -0.08000 0.01293
vt 0.52586 0.34000
v -0.01294 -0.08000 -0.01293
vt 0.47414 0.34000
v -0.00494 -0.08000 -0.02092
vt 0.45815 0.34000
vn -0.00000 -1.00000 0.00000
f 127/127/43 128/128/43 129/129/43
v 0.01294 -0.08000 0.01293
vt 0.52586 0.34000
v 0.01294 -0.08000 -0.01293
vt 0.47414 0.34000
v 0.01600 -0.08000 0.00000
vt 0.50000 0.34000
vn -0.00000 -1.00000 0.00000
f 130/130/44 131/131/44 132/132/44
v 0.01294 -0.08000 0.01293
vt 0.52586 0.34000
v 0.00494 -0.08000 0.02092
vt 0.54185 0.34000
v -0.00494 -0.08000 0.02092
vt 0.54185 0.34000
vn -0.00000 -1.00000 0.00000
f 133/133/45 134/134/45 135/135/45
v 0.01294 -0.08000 0.01293
vt 0.52586 0.34000
v -0.00494 -0.08000 0.02092
vt 0.54185 0.34000
v -0.01294 -0.08000 0.01293
vt 0.52586 0.34000
vn -0.00000 -1.00000 0.00000
f 136/136/46 137/137/46 138/138/46
v 0.00494 0.08000 -0.02092
vt 0.45815 0.66000
v 0.01600 0.08000 0.00000
vt 0.50000 0.66000
v 0.01294 0.08000 -0.01293
vt 0.47414 0.66000
vn 0.00000 1.00000 -0.00000
f 139/139/47 140/140/47 141/141/47
v 0.00494 0.08000 -0.02092
vt 0.45815 0.66000
v -0.01294 0.08000 -0.01293
vt 0.47414 0.66000
v -0.01600 0.08000 0.00000
vt 0.50000 0.66000
vn 0.00000 1.00000 -0.00000
f 142/142/48 143/143/48 144/144/48
v 0.00494 0.08000 -0.02092
vt 0.45815 0.66000
v -0.01600 0.08000 0.00000
vt 0.50000 0.66000
v -0.01294 0.08000 0.01293
vt 0.52586 0.66000
vn 0.00000 1.00000 -0.00000
f 145/145/49 146/146/49 147/147/49
v 0.00494 0.08000 -0.02092
vt 0.45815 0.66000
v -0.00494 0.08000 -0.02092
vt 0.45815 0.66000
v -0.01294 0.08000 -0.01293
vt 0.47414 0.66000
vn 0.00000 1.00000 -0.00000
f 148/148/50 149/149/50 150/150/50
v 0.00494 0.08000 -0.02092
vt 0.45815 0.66000
v -0.00494 0.08000 0.02092
vt 0.54185 0.66000
v 0.00494 0.08000 0.02092
vt 0.54185 0.66000
vn 0.00000 1.00000 -0.00000
f 151/151/51 152/152/51 153/153/51
v 0.00494 0.08000 -0.02092
vt 0.45815 0.66000
v 0.00494 0.08000 0.02092
vt 0.54185 0.66000
v 0.01294 0.08000 0.01293
vt 0.52586 0.66000
vn 0.00000 1.00000 -0.00000
f 154/154/52 155/155/52 156/156/52
v 0.00494 0.08000 -0.02092
vt 0.45815 0.66000
v -0.01294 0.08000 0.01293
vt 0.52586 0.66000
v -0.00494 0.08000 0.02092
vt 0.54185 0.66000
vn 0.00000 1.00000 -0.00000
f 157/157/53 158/158/53 159/159/53
v 0.00494 0.08000 -0.02092
vt 0.45815 0.66000
v 0.01294 0.08000 0.01293
vt 0.52586 0.66000
v 0.01600 0.08000 0.00000
vt 0.50000 0.66000
vn 0.00000 1.00000 -0.00000
f 160/160/54 161/161/54 162/162/54
v 0.00494 0.08000 -0.02092
vt 0.45815 0.66000
v 0.00525 0.00000 -0.02283
vt 0.45435 0.50000
v -0.00525 0.00000 -0.02283
vt 0.45435 0.50000
vn 0.00000 0.02377 -0.99972
f 163/163/55 164/164/55 165/165/55
v 0.00494 0.08000 -0.02092
vt 0.45815 0.66000
v -0.00525 0.00000 -0.02283
vt 0.45435 0.50000
v -0.00494 0.08000 -0.02092
vt 0.45815 0.66000
vn 0.00000 0.02377 -0.99972
f 166/166/56 167/167/56 168/168/56
o Wood
usemtl Wood
v -0.01294 -0.08000 0.01293
vt 0.52586 0.34000
v -0.01600 -0.08000 0.00000
vt 0.50000 0.34000
v -0.01500 -0.15000 -0.00500
vt 0.49000 0.20000
vn -0.97275 -0.03032 0.22987
f 169/169/57 170/170/57 171/171/57
v 0.01294 -0.08000 0.01293
vt 0.52586 0.34000
v 0.00494 -0.08000 0.02092
vt 0.54185 0.34000
v 0.01214 -0.15000 0.00676
vt 0.51351 0.20000
vn 0.70500 -0.07041 0.70571
f 172/172/58 173/173/58 174/174/58
v -0.01294 -0.08000 -0.01293
vt 0.47414 0.34000
v -0.01500 -0.15000 -0.00500
vt 0.49000 0.20000
v -0.01600 -0.08000 0.00000
vt 0.50000 0.34000
vn -0.97319 0.00252 -0.22997
f 175/175/59 176/176/59 177/177/59
v 0.00464 -0.15000 0.01402
vt 0.52804 0.20000
v 0.01214 -0.15000 0.00676
vt 0.51351 0.20000
v 0.00494 -0.08000 0.02092
vt 0.54185 0.34000
vn 0.69389 -0.07369 0.71630
f 178/178/60 179/179/60 180/180/60
v -0.01214 -0.15000 0.00676
vt 0.51351 0.20000
v -0.01294 -0.08000 0.01293
vt 0.52586 0.34000
v -0.01500 -0.15000 -0.00500
vt 0.49000 0.20000
vn -0.97107 -0.03210 0.23664
f 181/181/61 182/182/61 183/183/61
v -0.01214 -0.15000 0.00676
vt 0.51351 0.20000
v -0.00494 -0.08000 0.02092
vt 0.54185 0.34000
v -0.01294 -0.08000 0.01293
vt 0.52586 0.34000
vn -0.70500 -0.07041 0.70571
f 184/184/62 185/185/62 186/186/62
v -0.01214 -0.15000 0.00676
vt 0.51351 0.20000
v -0.00464 -0.15000 0.01402
vt 0.52804 0.20000
v -0.00494 -0.08000 0.02092
vt 0.54185 0.34000
vn -0.69389 -0.07369 0.71630
f 187/187/63 188/188/63 189/189/63
v -0.01214 -0.15000 -0.01676
vt 0.46649 0.20000
v -0.01294 -0.08000 -0.01293
vt 0.47414 0.34000
v -0.00494 -0.08000 -0.02092
vt 0.45815 0.34000
vn -0.70642 0.03047 -0.70713
f 190/190/64 191/191/64 192/192/64
v -0.01214 -0.15000 -0.01676
vt 0.46649 0.20000
v -0.01500 -0.15000 -0.00500
vt 0.49000 0.20000
v -0.01294 -0.08000 -0.01293
vt 0.47414 0.34000
vn -0.97157 0.00171 -0.23676
f 193/193/65 194/194/65 195/195/65
v 0.01500 -0.15000 -0.00500
vt 0.49000 0.20000
v 0.01600 -0.08000 0.00000
vt 0.50000 0.34000
v 0.01294 -0.08000 0.01293
vt 0.52586 0.34000
vn 0.97275 -0.03032 0.22987
f 196/196/66 197/197/66 198/198/66
v 0.01500 -0.15000 -0.00500
vt 0.49000 0.20000
v 0.01294 -0.08000 0.01293
vt 0.52586 0.34000
v 0.01214 -0.15000 0.00676
vt 0.51351 0.20000
vn 0.97107 -0.03210 0.23664
f 199/199/67 200/200/67 201/201/67
v 0.01294 -0.08000 -0.01293
vt 0.47414 0.34000
v 0.01214 -0.15000 -0.01676
vt 0.46649 0.20000
v 0.00494 -0.08000 -0.02092
vt 0.45815 0.34000
vn 0.70642 0.03047 -0.70713
f 202/202/68 203/203/68 204/204/68
v 0.01294 -0.08000 -0.01293
vt 0.47414 0.34000
v 0.01500 -0.15000 -0.00500
vt 0.49000 0.20000
v 0.01214 -0.15000 -0.01676
vt 0.46649 0.20000
vn 0.97157 0.00171 -0.23676
f 205/205/69 206/206/69 207/207/69
v 0.01294 -0.08000 -0.01293
vt 0.47414 0.34000
v 0.01600 -0.08000 0.00000
vt 0.50000 0.34000
v 0.01500 -0.15000 -0.00500
vt 0.49000 0.20000
vn 0.97319 0.00252 -0.22997
f 208/208/70 209/209/70 210/210/70
v 0.00464 -0.15000 -0.02402
vt 0.45196 0.20000
v 0.00494 -0.08000 -0.02092
vt 0.45815 0.34000
v 0.01214 -0.15000 -0.01676
vt 0.46649 0.20000
vn 0.69550 0.02870 -0.71795
f 211/211/71 212/212/71 213/213/71
v -0.00464 -0.15000 -0.02402
vt 0.45196 0.20000
v -0.01214 -0.15000 -0.01676
vt 0.46649 0.20000
v -0.00494 -0.08000 -0.02092
vt 0.45815 0.34000
vn -0.69550 0.02870 -0.71795
f 214/214/72 215/215/72 216/216/72
v -0.00494 -0.08000 0.02092
vt 0.54185 0.34000
v -0.00464 -0.15000 0.01402
vt 0.52804 0.20000
v 0.00464 -0.15000 0.01402
vt 0.52804 0.20000
vn 0.00000 -0.09813 0.99517
f 217/217/73 218/218/73 219/219/73
v -0.00494 -0.08000 0.02092
vt 0.54185 0.34000
v 0.00464 -0.15000 0.01402
vt 0.52804 0.20000
v 0.00494 -0.08000 0.02092
vt 0.54185 0.34000
vn 0.00000 -0.09813 0.99517
f 220/220/74 221/221/74 222/222/74
v 0.01294 -0.08000 -0.01293
vt 0.47414 0.34000
v -0.00494 -0.08000 0.02092
vt 0.54185 0.34000
v 0.00494 -0.08000 0.02092
vt 0.54185 0.34000
vn 0.00000 1.00000 0.00000
f 223/223/75 224/224/75 225/225/75
v 0.01294 -0.08000 -0.01293
vt 0.47414 0.34000
v -0.01600 -0.08000 0.00000
vt 0.50000 0.34000
v -0.01294 -0.08000 0.01293
vt 0.52586 0.34000
vn 0.00000 1.00000 0.00000
f 226/226/76 227/227/76 228/228/76
v 0.01294 -0.08000 -0.01293
vt 0.47414 0.34000
v 0.01294 -0.08000 0.01293
vt 0.52586 0.34000
v 0.01600 -0.08000 0.00000
vt 0.50000 0.34000
vn 0.00000 1.00000 0.00000
f 229/229/77 230/230/77 231/231/77
v 0.01294 -0.08000 -0.01293
vt 0.47414 0.34000
v -0.01294 -0.08000 -0.01293
vt 0.47414 0.34000
v -0.01600 -0.08000 0.00000
vt 0.50000 0.34000
vn 0.00000 1.00000 0.00000
f 232/232/78 233/233/78 234/234/78
v 0.01294 -0.08000 -0.01293
vt 0.47414 0.34000
v 0.00494 -0.08000 0.02092
vt 0.54185 0.34000
v 0.01294 -0.08000 0.01293
vt 0.52586 0.34000
vn 0.00000 1.00000 0.00000
f 235/235/79 236/236/79 237/237/79
v 0.01294 -0.08000 -0.01293
vt 0.47414 0.34000
v -0.00494 -0.08000 -0.02092
vt 0.45815 0.34000
v -0.01294 -0.08000 -0.01293
vt 0.47414 0.34000
vn 0.00000 1.00000 0.00000
f 238/238/80 239/239/80 240/240/80
v 0.01294 -0.08000 -0.01293
vt 0.47414 0.34000
v -0.01294 -0.08000 0.01293
vt 0.52586 0.34000
v -0.00494 -0.08000 0.02092
vt 0.54185 0.34000
vn 0.00000 1.00000 0.00000
f 241/241/81 242/242/81 243/243/81
v 0.01294 -0.08000 -0.01293
vt 0.47414 0.34000
v 0.00494 -0.08000 -0.02092
vt 0.45815 0.34000
v -0.00494 -0.08000 -0.02092
vt 0.45815 0.34000
vn 0.00000 1.00000 0.00000
f 244/244/82 245/245/82 246/246/82
v -0.00464 -0.15000 -0.02402
vt 0.45196 0.20000
v -0.01214 -0.15000 0.00676
vt 0.51351 0.20000
v -0.01500 -0.15000 -0.00500
vt 0.49000 0.20000
vn 0.00000 -1.00000 -0.00000
f 247/247/83 248/248/83 249/249/83
v -0.00464 -0.15000 -0.02402
vt 0.45196 0.20000
v 0.01214 -0.15000 0.00676
vt 0.51351 0.20000
v 0.00464 -0.15000 0.01402
vt 0.52804 0.20000
vn 0.00000 -1.00000 -0.00000
f 250/250/84 251/251/84 252/252/84
v -0.00464 -0.15000 -0.02402
vt 0.45196 0.20000
v -0.01500 -0.15000 -0.00500
vt 0.49000 0.20000
v -0.01214 -0.15000 -0.01676
vt 0.46649 0.20000
vn 0.00000 -1.00000 -0.00000
f 253/253/85 254/254/85 255/255/85
v -0.00464 -0.15000 -0.02402
vt 0.45196 0.20000
v 0.00464 -0.15000 0.01402
vt 0.52804 0.20000
v -0.00464 -0.15000 0.01402
vt 0.52804 0.20000
vn 0.00000 -1.00000 -0.00000
f 256/256/86 257/257/86 258/258/86
v -0.00464 -0.15000 -0.02402
vt 0.45196 0.20000
v -0.00464 -0.15000 0.01402
vt 0.52804 0.20000
v -0.01214 -0.15000 0.00676
vt 0.51351 0.20000
vn 0.00000 -1.00000 -0.00000
f 259/259/87 260/260/87 261/261/87
v -0.00464 -0.15000 -0.02402
vt 0.45196 0.20000
v 0.01500 -0.15000 -0.00500
vt 0.49000 0.20000
v 0.01214 -0.15000 0.00676
vt 0.51351 0.20000
vn 0.00000 -1.00000 -0.00000
f 262/262/88 263/263/88 264/264/88
v -0.00464 -0.15000 -0.02402
vt 0.45196 0.20000
v 0.01214 -0.15000 -0.01676
vt 0.46649 0.20000
v 0.01500 -0.15000 -0.00500
vt 0.49000 0.20000
vn 0.00000 -1.00000 -0.00000
f 265/265/89 266/266/89 267/267/89
v -0.00464 -0.15000 -0.02402
vt 0.45196 0.20000
v 0.00464 -0.15000 -0.02402
vt 0.45196 0.20000
v 0.01214 -0.15000 -0.01676
vt 0.46649 0.20000
vn 0.00000 -1.00000 -0.00000
f 268/268/90 269/269/90 270/270/90
v -0.00464 -0.15000 -0.02402
vt 0.45196 0.20000
v -0.00494 -0.08000 -0.02092
vt 0.45815 0.34000
v 0.00494 -0.08000 -0.02092
vt 0.45815 0.34000
vn 0.00000 0.04421 -0.99902
f 271/271/91 272/272/91 273/273/91
v -0.00464 -0.15000 -0.02402
vt 0.45196 0.20000
v 0.00494 -0.08000 -0.02092
vt 0.45815 0.34000
v 0.00464 -0.15000 -0.02402
vt 0.45196 0.20000
vn 0.00000 0.04421 -0.99902
f 274/274/92 275/275/92 276/276/92
v -0.01061 -0.15000 0.00914
vt 0.51828 0.20000
v -0.01500 -0.15000 -0.00500
vt 0.49000 0.20000
v -0.01400 -0.24000 -0.02000
vt 0.46000 0.02000
vn -0.95326 -0.05995 0.29614
f 277/277/93 278/278/93 279/279/93
v 0.01061 -0.15000 0.00914
vt 0.51828 0.20000
v -0.00000 -0.15000 0.01500
vt 0.53000 0.20000
v 0.00990 -0.24000 -0.01151
vt 0.47697 0.02000
vn 0.47363 -0.20055 0.85758
f 280/280/94 281/281/94 282/282/94
v -0.00990 -0.24000 -0.01151
vt 0.47697 0.02000
v -0.00000 -0.15000 0.01500
vt 0.53000 0.20000
v -0.01061 -0.15000 0.00914
vt 0.51828 0.20000
vn -0.47363 -0.20055 0.85758
f 283/283/95 284/284/95 285/285/95
v -0.00990 -0.24000 -0.01151
vt 0.47697 0.02000
v -0.01061 -0.15000 0.00914
vt 0.51828 0.20000
v -0.01400 -0.24000 -0.02000
vt 0.46000 0.02000
vn -0.89527 -0.10633 0.43264
f 286/286/96 287/287/96 288/288/96
v -0.01061 -0.15000 -0.01914
vt 0.46172 0.20000
v -0.01400 -0.24000 -0.02000
vt 0.46000 0.02000
v -0.01500 -0.15000 -0.00500
vt 0.49000 0.20000
vn -0.95426 0.03881 -0.29645
f 289/289/97 290/290/97 291/291/97
v -0.00000 -0.24000 -0.00800
vt 0.48400 0.02000
v 0.00990 -0.24000 -0.01151
vt 0.47697 0.02000
v -0.00000 -0.15000 0.01500
vt 0.53000 0.20000
vn 0.32528 -0.23413 0.91617
f 292/292/98 293/293/98 294/294/98
v -0.00000 -0.24000 -0.00800
vt 0.48400 0.02000
v -0.00000 -0.15000 0.01500
vt 0.53000 0.20000
v -0.00990 -0.24000 -0.01151
vt 0.47697 0.02000
vn -0.32528 -0.23413 0.91617
f 295/295/99 296/296/99 297/297/99
v -0.00990 -0.24000 -0.02849
vt 0.44303 0.02000
v -0.01061 -0.15000 -0.01914
vt 0.46172 0.20000
v 0.00000 -0.15000 -0.02500
vt 0.45000 0.20000
vn -0.48163 0.08675 -0.87207
f 298/298/100 299/299/100 300/300/100
v -0.00990 -0.24000 -0.02849
vt 0.44303 0.02000
v -0.01400 -0.24000 -0.02000
vt 0.46000 0.02000
v -0.01061 -0.15000 -0.01914
vt 0.46172 0.20000
vn -0.89973 0.03807 -0.43479
f 301/301/101 302/302/101 303/303/101
v 0.01061 -0.15000 -0.01914
vt 0.46172 0.20000
v 0.00990 -0.24000 -0.02849
vt 0.44303 0.02000
v 0.00000 -0.15000 -0.02500
vt 0.45000 0.20000
vn 0.48163 0.08675 -0.87207
f 304/304/102 305/305/102 306/306/102
v 0.01400 -0.24000 -0.02000
vt 0.46000 0.02000
v 0.01500 -0.15000 -0.00500
vt 0.49000 0.20000
v 0.01061 -0.15000 0.00914
vt 0.51828 0.20000
vn 0.95326 -0.05995 0.29614
f 307/307/103 308/308/103 309/309/103
v 0.01400 -0.24000 -0.02000
vt 0.46000 0.02000
v 0.01061 -0.15000 0.00914
vt 0.51828 0.20000
v 0.00990 -0.24000 -0.01151
vt 0.47697 0.02000
vn 0.89527 -0.10633 0.43264
f 310/310/104 311/311/104 312/312/104
v 0.01400 -0.24000 -0.02000
vt 0.46000 0.02000
v 0.01061 -0.15000 -0.01914
vt 0.46172 0.20000
v 0.01500 -0.15000 -0.00500
vt 0.49000 0.20000
vn 0.95426 0.03881 -0.29645
f 313/313/105 314/314/105 315/315/105
v 0.01400 -0.24000 -0.02000
vt 0.46000 0.02000
v 0.00990 -0.24000 -0.02849
vt 0.44303 0.02000
v 0.01061 -0.15000 -0.01914
vt 0.46172 0.20000
vn 0.89973 0.03807 -0.43479
f 316/316/106 317/317/106 318/318/106
v 0.00000 -0.24000 -0.03200
vt 0.43600 0.02000
v 0.00000 -0.15000 -0.02500
vt 0.45000 0.20000
v 0.00990 -0.24000 -0.02849
vt 0.44303 0.02000
vn 0.33368 0.07310 -0.93985
f 319/319/107 320/320/107 321/321/107
v 0.00000 -0.24000 -0.03200
vt 0.43600 0.02000
v -0.00990 -0.24000 -0.02849
vt 0.44303 0.02000
v 0.00000 -0.15000 -0.02500
vt 0.45000 0.20000
vn -0.33368 0.07310 -0.93985
f 322/322/108 323/323/108 324/324/108
v 0.01061 -0.15000 -0.01914
vt 0.46172 0.20000
v -0.01061 -0.15000 -0.01914
vt 0.46172 0.20000
v -0.01500 -0.15000 -0.00500
vt 0.49000 0.20000
vn 0.00000 1.00000 0.00000
f 325/325/109 326/326/109 327/327/109
v 0.01061 -0.15000 -0.01914
vt 0.46172 0.20000
v -0.01500 -0.15000 -0.00500
vt 0.49000 0.20000
v -0.01061 -0.15000 0.00914
vt 0.51828 0.20000
vn 0.00000 1.00000 0.00000
f 328/328/110 329/329/110 330/330/110
v 0.01061 -0.15000 -0.01914
vt 0.46172 0.20000
v 0.01061 -0.15000 0.00914
vt 0.51828 0.20000
v 0.01500 -0.15000 -0.00500
vt 0.49000 0.20000
vn 0.00000 1.00000 0.00000
f 331/331/111 332/332/111 333/333/111
v 0.01061 -0.15000 -0.01914
vt 0.46172 0.20000
v -0.01061 -0.15000 0.00914
vt 0.51828 0.20000
v -0.00000 -0.15000 0.01500
vt 0.53000 0.20000
vn 0.00000 1.00000 0.00000
f 334/334/112 335/335/112 336/336/112
v 0.01061 -0.15000 -0.01914
vt 0.46172 0.20000
v -0.00000 -0.15000 0.01500
vt 0.53000 0.20000
v 0.01061 -0.15000 0.00914
vt 0.51828 0.20000
vn 0.00000 1.00000 0.00000
f 337/337/113 338/338/113 339/339/113
v 0.01061 -0.15000 -0.01914
vt 0.46172 0.20000
v 0.00000 -0.15000 -0.02500
vt 0.45000 0.20000
v -0.01061 -0.15000 -0.01914
vt 0.46172 0.20000
vn 0.00000 1.00000 0.00000
f 340/340/114 341/341/114 342/342/114
v 0.00000 -0.24000 -0.03200
vt 0.43600 0.02000
v 0.00990 -0.24000 -0.01151
vt 0.47697 0.02000
v -0.00000 -0.24000 -0.00800
vt 0.48400 0.02000
vn 0.00000 -1.00000 -0.00000
f 343/343/115 344/344/115 345/345/115
v 0.00000 -0.24000 -0.03200
vt 0.43600 0.02000
v -0.00990 -0.24000 -0.01151
vt 0.47697 0.02000
v -0.01400 -0.24000 -0.02000
vt 0.46000 0.02000
vn 0.00000 -1.00000 -0.00000
f 346/346/116 347/347/116 348/348/116
v 0.00000 -0.24000 -0.03200
vt 0.43600 0.02000
v -0.01400 -0.24000 -0.02000
vt 0.46000 0.02000
v -0.00990 -0.24000 -0.02849
vt 0.44303 0.02000
vn 0.00000 -1.00000 -0.00000
f 349/349/117 350/350/117 351/351/117
v 0.00000 -0.24000 -0.03200
vt 0.43600 0.02000
v -0.00000 -0.24000 -0.00800
vt 0.48400 0.02000
v -0.00990 -0.24000 -0.01151
vt 0.47697 0.02000
vn 0.00000 -1.00000 -0.00000
f 352/352/118 353/353/118 354/354/118
v 0.00000 -0.24000 -0.03200
vt 0.43600 0.02000
v 0.01400 -0.24000 -0.02000
vt 0.46000 0.02000
v 0.00990 -0.24000 -0.01151
vt 0.47697 0.02000
vn 0.00000 -1.00000 -0.00000
f 355/355/119 356/356/119 357/357/119
v 0.00000 -0.24000 -0.03200
vt 0.43600 0.02000
v 0.00990 -0.24000 -0.02849
vt 0.44303 0.02000
v 0.01400 -0.24000 -0.02000
vt 0.46000 0.02000
vn 0.00000 -1.00000 -0.00000
f 358/358/120 359/359/120 360/360/120
v -0.00990 -0.24000 -0.01151
vt 0.47697 0.02000
v -0.01400 -0.24000 -0.02000
vt 0.46000 0.02000
v -0.01300 -0.34000 -0.03500
vt 0.43000 -0.18000
vn -0.89791 -0.07407 0.43391
f 361/361/121 362/362/121 363/363/121
v 0.00990 -0.24000 -0.01151
vt 0.47697 0.02000
v -0.00000 -0.24000 -0.00800
vt 0.48400 0.02000
v 0.00919 -0.34000 -0.02793
vt 0.44414 -0.18000
vn 0.33053 -0.15515 0.93096
f 364/364/122 365/365/122 366/366/122
v -0.00919 -0.34000 -0.02793
vt 0.44414 -0.18000
v -0.00000 -0.24000 -0.00800
vt 0.48400 0.02000
v -0.00990 -0.24000 -0.01151
vt 0.47697 0.02000
vn -0.33053 -0.15515 0.93096
f 367/367/123 368/368/123 369/369/123
v -0.00919 -0.34000 -0.02793
vt 0.44414 -0.18000
v -0.00990 -0.24000 -0.01151
vt 0.47697 0.02000
v -0.01300 -0.34000 -0.03500
vt 0.43000 -0.18000
vn -0.87737 -0.08375 0.47245
f 370/370/124 371/371/124 372/372/124
v -0.00990 -0.24000 -0.02849
vt 0.44303 0.02000
v -0.01300 -0.34000 -0.03500
vt 0.43000 -0.18000
v -0.01400 -0.24000 -0.02000
vt 0.46000 0.02000
vn -0.89896 0.05617 -0.43442
f 373/373/125 374/374/125 375/375/125
v -0.00000 -0.34000 -0.02500
vt 0.45000 -0.18000
v 0.00919 -0.34000 -0.02793
vt 0.44414 -0.18000
v -0.00000 -0.24000 -0.00800
vt 0.48400 0.02000
vn 0.29968 -0.15989 0.94055
f 376/376/126 377/377/126 378/378/126
v -0.00000 -0.34000 -0.02500
vt 0.45000 -0.18000
v -0.00000 -0.24000 -0.00800
vt 0.48400 0.02000
v -0.00919 -0.34000 -0.02793
vt 0.44414 -0.18000
vn -0.29968 -0.15989 0.94055
f 379/379/127 380/380/127 381/381/127
v -0.00919 -0.34000 -0.04207
vt 0.41586 -0.18000
v -0.00990 -0.24000 -0.02849
vt 0.44303 0.02000
v 0.00000 -0.24000 -0.03200
vt 0.43600 0.02000
vn -0.33197 0.12468 -0.93501
f 382/382/128 383/383/128 384/384/128
v -0.00919 -0.34000 -0.04207
vt 0.41586 -0.18000
v -0.01300 -0.34000 -0.03500
vt 0.43000 -0.18000
v -0.00990 -0.24000 -0.02849
vt 0.44303 0.02000
vn -0.87898 0.05809 -0.47331
f 385/385/129 386/386/129 387/387/129
v 0.00990 -0.24000 -0.02849
vt 0.44303 0.02000
v 0.00919 -0.34000 -0.04207
vt 0.41586 -0.18000
v 0.00000 -0.24000 -0.03200
vt 0.43600 0.02000
vn 0.33197 0.12468 -0.93501
f 388/388/130 389/389/130 390/390/130
v 0.01300 -0.34000 -0.03500
vt 0.43000 -0.18000
v 0.01400 -0.24000 -0.02000
vt 0.46000 0.02000
v 0.00990 -0.24000 -0.01151
vt 0.47697 0.02000
vn 0.89791 -0.07407 0.43391
f 391/391/131 392/392/131 393/393/131
v 0.01300 -0.34000 -0.03500
vt 0.43000 -0.18000
v 0.00990 -0.24000 -0.01151
vt 0.47697 0.02000
v 0.00919 -0.34000 -0.02793
vt 0.44414 -0.18000
vn 0.87737 -0.08375 0.47245
f 394/394/132 395/395/132 396/396/132
v 0.01300 -0.34000 -0.03500
vt 0.43000 -0.18000
v 0.00990 -0.24000 -0.02849
vt 0.44303 0.02000
v 0.01400 -0.24000 -0.02000
vt 0.46000 0.02000
vn 0.89896 0.05617 -0.43442
f 397/397/133 398/398/133 399/399/133
v 0.01300 -0.34000 -0.03500
vt 0.43000 -0.18000
v 0.00919 -0.34000 -0.04207
vt 0.41586 -0.18000
v 0.00990 -0.24000 -0.02849
vt 0.44303 0.02000
vn 0.87898 0.05809 -0.47331
f 400/400/134 401/401/134 402/402/134
v 0.00000 -0.34000 -0.04500
vt 0.41000 -0.18000
v 0.00000 -0.24000 -0.03200
vt 0.43600 0.02000
v 0.00919 -0.34000 -0.04207
vt 0.41586 -0.18000
vn 0.30129 0.12293 -0.94558
f 403/403/135 404/404/135 405/405/135
v 0.00000 -0.34000 -0.04500
vt 0.41000 -0.18000
v -0.00919 -0.34000 -0.04207
vt 0.41586 -0.18000
v 0.00000 -0.24000 -0.03200
vt 0.43600 0.02000
vn -0.30129 0.12293 -0.94558
f 406/406/136 407/407/136 408/408/136
v 0.00990 -0.24000 -0.02849
vt 0.44303 0.02000
v -0.00990 -0.24000 -0.02849
vt 0.44303 0.02000
v -0.01400 -0.24000 -0.02000
vt 0.46000 0.02000
vn 0.00000 1.00000 0.00000
f 409/409/137 410/410/137 411/411/137
v 0.00990 -0.24000 -0.02849
vt 0.44303 0.02000
v -0.01400 -0.24000 -0.02000
vt 0.46000 0.02000
v -0.00990 -0.24000 -0.01151
vt 0.47697 0.02000
vn 0.00000 1.00000 0.00000
f 412/412/138 413/413/138 414/414/138
v 0.00990 -0.24000 -0.02849
vt 0.44303 0.02000
v 0.00990 -0.24000 -0.01151
vt 0.47697 0.02000
v 0.01400 -0.24000 -0.02000
vt 0.46000 0.02000
vn 0.00000 1.00000 0.00000
f 415/415/139 416/416/139 417/417/139
v 0.00990 -0.24000 -0.02849
vt 0.44303 0.02000
v -0.00990 -0.24000 -0.01151
vt 0.47697 0.02000
v -0.00000 -0.24000 -0.00800
vt 0.48400 0.02000
vn 0.00000 1.00000 0.00000
f 418/418/140 419/419/140 420/420/140
v 0.00990 -0.24000 -0.02849
vt 0.44303 0.02000
v -0.00000 -0.24000 -0.00800
vt 0.48400 0.02000
v 0.00990 -0.24000 -0.01151
vt 0.47697 0.02000
vn 0.00000 1.00000 0.00000
f 421/421/141 422/422/141 423/423/141
v 0.00990 -0.24000 -0.02849
vt 0.44303 0.02000
v 0.00000 -0.24000 -0.03200
vt 0.43600 0.02000
v -0.00990 -0.24000 -0.02849
vt 0.44303 0.02000
vn 0.00000 1.00000 0.00000
f 424/424/142 425/425/142 426/426/142
v 0.00000 -0.34000 -0.04500
vt 0.41000 -0.18000
v 0.00919 -0.34000 -0.02793
vt 0.44414 -0.18000
v -0.00000 -0.34000 -0.02500
vt 0.45000 -0.18000
vn 0.00000 -1.00000 -0.00000
f 427/427/143 428/428/143 429/429/143
v 0.00000 -0.34000 -0.04500
vt 0.41000 -0.18000
v -0.00919 -0.34000 -0.02793
vt 0.44414 -0.18000
v -0.01300 -0.34000 -0.03500
vt 0.43000 -0.18000
vn 0.00000 -1.00000 -0.00000
f 430/430/144 431/431/144 432/432/144
v 0.00000 -0.34000 -0.04500
vt 0.41000 -0.18000
v -0.01300 -0.34000 -0.03500
vt 0.43000 -0.18000
v -0.00919 -0.34000 -0.04207
vt 0.41586 -0.18000
vn 0.00000 -1.00000 -0.00000
f 433/433/145 434/434/145 435/435/145
v 0.00000 -0.34000 -0.04500
vt 0.41000 -0.18000
v -0.00000 -0.34000 -0.02500
vt 0.45000 -0.18000
v -0.00919 -0.34000 -0.02793
vt 0.44414 -0.18000
vn 0.00000 -1.00000 -0.00000
f 436/436/146 437/437/146 438/438/146
v 0.00000 -0.34000 -0.04500
vt 0.41000 -0.18000
v 0.01300 -0.34000 -0.03500
vt 0.43000 -0.18000
v 0.00919 -0.34000 -0.02793
vt 0.44414 -0.18000
vn 0.00000 -1.00000 -0.00000
f 439/439/147 440/440/147 441/441/147
v 0.00000 -0.34000 -0.04500
vt 0.41000 -0.18000
v 0.00919 -0.34000 -0.04207
vt 0.41586 -0.18000
v 0.01300 -0.34000 -0.03500
vt 0.43000 -0.18000
vn 0.00000 -1.00000 -0.00000
f 442/442/148 443/443/148 444/444/148
v 0.00919 -0.34000 -0.02793
vt 0.44414 -0.18000
v 0.00778 -0.44000 -0.04864
vt 0.40273 -0.38000
v 0.01300 -0.34000 -0.03500
vt 0.43000 -0.18000
vn 0.87513 -0.10996 0.47124
f 445/445/149 446/446/149 447/447/149
v -0.00778 -0.44000 -0.04864
vt 0.40273 -0.38000
v -0.00919 -0.34000 -0.02793
vt 0.44414 -0.18000
v -0.01300 -0.34000 -0.03500
vt 0.43000 -0.18000
vn -0.87513 -0.10996 0.47124
f 448/448/150 449/449/150 450/450/150
v -0.00778 -0.44000 -0.04864
vt 0.40273 -0.38000
v -0.01300 -0.34000 -0.03500
vt 0.43000 -0.18000
v -0.01100 -0.44000 -0.05500
vt 0.39000 -0.38000
vn -0.88701 -0.10755 0.44906
f 451/451/151 452/452/151 453/453/151
v -0.00778 -0.44000 -0.06136
vt 0.37727 -0.38000
v -0.01300 -0.34000 -0.03500
vt 0.43000 -0.18000
v -0.00919 -0.34000 -0.04207
vt 0.41586 -0.18000
vn -0.87773 0.07877 -0.47264
f 454/454/152 455/455/152 456/456/152
v -0.00778 -0.44000 -0.06136
vt 0.37727 -0.38000
v -0.01100 -0.44000 -0.05500
vt 0.39000 -0.38000
v -0.01300 -0.34000 -0.03500
vt 0.43000 -0.18000
vn -0.88985 0.07230 -0.45049
f 457/457/153 458/458/153 459/459/153
v 0.00919 -0.34000 -0.04207
vt 0.41586 -0.18000
v 0.01300 -0.34000 -0.03500
vt 0.43000 -0.18000
v 0.00778 -0.44000 -0.06136
vt 0.37727 -0.38000
vn 0.87773 0.07877 -0.47264
f 460/460/154 461/461/154 462/462/154
v 0.01100 -0.44000 -0.05500
vt 0.39000 -0.38000
v 0.01300 -0.34000 -0.03500
vt 0.43000 -0.18000
v 0.00778 -0.44000 -0.04864
vt 0.40273 -0.38000
vn 0.88701 -0.10755 0.44906
f 463/463/155 464/464/155 465/465/155
v 0.01100 -0.44000 -0.05500
vt 0.39000 -0.38000
v 0.00778 -0.44000 -0.06136
vt 0.37727 -0.38000
v 0.01300 -0.34000 -0.03500
vt 0.43000 -0.18000
vn 0.88985 0.07230 -0.45049
f 466/466/156 467/467/156 468/468/156
v -0.00000 -0.44000 -0.04600
vt 0.40800 -0.38000
v -0.00000 -0.34000 -0.02500
vt 0.45000 -0.18000
v -0.00919 -0.34000 -0.02793
vt 0.44414 -0.18000
vn -0.29769 -0.19620 0.93428
f 469/469/157 470/470/157 471/471/157
v -0.00000 -0.44000 -0.04600
vt 0.40800 -0.38000
v -0.00919 -0.34000 -0.02793
vt 0.44414 -0.18000
v -0.00778 -0.44000 -0.04864
vt 0.40273 -0.38000
vn -0.31470 -0.19673 0.92858
f 472/472/158 473/473/158 474/474/158
v -0.00000 -0.44000 -0.04600
vt 0.40800 -0.38000
v 0.00919 -0.34000 -0.02793
vt 0.44414 -0.18000
v -0.00000 -0.34000 -0.02500
vt 0.45000 -0.18000
vn 0.29769 -0.19620 0.93428
f 475/475/159 476/476/159 477/477/159
v -0.00000 -0.44000 -0.04600
vt 0.40800 -0.38000
v 0.00778 -0.44000 -0.04864
vt 0.40273 -0.38000
v 0.00919 -0.34000 -0.02793
vt 0.44414 -0.18000
vn 0.31470 -0.19673 0.92858
f 478/478/160 479/479/160 480/480/160
v 0.00000 -0.44000 -0.06400
vt 0.37200 -0.38000
v -0.00919 -0.34000 -0.04207
vt 0.41586 -0.18000
v 0.00000 -0.34000 -0.04500
vt 0.41000 -0.18000
vn -0.29873 0.17814 -0.93756
f 481/481/161 482/482/161 483/483/161
v 0.00000 -0.44000 -0.06400
vt 0.37200 -0.38000
v -0.00778 -0.44000 -0.06136
vt 0.37727 -0.38000
v -0.00919 -0.34000 -0.04207
vt 0.41586 -0.18000
vn -0.31599 0.17542 -0.93240
f 484/484/162 485/485/162 486/486/162
v 0.00000 -0.44000 -0.06400
vt 0.37200 -0.38000
v 0.00000 -0.34000 -0.04500
vt 0.41000 -0.18000
v 0.00919 -0.34000 -0.04207
vt 0.41586 -0.18000
vn 0.29873 0.17814 -0.93756
f 487/487/163 488/488/163 489/489/163
v 0.00000 -0.44000 -0.06400
vt 0.37200 -0.38000
v 0.00919 -0.34000 -0.04207
vt 0.41586 -0.18000
v 0.00778 -0.44000 -0.06136
vt 0.37727 -0.38000
vn 0.31599 0.17542 -0.93240
f 490/490/164 491/491/164 492/492/164
v 0.00919 -0.34000 -0.04207
vt 0.41586 -0.18000
v -0.00919 -0.34000 -0.04207
vt 0.41586 -0.18000
v -0.01300 -0.34000 -0.03500
vt 0.43000 -0.18000
vn 0.00000 1.00000 0.00000
f 493/493/165 494/494/165 495/495/165
v 0.00919 -0.34000 -0.04207
vt 0.41586 -0.18000
v -0.01300 -0.34000 -0.03500
vt 0.43000 -0.18000
v -0.00919 -0.34000 -0.02793
vt 0.44414 -0.18000
vn 0.00000 1.00000 0.00000
f 496/496/166 497/497/166 498/498/166
v 0.00919 -0.34000 -0.04207
vt 0.41586 -0.18000
v 0.00919 -0.34000 -0.02793
vt 0.44414 -0.18000
v 0.01300 -0.34000 -0.03500
vt 0.43000 -0.18000
vn 0.00000 1.00000 0.00000
f 499/499/167 500/500/167 501/501/167
v 0.00919 -0.34000 -0.04207
vt 0.41586 -0.18000
v -0.00919 -0.34000 -0.02793
vt 0.44414 -0.18000
v -0.00000 -0.34000 -0.02500
vt 0.45000 -0.18000
vn 0.00000 1.00000 0.00000
f 502/502/168 503/503/168 504/504/168
v 0.00919 -0.34000 -0.04207
vt 0.41586 -0.18000
v -0.00000 -0.34000 -0.02500
vt 0.45000 -0.18000
v 0.00919 -0.34000 -0.02793
vt 0.44414 -0.18000
vn 0.00000 1.00000 0.00000
f 505/505/169 506/506/169 507/507/169
v 0.00919 -0.34000 -0.04207
vt 0.41586 -0.18000
v 0.00000 -0.34000 -0.04500
vt 0.41000 -0.18000
v -0.00919 -0.34000 -0.04207
vt 0.41586 -0.18000
vn 0.00000 1.00000 0.00000
f 508/508/170 509/509/170 510/510/170
v 0.00000 -0.44000 -0.06400
vt 0.37200 -0.38000
v -0.01100 -0.44000 -0.05500
vt 0.39000 -0.38000
v -0.00778 -0.44000 -0.06136
vt 0.37727 -0.38000
vn -0.00000 -1.00000 0.00000
f 511/511/171 512/512/171 513/513/171
v 0.00000 -0.44000 -0.06400
vt 0.37200 -0.38000
v -0.00778 -0.44000 -0.04864
vt 0.40273 -0.38000
v -0.01100 -0.44000 -0.05500
vt 0.39000 -0.38000
vn -0.00000 -1.00000 0.00000
f 514/514/172 515/515/172 516/516/172
v 0.00000 -0.44000 -0.06400
vt 0.37200 -0.38000
v 0.01100 -0.44000 -0.05500
vt 0.39000 -0.38000
v 0.00778 -0.44000 -0.04864
vt 0.40273 -0.38000
vn -0.00000 -1.00000 0.00000
f 517/517/173 518/518/173 519/519/173
v 0.00000 -0.44000 -0.06400
vt 0.37200 -0.38000
v 0.00778 -0.44000 -0.04864
vt 0.40273 -0.38000
v -0.00000 -0.44000 -0.04600
vt 0.40800 -0.38000
vn -0.00000 -1.00000 0.00000
f 520/520/174 521/521/174 522/522/174
v 0.00000 -0.44000 -0.06400
vt 0.37200 -0.38000
v 0.00778 -0.44000 -0.06136
vt 0.37727 -0.38000
v 0.01100 -0.44000 -0.05500
vt 0.39000 -0.38000
vn -0.00000 -1.00000 0.00000
f 523/523/175 524/524/175 525/525/175
v 0.00000 -0.44000 -0.06400
vt 0.37200 -0.38000
v -0.00000 -0.44000 -0.04600
vt 0.40800 -0.38000
v -0.00778 -0.44000 -0.04864
vt 0.40273 -0.38000
vn -0.00000 -1.00000 0.00000
f 526/526/176 527/527/176 528/528/176
v 0.00778 -0.44000 -0.04864
vt 0.40273 -0.38000
v -0.00000 -0.44000 -0.04600
vt 0.40800 -0.38000
v 0.00636 -0.52000 -0.07005
vt 0.35990 -0.54000
vn 0.31070 -0.25090 0.91680
f 529/529/177 530/530/177 531/531/177
v 0.00778 -0.44000 -0.04864
vt 0.40273 -0.38000
v 0.00900 -0.52000 -0.07500
vt 0.35000 -0.54000
v 0.01100 -0.44000 -0.05500
vt 0.39000 -0.38000
vn 0.88413 -0.13400 0.44760
f 532/532/178 533/533/178 534/534/178
v 0.00778 -0.44000 -0.04864
vt 0.40273 -0.38000
v 0.00636 -0.52000 -0.07005
vt 0.35990 -0.54000
v 0.00900 -0.52000 -0.07500
vt 0.35000 -0.54000
vn 0.87394 -0.14003 0.46543
f 535/535/179 536/536/179 537/537/179
v 0.00778 -0.44000 -0.06136
vt 0.37727 -0.38000
v 0.01100 -0.44000 -0.05500
vt 0.39000 -0.38000
v 0.00900 -0.52000 -0.07500
vt 0.35000 -0.54000
vn 0.88854 0.09024 -0.44983
f 538/538/180 539/539/180 540/540/180
v -0.00778 -0.44000 -0.04864
vt 0.40273 -0.38000
v -0.00636 -0.52000 -0.07005
vt 0.35990 -0.54000
v -0.00000 -0.44000 -0.04600
vt 0.40800 -0.38000
vn -0.31070 -0.25090 0.91680
f 541/541/181 542/542/181 543/543/181
v -0.00000 -0.52000 -0.06800
vt 0.36400 -0.54000
v 0.00636 -0.52000 -0.07005
vt 0.35990 -0.54000
v -0.00000 -0.44000 -0.04600
vt 0.40800 -0.38000
vn 0.29665 -0.25322 0.92080
f 544/544/182 545/545/182 546/546/182
v -0.00000 -0.52000 -0.06800
vt 0.36400 -0.54000
v -0.00000 -0.44000 -0.04600
vt 0.40800 -0.38000
v -0.00636 -0.52000 -0.07005
vt 0.35990 -0.54000
vn -0.29665 -0.25322 0.92080
f 547/547/183 548/548/183 549/549/183
v -0.00900 -0.52000 -0.07500
vt 0.35000 -0.54000
v -0.01100 -0.44000 -0.05500
vt 0.39000 -0.38000
v -0.00778 -0.44000 -0.06136
vt 0.37727 -0.38000
vn -0.88854 0.09024 -0.44983
f 550/550/184 551/551/184 552/552/184
v -0.00900 -0.52000 -0.07500
vt 0.35000 -0.54000
v -0.00778 -0.44000 -0.04864
vt 0.40273 -0.38000
v -0.01100 -0.44000 -0.05500
vt 0.39000 -0.38000
vn -0.88413 -0.13400 0.44760
f 553/553/185 554/554/185 555/555/185
v -0.00900 -0.52000 -0.07500
vt 0.35000 -0.54000
v -0.00636 -0.52000 -0.07005
vt 0.35990 -0.54000
v -0.00778 -0.44000 -0.04864
vt 0.40273 -0.38000
vn -0.87394 -0.14003 0.46543
f 556/556/186 557/557/186 558/558/186
v 0.00636 -0.52000 -0.07995
vt 0.34010 -0.54000
v 0.00778 -0.44000 -0.06136
vt 0.37727 -0.38000
v 0.00900 -0.52000 -0.07500
vt 0.35000 -0.54000
vn 0.87879 0.09319 -0.46801
f 559/559/187 560/560/187 561/561/187
v 0.00636 -0.52000 -0.07995
vt 0.34010 -0.54000
v 0.00000 -0.44000 -0.06400
vt 0.37200 -0.38000
v 0.00778 -0.44000 -0.06136
vt 0.37727 -0.38000
vn 0.31384 0.20959 -0.92605
f 562/562/188 563/563/188 564/564/188
v 0.00636 -0.52000 -0.07995
vt 0.34010 -0.54000
v 0.00000 -0.52000 -0.08200
vt 0.33600 -0.54000
v 0.00000 -0.44000 -0.06400
vt 0.37200 -0.38000
vn 0.29985 0.20941 -0.93072
f 565/565/189 566/566/189 567/567/189
v -0.00636 -0.52000 -0.07995
vt 0.34010 -0.54000
v -0.00900 -0.52000 -0.07500
vt 0.35000 -0.54000
v -0.00778 -0.44000 -0.06136
vt 0.37727 -0.38000
vn -0.87879 0.09319 -0.46801
f 568/568/190 569/569/190 570/570/190
v -0.00636 -0.52000 -0.07995
vt 0.34010 -0.54000
v -0.00778 -0.44000 -0.06136
vt 0.37727 -0.38000
v 0.00000 -0.44000 -0.06400
vt 0.37200 -0.38000
vn -0.31384 0.20959 -0.92605
f 571/571/191 572/572/191 573/573/191
v -0.00636 -0.52000 -0.07995
vt 0.34010 -0.54000
v 0.00000 -0.44000 -0.06400
vt 0.37200 -0.38000
v 0.00000 -0.52000 -0.08200
vt 0.33600 -0.54000
vn -0.29985 0.20941 -0.93072
f 574/574/192 575/575/192 576/576/192
v -0.00778 -0.44000 -0.04864
vt 0.40273 -0.38000
v 0.01100 -0.44000 -0.05500
vt 0.39000 -0.38000
v 0.00778 -0.44000 -0.06136
vt 0.37727 -0.38000
vn 0.00000 1.00000 0.00000
f 577/577/193 578/578/193 579/579/193
v -0.00778 -0.44000 -0.04864
vt 0.40273 -0.38000
v -0.00778 -0.44000 -0.06136
vt 0.37727 -0.38000
v -0.01100 -0.44000 -0.05500
vt 0.39000 -0.38000
vn 0.00000 1.00000 0.00000
f 580/580/194 581/581/194 582/582/194
v -0.00778 -0.44000 -0.04864
vt 0.40273 -0.38000
v 0.00778 -0.44000 -0.04864
vt 0.40273 -0.38000
v 0.01100 -0.44000 -0.05500
vt 0.39000 -0.38000
vn 0.00000 1.00000 0.00000
f 583/583/195 584/584/195 585/585/195
v -0.00778 -0.44000 -0.04864
vt 0.40273 -0.38000
v -0.00000 -0.44000 -0.04600
vt 0.40800 -0.38000
v 0.00778 -0.44000 -0.04864
vt 0.40273 -0.38000
vn 0.00000 1.00000 0.00000
f 586/586/196 587/587/196 588/588/196
v -0.00778 -0.44000 -0.04864
vt 0.40273 -0.38000
v 0.00000 -0.44000 -0.06400
vt 0.37200 -0.38000
v -0.00778 -0.44000 -0.06136
vt 0.37727 -0.38000
vn 0.00000 1.00000 0.00000
f 589/589/197 590/590/197 591/591/197
v -0.00778 -0.44000 -0.04864
vt 0.40273 -0.38000
v 0.00778 -0.44000 -0.06136
vt 0.37727 -0.38000
v 0.00000 -0.44000 -0.06400
vt 0.37200 -0.38000
vn 0.00000 1.00000 0.00000
f 592/592/198 593/593/198 594/594/198
v -0.00636 -0.52000 -0.07995
vt 0.34010 -0.54000
v 0.00900 -0.52000 -0.07500
vt 0.35000 -0.54000
v 0.00636 -0.52000 -0.07005
vt 0.35990 -0.54000
vn -0.00000 -1.00000 0.00000
f 595/595/199 596/596/199 597/597/199
v -0.00636 -0.52000 -0.07995
vt 0.34010 -0.54000
v 0.00000 -0.52000 -0.08200
vt 0.33600 -0.54000
v 0.00636 -0.52000 -0.07995
vt 0.34010 -0.54000
vn -0.00000 -1.00000 0.00000
f 598/598/200 599/599/200 600/600/200
v -0.00636 -0.52000 -0.07995
vt 0.34010 -0.54000
v 0.00636 -0.52000 -0.07005
vt 0.35990 -0.54000
v -0.00000 -0.52000 -0.06800
vt 0.36400 -0.54000
vn -0.00000 -1.00000 0.00000
f 601/601/201 602/602/201 603/603/201
v -0.00636 -0.52000 -0.07995
vt 0.34010 -0.54000
v -0.00000 -0.52000 -0.06800
vt 0.36400 -0.54000
v -0.00636 -0.52000 -0.07005
vt 0.35990 -0.54000
vn -0.00000 -1.00000 0.00000
f 604/604/202 605/605/202 606/606/202
v -0.00636 -0.52000 -0.07995
vt 0.34010 -0.54000
v -0.00636 -0.52000 -0.07005
vt 0.35990 -0.54000
v -0.00900 -0.52000 -0.07500
vt 0.35000 -0.54000
vn -0.00000 -1.00000 0.00000
f 607/607/203 608/608/203 609/609/203
v -0.00636 -0.52000 -0.07995
vt 0.34010 -0.54000
v 0.00636 -0.52000 -0.07995
vt 0.34010 -0.54000
v 0.00900 -0.52000 -0.07500
vt 0.35000 -0.54000
vn -0.00000 -1.00000 0.00000
f 610/610/204 611/611/204 612/612/204
v 0.00636 -0.52000 -0.07005
vt 0.35990 -0.54000
v 0.00495 -0.56000 -0.07576
vt 0.34849 -0.62000
v 0.00900 -0.52000 -0.07500
vt 0.35000 -0.54000
vn 0.87840 -0.09780 0.46780
f 613/613/205 614/614/205 615/615/205
v -0.00495 -0.56000 -0.07576
vt 0.34849 -0.62000
v -0.00636 -0.52000 -0.07005
vt 0.35990 -0.54000
v -0.00900 -0.52000 -0.07500
vt 0.35000 -0.54000
vn -0.87840 -0.09780 0.46780
f 616/616/206 617/617/206 618/618/206
v -0.00495 -0.56000 -0.07576
vt 0.34849 -0.62000
v -0.00900 -0.52000 -0.07500
vt 0.35000 -0.54000
v -0.00700 -0.56000 -0.08000
vt 0.34000 -0.62000
vn -0.89596 -0.09892 0.43297
f 619/619/207 620/620/207 621/621/207
v -0.00495 -0.56000 -0.08424
vt 0.33151 -0.62000
v -0.00900 -0.52000 -0.07500
vt 0.35000 -0.54000
v -0.00636 -0.52000 -0.07995
vt 0.34010 -0.54000
vn -0.88247 0.01924 -0.46997
f 622/622/208 623/623/208 624/624/208
v -0.00495 -0.56000 -0.08424
vt 0.33151 -0.62000
v -0.00700 -0.56000 -0.08000
vt 0.34000 -0.62000
v -0.00900 -0.52000 -0.07500
vt 0.35000 -0.54000
vn -0.90034 0.00937 -0.43509
f 625/625/209 626/626/209 627/627/209
v 0.00636 -0.52000 -0.07995
vt 0.34010 -0.54000
v 0.00900 -0.52000 -0.07500
vt 0.35000 -0.54000
v 0.00495 -0.56000 -0.08424
vt 0.33151 -0.62000
vn 0.88247 0.01924 -0.46997
f 628/628/210 629/629/210 630/630/210
v 0.00700 -0.56000 -0.08000
vt 0.34000 -0.62000
v 0.00900 -0.52000 -0.07500
vt 0.35000 -0.54000
v 0.00495 -0.56000 -0.07576
vt 0.34849 -0.62000
vn 0.89596 -0.09892 0.43297
f 631/631/211 632/632/211 633/633/211
v 0.00700 -0.56000 -0.08000
vt 0.34000 -0.62000
v 0.00495 -0.56000 -0.08424
vt 0.33151 -0.62000
v 0.00900 -0.52000 -0.07500
vt 0.35000 -0.54000
vn 0.90034 0.00937 -0.43509
f 634/634/212 635/635/212 636/636/212
v -0.00000 -0.56000 -0.07400
vt 0.35200 -0.62000
v -0.00000 -0.52000 -0.06800
vt 0.36400 -0.54000
v -0.00636 -0.52000 -0.07005
vt 0.35990 -0.54000
vn -0.30357 -0.14134 0.94227
f 637/637/213 638/638/213 639/639/213
v -0.00000 -0.56000 -0.07400
vt 0.35200 -0.62000
v -0.00636 -0.52000 -0.07005
vt 0.35990 -0.54000
v -0.00495 -0.56000 -0.07576
vt 0.34849 -0.62000
vn -0.33106 -0.14474 0.93244
f 640/640/214 641/641/214 642/642/214
v -0.00000 -0.56000 -0.07400
vt 0.35200 -0.62000
v 0.00636 -0.52000 -0.07005
vt 0.35990 -0.54000
v -0.00000 -0.52000 -0.06800
vt 0.36400 -0.54000
vn 0.30357 -0.14134 0.94227
f 643/643/215 644/644/215 645/645/215
v -0.00000 -0.56000 -0.07400
vt 0.35200 -0.62000
v 0.00495 -0.56000 -0.07576
vt 0.34849 -0.62000
v 0.00636 -0.52000 -0.07005
vt 0.35990 -0.54000
vn 0.33106 -0.14474 0.93244
f 646/646/216 647/647/216 648/648/216
v 0.00000 -0.56000 -0.08600
vt 0.32800 -0.62000
v -0.00636 -0.52000 -0.07995
vt 0.34010 -0.54000
v 0.00000 -0.52000 -0.08200
vt 0.33600 -0.54000
vn -0.30527 0.09475 -0.94754
f 649/649/217 650/650/217 651/651/217
v 0.00000 -0.56000 -0.08600
vt 0.32800 -0.62000
v -0.00495 -0.56000 -0.08424
vt 0.33151 -0.62000
v -0.00636 -0.52000 -0.07995
vt 0.34010 -0.54000
vn -0.33325 0.08895 -0.93863
f 652/652/218 653/653/218 654/654/218
v 0.00000 -0.56000 -0.08600
vt 0.32800 -0.62000
v 0.00000 -0.52000 -0.08200
vt 0.33600 -0.54000
v 0.00636 -0.52000 -0.07995
vt 0.34010 -0.54000
vn 0.30527 0.09475 -0.94754
f 655/655/219 656/656/219 657/657/219
v 0.00000 -0.56000 -0.08600
vt 0.32800 -0.62000
v 0.00636 -0.52000 -0.07995
vt 0.34010 -0.54000
v 0.00495 -0.56000 -0.08424
vt 0.33151 -0.62000
vn 0.33325 0.08895 -0.93863
f 658/658/220 659/659/220 660/660/220
v 0.00636 -0.52000 -0.07995
vt 0.34010 -0.54000
v -0.00636 -0.52000 -0.07995
vt 0.34010 -0.54000
v -0.00900 -0.52000 -0.07500
vt 0.35000 -0.54000
vn 0.00000 1.00000 0.00000
f 661/661/221 662/662/221 663/663/221
v 0.00636 -0.52000 -0.07995
vt 0.34010 -0.54000
v -0.00900 -0.52000 -0.07500
vt 0.35000 -0.54000
v -0.00636 -0.52000 -0.07005
vt 0.35990 -0.54000
vn 0.00000 1.00000 0.00000
f 664/664/222 665/665/222 666/666/222
v 0.00636 -0.52000 -0.07995
vt 0.34010 -0.54000
v 0.00636 -0.52000 -0.07005
vt 0.35990 -0.54000
v 0.00900 -0.52000 -0.07500
vt 0.35000 -0.54000
vn 0.00000 1.00000 0.00000
f 667/667/223 668/668/223 669/669/223
v 0.00636 -0.52000 -0.07995
vt 0.34010 -0.54000
v -0.00636 -0.52000 -0.07005
vt 0.35990 -0.54000
v -0.00000 -0.52000 -0.06800
vt 0.36400 -0.54000
vn 0.00000 1.00000 0.00000
f 670/670/224 671/671/224 672/672/224
v 0.00636 -0.52000 -0.07995
vt 0.34010 -0.54000
v -0.00000 -0.52000 -0.06800
vt 0.36400 -0.54000
v 0.00636 -0.52000 -0.07005
vt 0.35990 -0.54000
vn 0.00000 1.00000 0.00000
f 673/673/225 674/674/225 675/675/225
v 0.00636 -0.52000 -0.07995
vt 0.34010 -0.54000
v 0.00000 -0.52000 -0.08200
vt 0.33600 -0.54000
v -0.00636 -0.52000 -0.07995
vt 0.34010 -0.54000
vn 0.00000 1.00000 0.00000
f 676/676/226 677/677/226 678/678/226
v 0.00000 -0.56000 -0.08600
vt 0.32800 -0.62000
v -0.00700 -0.56000 -0.08000
vt 0.34000 -0.62000
v -0.00495 -0.56000 -0.08424
vt 0.33151 -0.62000
vn -0.00000 -1.00000 0.00000
f 679/679/227 680/680/227 681/681/227
v 0.00000 -0.56000 -0.08600
vt 0.32800 -0.62000
v -0.00495 -0.56000 -0.07576
vt 0.34849 -0.62000
v -0.00700 -0.56000 -0.08000
vt 0.34000 -0.62000
vn -0.00000 -1.00000 0.00000
f 682/682/228 683/683/228 684/684/228
v 0.00000 -0.56000 -0.08600
vt 0.32800 -0.62000
v 0.00700 -0.56000 -0.08000
vt 0.34000 -0.62000
v 0.00495 -0.56000 -0.07576
vt 0.34849 -0.62000
vn -0.00000 -1.00000 0.00000
f 685/685/229 686/686/229 687/687/229
v 0.00000 -0.56000 -0.08600
vt 0.32800 -0.62000
v 0.00495 -0.56000 -0.07576
vt 0.34849 -0.62000
v -0.00000 -0.56000 -0.07400
vt 0.35200 -0.62000
vn -0.00000 -1.00000 0.00000
f 688/688/230 689/689/230 690/690/230
v 0.00000 -0.56000 -0.08600
vt 0.32800 -0.62000
v 0.00495 -0.56000 -0.08424
vt 0.33151 -0.62000
v 0.00700 -0.56000 -0.08000
vt 0.34000 -0.62000
vn -0.00000 -1.00000 0.00000
f 691/691/231 692/692/231 693/693/231
v 0.00000 -0.56000 -0.08600
vt 0.32800 -0.62000
v -0.00000 -0.56000 -0.07400
vt 0.35200 -0.62000
v -0.00495 -0.56000 -0.07576
vt 0.34849 -0.62000
vn -0.00000 -1.00000 0.00000
f 694/694/232 695/695/232 696/696/232
v 0.00495 -0.56000 -0.08424
vt 0.33151 -0.62000
v 0.00700 -0.56000 -0.08000
vt 0.34000 -0.62000
v 0.00354 -0.59000 -0.07354
vt 0.35293 -0.68000
vn 0.88328 -0.19398 -0.42684
f 697/697/233 698/698/233 699/699/233
v -0.00354 -0.59000 -0.07354
vt 0.35293 -0.68000
v -0.00700 -0.56000 -0.08000
vt 0.34000 -0.62000
v -0.00495 -0.56000 -0.08424
vt 0.33151 -0.62000
vn -0.88328 -0.19398 -0.42684
f 700/700/234 701/701/234 702/702/234
v -0.00354 -0.59000 -0.07354
vt 0.35293 -0.68000
v -0.00500 -0.59000 -0.07000
vt 0.36000 -0.68000
v -0.00700 -0.56000 -0.08000
vt 0.34000 -0.62000
vn -0.90778 -0.18586 -0.37602
f 703/703/235 704/704/235 705/705/235
v -0.00354 -0.59000 -0.06646
vt 0.36707 -0.68000
v -0.00495 -0.56000 -0.07576
vt 0.34849 -0.62000
v -0.00700 -0.56000 -0.08000
vt 0.34000 -0.62000
vn -0.89656 0.09194 0.43326
f 706/706/236 707/707/236 708/708/236
v -0.00354 -0.59000 -0.06646
vt 0.36707 -0.68000
v -0.00700 -0.56000 -0.08000
vt 0.34000 -0.62000
v -0.00500 -0.59000 -0.07000
vt 0.36000 -0.68000
vn -0.92188 0.06583 0.38185
f 709/709/237 710/710/237 711/711/237
v 0.00495 -0.56000 -0.07576
vt 0.34849 -0.62000
v 0.00354 -0.59000 -0.06646
vt 0.36707 -0.68000
v 0.00700 -0.56000 -0.08000
vt 0.34000 -0.62000
vn 0.89656 0.09194 0.43326
f 712/712/238 713/713/238 714/714/238
v 0.00500 -0.59000 -0.07000
vt 0.36000 -0.68000
v 0.00354 -0.59000 -0.07354
vt 0.35293 -0.68000
v 0.00700 -0.56000 -0.08000
vt 0.34000 -0.62000
vn 0.90778 -0.18586 -0.37602
f 715/715/239 716/716/239 717/717/239
v 0.00500 -0.59000 -0.07000
vt 0.36000 -0.68000
v 0.00700 -0.56000 -0.08000
vt 0.34000 -0.62000
v 0.00354 -0.59000 -0.06646
vt 0.36707 -0.68000
vn 0.92188 0.06583 0.38185
f 718/718/240 719/719/240 720/720/240
v 0.00000 -0.59000 -0.07500
vt 0.35000 -0.68000
v -0.00495 -0.56000 -0.08424
vt 0.33151 -0.62000
v 0.00000 -0.56000 -0.08600
vt 0.32800 -0.62000
vn -0.31623 -0.32659 -0.89069
f 721/721/241 722/722/241 723/723/241
v 0.00000 -0.59000 -0.07500
vt 0.35000 -0.68000
v -0.00354 -0.59000 -0.07354
vt 0.35293 -0.68000
v -0.00495 -0.56000 -0.08424
vt 0.33151 -0.62000
vn -0.36145 -0.32848 -0.87261
f 724/724/242 725/725/242 726/726/242
v 0.00000 -0.59000 -0.07500
vt 0.35000 -0.68000
v 0.00000 -0.56000 -0.08600
vt 0.32800 -0.62000
v 0.00495 -0.56000 -0.08424
vt 0.33151 -0.62000
vn 0.31623 -0.32659 -0.89069
f 727/727/243 728/728/243 729/729/243
v 0.00000 -0.59000 -0.07500
vt 0.35000 -0.68000
v 0.00495 -0.56000 -0.08424
vt 0.33151 -0.62000
v 0.00354 -0.59000 -0.07354
vt 0.35293 -0.68000
vn 0.36145 -0.32848 -0.87261
f 730/730/244 731/731/244 732/732/244
v -0.00000 -0.59000 -0.06500
vt 0.37000 -0.68000
v -0.00000 -0.56000 -0.07400
vt 0.35200 -0.62000
v -0.00495 -0.56000 -0.07576
vt 0.34849 -0.62000
vn -0.32196 0.27205 0.90683
f 733/733/245 734/734/245 735/735/245
v -0.00000 -0.59000 -0.06500
vt 0.37000 -0.68000
v -0.00495 -0.56000 -0.07576
vt 0.34849 -0.62000
v -0.00354 -0.59000 -0.06646
vt 0.36707 -0.68000
vn -0.36963 0.25899 0.89236
f 736/736/246 737/737/246 738/738/246
v -0.00000 -0.59000 -0.06500
vt 0.37000 -0.68000
v 0.00495 -0.56000 -0.07576
vt 0.34849 -0.62000
v -0.00000 -0.56000 -0.07400
vt 0.35200 -0.62000
vn 0.32196 0.27205 0.90683
f 739/739/247 740/740/247 741/741/247
v -0.00000 -0.59000 -0.06500
vt 0.37000 -0.68000
v 0.00354 -0.59000 -0.06646
vt 0.36707 -0.68000
v 0.00495 -0.56000 -0.07576
vt 0.34849 -0.62000
vn 0.36963 0.25899 0.89236
f 742/742/248 743/743/248 744/744/248
v 0.00495 -0.56000 -0.07576
vt 0.34849 -0.62000
v -0.00700 -0.56000 -0.08000
vt 0.34000 -0.62000
v -0.00495 -0.56000 -0.07576
vt 0.34849 -0.62000
vn -0.00000 1.00000 -0.00000
f 745/745/249 746/746/249 747/747/249
v 0.00495 -0.56000 -0.07576
vt 0.34849 -0.62000
v -0.00495 -0.56000 -0.08424
vt 0.33151 -0.62000
v -0.00700 -0.56000 -0.08000
vt 0.34000 -0.62000
vn -0.00000 1.00000 -0.00000
f 748/748/250 749/749/250 750/750/250
v 0.00495 -0.56000 -0.07576
vt 0.34849 -0.62000
v 0.00700 -0.56000 -0.08000
vt 0.34000 -0.62000
v 0.00495 -0.56000 -0.08424
vt 0.33151 -0.62000
vn -0.00000 1.00000 -0.00000
f 751/751/251 752/752/251 753/753/251
v 0.00495 -0.56000 -0.07576
vt 0.34849 -0.62000
v 0.00000 -0.56000 -0.08600
vt 0.32800 -0.62000
v -0.00495 -0.56000 -0.08424
vt 0.33151 -0.62000
vn -0.00000 1.00000 -0.00000
f 754/754/252 755/755/252 756/756/252
v 0.00495 -0.56000 -0.07576
vt 0.34849 -0.62000
v 0.00495 -0.56000 -0.08424
vt 0.33151 -0.62000
v 0.00000 -0.56000 -0.08600
vt 0.32800 -0.62000
vn -0.00000 1.00000 -0.00000
f 757/757/253 758/758/253 759/759/253
v 0.00495 -0.56000 -0.07576
vt 0.34849 -0.62000
v -0.00495 -0.56000 -0.07576
vt 0.34849 -0.62000
v -0.00000 -0.56000 -0.07400
vt 0.35200 -0.62000
vn -0.00000 1.00000 -0.00000
f 760/760/254 761/761/254 762/762/254
v -0.00000 -0.59000 -0.06500
vt 0.37000 -0.68000
v -0.00354 -0.59000 -0.06646
vt 0.36707 -0.68000
v -0.00500 -0.59000 -0.07000
vt 0.36000 -0.68000
vn 0.00000 -1.00000 -0.00000
f 763/763/255 764/764/255 765/765/255
v -0.00000 -0.59000 -0.06500
vt 0.37000 -0.68000
v -0.00500 -0.59000 -0.07000
vt 0.36000 -0.68000
v -0.00354 -0.59000 -0.07354
vt 0.35293 -0.68000
vn 0.00000 -1.00000 -0.00000
f 766/766/256 767/767/256 768/768/256
v -0.00000 -0.59000 -0.06500
vt 0.37000 -0.68000
v 0.00354 -0.59000 -0.07354
vt 0.35293 -0.68000
v 0.00500 -0.59000 -0.07000
vt 0.36000 -0.68000
vn 0.00000 -1.00000 -0.00000
f 769/769/257 770/770/257 771/771/257
v -0.00000 -0.59000 -0.06500
vt 0.37000 -0.68000
v 0.00000 -0.59000 -0.07500
vt 0.35000 -0.68000
v 0.00354 -0.59000 -0.07354
vt 0.35293 -0.68000
vn 0.00000 -1.00000 -0.00000
f 772/772/258 773/773/258 774/774/258
v -0.00000 -0.59000 -0.06500
vt 0.37000 -0.68000
v 0.00500 -0.59000 -0.07000
vt 0.36000 -0.68000
v 0.00354 -0.59000 -0.06646
vt 0.36707 -0.68000
vn 0.00000 -1.00000 -0.00000
f 775/775/259 776/776/259 777/777/259
v -0.00000 -0.59000 -0.06500
vt 0.37000 -0.68000
v -0.00354 -0.59000 -0.07354
vt 0.35293 -0.68000
v 0.00000 -0.59000 -0.07500
vt 0.35000 -0.68000
vn 0.00000 -1.00000 -0.00000
f 778/778/260 779/779/260 780/780/260
v -0.01294 0.08000 0.01293
vt 0.52586 0.66000
v -0.01500 0.15000 -0.00500
vt 0.49000 0.80000
v -0.01600 0.08000 0.00000
vt 0.50000 0.66000
vn -0.97275 0.03032 0.22987
f 781/781/261 782/782/261 783/783/261
v 0.01294 0.08000 0.01293
vt 0.52586 0.66000
v 0.01214 0.15000 0.00676
vt 0.51351 0.80000
v 0.00494 0.08000 0.02092
vt 0.54185 0.66000
vn 0.70500 0.07041 0.70571
f 784/784/262 785/785/262 786/786/262
v -0.01294 0.08000 -0.01293
vt 0.47414 0.66000
v -0.01600 0.08000 0.00000
vt 0.50000 0.66000
v -0.01500 0.15000 -0.00500
vt 0.49000 0.80000
vn -0.97319 -0.00252 -0.22997
f 787/787/263 788/788/263 789/789/263
v 0.00464 0.15000 0.01402
vt 0.52804 0.80000
v 0.00494 0.08000 0.02092
vt 0.54185 0.66000
v 0.01214 0.15000 0.00676
vt 0.51351 0.80000
vn 0.69389 0.07369 0.71630
f 790/790/264 791/791/264 792/792/264
v -0.01214 0.15000 0.00676
vt 0.51351 0.80000
v -0.01500 0.15000 -0.00500
vt 0.49000 0.80000
v -0.01294 0.08000 0.01293
vt 0.52586 0.66000
vn -0.97107 0.03210 0.23664
f 793/793/265 794/794/265 795/795/265
v -0.01214 0.15000 0.00676
vt 0.51351 0.80000
v -0.01294 0.08000 0.01293
vt 0.52586 0.66000
v -0.00494 0.08000 0.02092
vt 0.54185 0.66000
vn -0.70500 0.07041 0.70571
f 796/796/266 797/797/266 798/798/266
v -0.01214 0.15000 0.00676
vt 0.51351 0.80000
v -0.00494 0.08000 0.02092
vt 0.54185 0.66000
v -0.00464 0.15000 0.01402
vt 0.52804 0.80000
vn -0.69389 0.07369 0.71630
f 799/799/267 800/800/267 801/801/267
v -0.01214 0.15000 -0.01676
vt 0.46649 0.80000
v -0.00494 0.08000 -0.02092
vt 0.45815 0.66000
v -0.01294 0.08000 -0.01293
vt 0.47414 0.66000
vn -0.70642 -0.03047 -0.70713
f 802/802/268 803/803/268 804/804/268
v -0.01214 0.15000 -0.01676
vt 0.46649 0.80000
v -0.01294 0.08000 -0.01293
vt 0.47414 0.66000
v -0.01500 0.15000 -0.00500
vt 0.49000 0.80000
vn -0.97157 -0.00171 -0.23676
f 805/805/269 806/806/269 807/807/269
v 0.01500 0.15000 -0.00500
vt 0.49000 0.80000
v 0.01294 0.08000 0.01293
vt 0.52586 0.66000
v 0.01600 0.08000 0.00000
vt 0.50000 0.66000
vn 0.97275 0.03032 0.22987
f 808/808/270 809/809/270 810/810/270
v 0.01500 0.15000 -0.00500
vt 0.49000 0.80000
v 0.01214 0.15000 0.00676
vt 0.51351 0.80000
v 0.01294 0.08000 0.01293
vt 0.52586 0.66000
vn 0.97107 0.03210 0.23664
f 811/811/271 812/812/271 813/813/271
v 0.01294 0.08000 -0.01293
vt 0.47414 0.66000
v 0.00494 0.08000 -0.02092
vt 0.45815 0.66000
v 0.01214 0.15000 -0.01676
vt 0.46649 0.80000
vn 0.70642 -0.03047 -0.70713
f 814/814/272 815/815/272 816/816/272
v 0.01294 0.08000 -0.01293
vt 0.47414 0.66000
v 0.01214 0.15000 -0.01676
vt 0.46649 0.80000
v 0.01500 0.15000 -0.00500
vt 0.49000 0.80000
vn 0.97157 -0.00171 -0.23676
f 817/817/273 818/818/273 819/819/273
v 0.01294 0.08000 -0.01293
vt 0.47414 0.66000
v 0.01500 0.15000 -0.00500
vt 0.49000 0.80000
v 0.01600 0.08000 0.00000
vt 0.50000 0.66000
vn 0.97319 -0.00252 -0.22997
f 820/820/274 821/821/274 822/822/274
v 0.00464 0.15000 -0.02402
vt 0.45196 0.80000
v 0.01214 0.15000 -0.01676
vt 0.46649 0.80000
v 0.00494 0.08000 -0.02092
vt 0.45815 0.66000
vn 0.69550 -0.02870 -0.71795
f 823/823/275 824/824/275 825/825/275
v -0.00464 0.15000 -0.02402
vt 0.45196 0.80000
v -0.00494 0.08000 -0.02092
vt 0.45815 0.66000
v -0.01214 0.15000 -0.01676
vt 0.46649 0.80000
vn -0.69550 -0.02870 -0.71795
f 826/826/276 827/827/276 828/828/276
v -0.00494 0.08000 0.02092
vt 0.54185 0.66000
v 0.00464 0.15000 0.01402
vt 0.52804 0.80000
v -0.00464 0.15000 0.01402
vt 0.52804 0.80000
vn 0.00000 0.09813 0.99517
f 829/829/277 830/830/277 831/831/277
v -0.00494 0.08000 0.02092
vt 0.54185 0.66000
v 0.00494 0.08000 0.02092
vt 0.54185 0.66000
v 0.00464 0.15000 0.01402
vt 0.52804 0.80000
vn 0.00000 0.09813 0.99517
f 832/832/278 833/833/278 834/834/278
v 0.01294 0.08000 -0.01293
vt 0.47414 0.66000
v 0.00494 0.08000 0.02092
vt 0.54185 0.66000
v -0.00494 0.08000 0.02092
vt 0.54185 0.66000
vn -0.00000 -1.00000 -0.00000
f 835/835/279 836/836/279 837/837/279
v 0.01294 0.08000 -0.01293
vt 0.47414 0.66000
v -0.01294 0.08000 0.01293
vt 0.52586 0.66000
v -0.01600 0.08000 0.00000
vt 0.50000 0.66000
vn -0.00000 -1.00000 -0.00000
f 838/838/280 839/839/280 840/840/280
v 0.01294 0.08000 -0.01293
vt 0.47414 0.66000
v 0.01600 0.08000 0.00000
vt 0.50000 0.66000
v 0.01294 0.08000 0.01293
vt 0.52586 0.66000
vn -0.00000 -1.00000 -0.00000
f 841/841/281 842/842/281 843/843/281
v 0.01294 0.08000 -0.01293
vt 0.47414 0.66000
v -0.01600 0.08000 0.00000
vt 0.50000 0.66000
v -0.01294 0.08000 -0.01293
vt 0.47414 0.66000
vn -0.00000 -1.00000 -0.00000
f 844/844/282 845/845/282 846/846/282
v 0.01294 0.08000 -0.01293
vt 0.47414 0.66000
v 0.01294 0.08000 0.01293
vt 0.52586 0.66000
v 0.00494 0.08000 0.02092
vt 0.54185 0.66000
vn -0.00000 -1.00000 -0.00000
f 847/847/283 848/848/283 849/849/283
v 0.01294 0.08000 -0.01293
vt 0.47414 0.66000
v -0.01294 0.08000 -0.01293
vt 0.47414 0.66000
v -0.00494 0.08000 -0.02092
vt 0.45815 0.66000
vn -0.00000 -1.00000 -0.00000
f 850/850/284 851/851/284 852/852/284
v 0.01294 0.08000 -0.01293
vt 0.47414 0.66000
v -0.00494 0.08000 0.02092
vt 0.54185 0.66000
v -0.01294 0.08000 0.01293
vt 0.52586 0.66000
vn -0.00000 -1.00000 -0.00000
f 853/853/285 854/854/285 855/855/285
v 0.01294 0.08000 -0.01293
vt 0.47414 0.66000
v -0.00494 0.08000 -0.02092
vt 0.45815 0.66000
v 0.00494 0.08000 -0.02092
vt 0.45815 0.66000
vn -0.00000 -1.00000 -0.00000
f 856/856/286 857/857/286 858/858/286
v -0.00464 0.15000 -0.02402
vt 0.45196 0.80000
v -0.01500 0.15000 -0.00500
vt 0.49000 0.80000
v -0.01214 0.15000 0.00676
vt 0.51351 0.80000
vn -0.00000 1.00000 0.00000
f 859/859/287 860/860/287 861/861/287
v -0.00464 0.15000 -0.02402
vt 0.45196 0.80000
v 0.00464 0.15000 0.01402
vt 0.52804 0.80000
v 0.01214 0.15000 0.00676
vt 0.51351 0.80000
vn -0.00000 1.00000 0.00000
f 862/862/288 863/863/288 864/864/288
v -0.00464 0.15000 -0.02402
vt 0.45196 0.80000
v -0.01214 0.15000 -0.01676
vt 0.46649 0.80000
v -0.01500 0.15000 -0.00500
vt 0.49000 0.80000
vn -0.00000 1.00000 0.00000
f 865/865/289 866/866/289 867/867/289
v -0.00464 0.15000 -0.02402
vt 0.45196 0.80000
v -0.00464 0.15000 0.01402
vt 0.52804 0.80000
v 0.00464 0.15000 0.01402
vt 0.52804 0.80000
vn -0.00000 1.00000 0.00000
f 868/868/290 869/869/290 870/870/290
v -0.00464 0.15000 -0.02402
vt 0.45196 0.80000
v -0.01214 0.15000 0.00676
vt 0.51351 0.80000
v -0.00464 0.15000 0.01402
vt 0.52804 0.80000
vn -0.00000 1.00000 0.00000
f 871/871/291 872/872/291 873/873/291
v -0.00464 0.15000 -0.02402
vt 0.45196 0.80000
v 0.01214 0.15000 0.00676
vt 0.51351 0.80000
v 0.01500 0.15000 -0.00500
vt 0.49000 0.80000
vn -0.00000 1.00000 0.00000
f 874/874/292 875/875/292 876/876/292
v -0.00464 0.15000 -0.02402
vt 0.45196 0.80000
v 0.01500 0.15000 -0.00500
vt 0.49000 0.80000
v 0.01214 0.15000 -0.01676
vt 0.46649 0.80000
vn -0.00000 1.00000 0.00000
f 877/877/293 878/878/293 879/879/293
v -0.00464 0.15000 -0.02402
vt 0.45196 0.80000
v 0.01214 0.15000 -0.01676
vt 0.46649 0.80000
v 0.00464 0.15000 -0.02402
vt 0.45196 0.80000
vn -0.00000 1.00000 0.00000
f 880/880/294 881/881/294 882/882/294
v -0.00464 0.15000 -0.02402
vt 0.45196 0.80000
v 0.00494 0.08000 -0.02092
vt 0.45815 0.66000
v -0.00494 0.08000 -0.02092
vt 0.45815 0.66000
vn 0.00000 -0.04421 -0.99902
f 883/883/295 884/884/295 885/885/295
v -0.00464 0.15000 -0.02402
vt 0.45196 0.80000
v 0.00464 0.15000 -0.02402
vt 0.45196 0.80000
v 0.00494 0.08000 -0.02092
vt 0.45815 0.66000
vn 0.00000 -0.04421 -0.99902
f 886/886/296 887/887/296 888/888/296
v -0.01061 0.15000 0.00914
vt 0.51828 0.80000
v -0.01400 0.24000 -0.02000
vt 0.46000 0.98000
v -0.01500 0.15000 -0.00500
vt 0.49000 0.80000
vn -0.95326 0.05995 0.29614
f 889/889/297 890/890/297 891/891/297
v 0.01061 0.15000 0.00914
vt 0.51828 0.80000
v 0.00990 0.24000 -0.01151
vt 0.47697 0.98000
v -0.00000 0.15000 0.01500
vt 0.53000 0.80000
vn 0.47363 0.20055 0.85758
f 892/892/298 893/893/298 894/894/298
v -0.00990 0.24000 -0.01151
vt 0.47697 0.98000
v -0.01061 0.15000 0.00914
vt 0.51828 0.80000
v -0.00000 0.15000 0.01500
vt 0.53000 0.80000
vn -0.47363 0.20055 0.85758
f 895/895/299 896/896/299 897/897/299
v -0.00990 0.24000 -0.01151
vt 0.47697 0.98000
v -0.01400 0.24000 -0.02000
vt 0.46000 0.98000
v -0.01061 0.15000 0.00914
vt 0.51828 0.80000
vn -0.89527 0.10633 0.43264
f 898/898/300 899/899/300 900/900/300
v -0.01061 0.15000 -0.01914
vt 0.46172 0.80000
v -0.01500 0.15000 -0.00500
vt 0.49000 0.80000
v -0.01400 0.24000 -0.02000
vt 0.46000 0.98000
vn -0.95426 -0.03881 -0.29645
f 901/901/301 902/902/301 903/903/301
v -0.00000 0.24000 -0.00800
vt 0.48400 0.98000
v -0.00000 0.15000 0.01500
vt 0.53000 0.80000
v 0.00990 0.24000 -0.01151
vt 0.47697 0.98000
vn 0.32528 0.23413 0.91617
f 904/904/302 905/905/302 906/906/302
v -0.00000 0.24000 -0.00800
vt 0.48400 0.98000
v -0.00990 0.24000 -0.01151
vt 0.47697 0.98000
v -0.00000 0.15000 0.01500
vt 0.53000 0.80000
vn -0.32528 0.23413 0.91617
f 907/907/303 908/908/303 909/909/303
v -0.00990 0.24000 -0.02849
vt 0.44303 0.98000
v 0.00000 0.15000 -0.02500
vt 0.45000 0.80000
v -0.01061 0.15000 -0.01914
vt 0.46172 0.80000
vn -0.48163 -0.08675 -0.87207
f 910/910/304 911/911/304 912/912/304
v -0.00990 0.24000 -0.02849
vt 0.44303 0.98000
v -0.01061 0.15000 -0.01914
vt 0.46172 0.80000
v -0.01400 0.24000 -0.02000
vt 0.46000 0.98000
vn -0.89973 -0.03807 -0.43479
f 913/913/305 914/914/305 915/915/305
v 0.01061 0.15000 -0.01914
vt 0.46172 0.80000
v 0.00000 0.15000 -0.02500
vt 0.45000 0.80000
v 0.00990 0.24000 -0.02849
vt 0.44303 0.98000
vn 0.48163 -0.08675 -0.87207
f 916/916/306 917/917/306 918/918/306
v 0.01400 0.24000 -0.02000
vt 0.46000 0.98000
v 0.01061 0.15000 0.00914
vt 0.51828 0.80000
v 0.01500 0.15000 -0.00500
vt 0.49000 0.80000
vn 0.95326 0.05995 0.29614
f 919/919/307 920/920/307 921/921/307
v 0.01400 0.24000 -0.02000
vt 0.46000 0.98000
v 0.00990 0.24000 -0.01151
vt 0.47697 0.98000
v 0.01061 0.15000 0.00914
vt 0.51828 0.80000
vn 0.89527 0.10633 0.43264
f 922/922/308 923/923/308 924/924/308
v 0.01400 0.24000 -0.02000
vt 0.46000 0.98000
v 0.01500 0.15000 -0.00500
vt 0.49000 0.80000
v 0.01061 0.15000 -0.01914
vt 0.46172 0.80000
vn 0.95426 -0.03881 -0.29645
f 925/925/309 926/926/309 927/927/309
v 0.01400 0.24000 -0.02000
vt 0.46000 0.98000
v 0.01061 0.15000 -0.01914
vt 0.46172 0.80000
v 0.00990 0.24000 -0.02849
vt 0.44303 0.98000
vn 0.89973 -0.03807 -0.43479
f 928/928/310 929/929/310 930/930/310
v 0.00000 0.24000 -0.03200
vt 0.43600 0.98000
v 0.00990 0.24000 -0.02849
vt 0.44303 0.98000
v 0.00000 0.15000 -0.02500
vt 0.45000 0.80000
vn 0.33368 -0.07310 -0.93985
f 931/931/311 932/932/311 933/933/311
v 0.00000 0.24000 -0.03200
vt 0.43600 0.98000
v 0.00000 0.15000 -0.02500
vt 0.45000 0.80000
v -0.00990 0.24000 -0.02849
vt 0.44303 0.98000
vn -0.33368 -0.07310 -0.93985
f 934/934/312 935/935/312 936/936/312
v 0.01061 0.15000 -0.01914
vt 0.46172 0.80000
v -0.01500 0.15000 -0.00500
vt 0.49000 0.80000
v -0.01061 0.15000 -0.01914
vt 0.46172 0.80000
vn -0.00000 -1.00000 -0.00000
f 937/937/313 938/938/313 939/939/313
v 0.01061 0.15000 -0.01914
vt 0.46172 0.80000
v -0.01061 0.15000 0.00914
vt 0.51828 0.80000
v -0.01500 0.15000 -0.00500
vt 0.49000 0.80000
vn -0.00000 -1.00000 -0.00000
f 940/940/314 941/941/314 942/942/314
v 0.01061 0.15000 -0.01914
vt 0.46172 0.80000
v 0.01500 0.15000 -0.00500
vt 0.49000 0.80000
v 0.01061 0.15000 0.00914
vt 0.51828 0.80000
vn -0.00000 -1.00000 -0.00000
f 943/943/315 944/944/315 945/945/315
v 0.01061 0.15000 -0.01914
vt 0.46172 0.80000
v -0.00000 0.15000 0.01500
vt 0.53000 0.80000
v -0.01061 0.15000 0.00914
vt 0.51828 0.80000
vn -0.00000 -1.00000 -0.00000
f 946/946/316 947/947/316 948/948/316
v 0.01061 0.15000 -0.01914
vt 0.46172 0.80000
v 0.01061 0.15000 0.00914
vt 0.51828 0.80000
v -0.00000 0.15000 0.01500
vt 0.53000 0.80000
vn -0.00000 -1.00000 -0.00000
f 949/949/317 950/950/317 951/951/317
v 0.01061 0.15000 -0.01914
vt 0.46172 0.80000
v -0.01061 0.15000 -0.01914
vt 0.46172 0.80000
v 0.00000 0.15000 -0.02500
vt 0.45000 0.80000
vn -0.00000 -1.00000 -0.00000
f 952/952/318 953/953/318 954/954/318
v 0.00000 0.24000 -0.03200
vt 0.43600 0.98000
v -0.00000 0.24000 -0.00800
vt 0.48400 0.98000
v 0.00990 0.24000 -0.01151
vt 0.47697 0.98000
vn -0.00000 1.00000 0.00000
f 955/955/319 956/956/319 957/957/319
v 0.00000 0.24000 -0.03200
vt 0.43600 0.98000
v -0.01400 0.24000 -0.02000
vt 0.46000 0.98000
v -0.00990 0.24000 -0.01151
vt 0.47697 0.98000
vn -0.00000 1.00000 0.00000
f 958/958/320 959/959/320 960/960/320
v 0.00000 0.24000 -0.03200
vt 0.43600 0.98000
v -0.00990 0.24000 -0.02849
vt 0.44303 0.98000
v -0.01400 0.24000 -0.02000
vt 0.46000 0.98000
vn -0.00000 1.00000 0.00000
f 961/961/321 962/962/321 963/963/321
v 0.00000 0.24000 -0.03200
vt 0.43600 0.98000
v -0.00990 0.24000 -0.01151
vt 0.47697 0.98000
v -0.00000 0.24000 -0.00800
vt 0.48400 0.98000
vn -0.00000 1.00000 0.00000
f 964/964/322 965/965/322 966/966/322
v 0.00000 0.24000 -0.03200
vt 0.43600 0.98000
v 0.00990 0.24000 -0.01151
vt 0.47697 0.98000
v 0.01400 0.24000 -0.02000
vt 0.46000 0.98000
vn -0.00000 1.00000 0.00000
f 967/967/323 968/968/323 969/969/323
v 0.00000 0.24000 -0.03200
vt 0.43600 0.98000
v 0.01400 0.24000 -0.02000
vt 0.46000 0.98000
v 0.00990 0.24000 -0.02849
vt 0.44303 0.98000
vn -0.00000 1.00000 0.00000
f 970/970/324 971/971/324 972/972/324
v -0.00990 0.24000 -0.01151
vt 0.47697 0.98000
v -0.01300 0.34000 -0.03500
vt 0.43000 1.18000
v -0.01400 0.24000 -0.02000
vt 0.46000 0.98000
vn -0.89791 0.07407 0.43391
f 973/973/325 974/974/325 975/975/325
v 0.00990 0.24000 -0.01151
vt 0.47697 0.98000
v 0.00919 0.34000 -0.02793
vt 0.44414 1.18000
v -0.00000 0.24000 -0.00800
vt 0.48400 0.98000
vn 0.33053 0.15515 0.93096
f 976/976/326 977/977/326 978/978/326
v -0.00919 0.34000 -0.02793
vt 0.44414 1.18000
v -0.00990 0.24000 -0.01151
vt 0.47697 0.98000
v -0.00000 0.24000 -0.00800
vt 0.48400 0.98000
vn -0.33053 0.15515 0.93096
f 979/979/327 980/980/327 981/981/327
v -0.00919 0.34000 -0.02793
vt 0.44414 1.18000
v -0.01300 0.34000 -0.03500
vt 0.43000 1.18000
v -0.00990 0.24000 -0.01151
vt 0.47697 0.98000
vn -0.87737 0.08375 0.47245
f 982/982/328 983/983/328 984/984/328
v -0.00990 0.24000 -0.02849
vt 0.44303 0.98000
v -0.01400 0.24000 -0.02000
vt 0.46000 0.98000
v -0.01300 0.34000 -0.03500
vt 0.43000 1.18000
vn -0.89896 -0.05617 -0.43442
f 985/985/329 986/986/329 987/987/329
v -0.00000 0.34000 -0.02500
vt 0.45000 1.18000
v -0.00000 0.24000 -0.00800
vt 0.48400 0.98000
v 0.00919 0.34000 -0.02793
vt 0.44414 1.18000
vn 0.29968 0.15989 0.94055
f 988/988/330 989/989/330 990/990/330
v -0.00000 0.34000 -0.02500
vt 0.45000 1.18000
v -0.00919 0.34000 -0.02793
vt 0.44414 1.18000
v -0.00000 0.24000 -0.00800
vt 0.48400 0.98000
vn -0.29968 0.15989 0.94055
f 991/991/331 992/992/331 993/993/331
v -0.00919 0.34000 -0.04207
vt 0.41586 1.18000
v 0.00000 0.24000 -0.03200
vt 0.43600 0.98000
v -0.00990 0.24000 -0.02849
vt 0.44303 0.98000
vn -0.33197 -0.12468 -0.93501
f 994/994/332 995/995/332 996/996/332
v -0.00919 0.34000 -0.04207
vt 0.41586 1.18000
v -0.00990 0.24000 -0.02849
vt 0.44303 0.98000
v -0.01300 0.34000 -0.03500
vt 0.43000 1.18000
vn -0.87898 -0.05809 -0.47331
f 997/997/333 998/998/333 999/999/333
v 0.00990 0.24000 -0.02849
vt 0.44303 0.98000
v 0.00000 0.24000 -0.03200
vt 0.43600 0.98000
v 0.00919 0.34000 -0.04207
vt 0.41586 1.18000
vn 0.33197 -0.12468 -0.93501
f 1000/1000/334 1001/1001/334 1002/1002/334
v 0.01300 0.34000 -0.03500
vt 0.43000 1.18000
v 0.00990 0.24000 -0.01151
vt 0.47697 0.98000
v 0.01400 0.24000 -0.02000
vt 0.46000 0.98000
vn 0.89791 0.07407 0.43391
f 1003/1003/335 1004/1004/335 1005/1005/335
v 0.01300 0.34000 -0.03500
vt 0.43000 1.18000
v 0.00919 0.34000 -0.02793
vt 0.44414 1.18000
v 0.00990 0.24000 -0.01151
vt 0.47697 0.98000
vn 0.87737 0.08375 0.47245
f 1006/1006/336 1007/1007/336 1008/1008/336
v 0.01300 0.34000 -0.03500
vt 0.43000 1.18000
v 0.01400 0.24000 -0.02000
vt 0.46000 0.98000
v 0.00990 0.24000 -0.02849
vt 0.44303 0.98000
vn 0.89896 -0.05617 -0.43442
f 1009/1009/337 1010/1010/337 1011/1011/337
v 0.01300 0.34000 -0.03500
vt 0.43000 1.18000
v 0.00990 0.24000 -0.02849
vt 0.44303 0.98000
v 0.00919 0.34000 -0.04207
vt 0.41586 1.18000
vn 0.87898 -0.05809 -0.47331
f 1012/1012/338 1013/1013/338 1014/1014/338
v 0.00000 0.34000 -0.04500
vt 0.41000 1.18000
v 0.00919 0.34000 -0.04207
vt 0.41586 1.18000
v 0.00000 0.24000 -0.03200
vt 0.43600 0.98000
vn 0.30129 -0.12293 -0.94558
f 1015/1015/339 1016/1016/339 1017/1017/339
v 0.00000 0.34000 -0.04500
vt 0.41000 1.18000
v 0.00000 0.24000 -0.03200
vt 0.43600 0.98000
v -0.00919 0.34000 -0.04207
vt 0.41586 1.18000
vn -0.30129 -0.12293 -0.94558
f 1018/1018/340 1019/1019/340 1020/1020/340
v 0.00990 0.24000 -0.02849
vt 0.44303 0.98000
v -0.01400 0.24000 -0.02000
vt 0.46000 0.98000
v -0.00990 0.24000 -0.02849
vt 0.44303 0.98000
vn -0.00000 -1.00000 -0.00000
f 1021/1021/341 1022/1022/341 1023/1023/341
v 0.00990 0.24000 -0.02849
vt 0.44303 0.98000
v -0.00990 0.24000 -0.01151
vt 0.47697 0.98000
v -0.01400 0.24000 -0.02000
vt 0.46000 0.98000
vn -0.00000 -1.00000 -0.00000
f 1024/1024/342 1025/1025/342 1026/1026/342
v 0.00990 0.24000 -0.02849
vt 0.44303 0.98000
v 0.01400 0.24000 -0.02000
vt 0.46000 0.98000
v 0.00990 0.24000 -0.01151
vt 0.47697 0.98000
vn -0.00000 -1.00000 -0.00000
f 1027/1027/343 1028/1028/343 1029/1029/343
v 0.00990 0.24000 -0.02849
vt 0.44303 0.98000
v -0.00000 0.24000 -0.00800
vt 0.48400 0.98000
v -0.00990 0.24000 -0.01151
vt 0.47697 0.98000
vn -0.00000 -1.00000 -0.00000
f 1030/1030/344 1031/1031/344 1032/1032/344
v 0.00990 0.24000 -0.02849
vt 0.44303 0.98000
v 0.00990 0.24000 -0.01151
vt 0.47697 0.98000
v -0.00000 0.24000 -0.00800
vt 0.48400 0.98000
vn -0.00000 -1.00000 -0.00000
f 1033/1033/345 1034/1034/345 1035/1035/345
v 0.00990 0.24000 -0.02849
vt 0.44303 0.98000
v -0.00990 0.24000 -0.02849
vt 0.44303 0.98000
v 0.00000 0.24000 -0.03200
vt 0.43600 0.98000
vn -0.00000 -1.00000 -0.00000
f 1036/1036/346 1037/1037/346 1038/1038/346
v 0.00000 0.34000 -0.04500
vt 0.41000 1.18000
v -0.00000 0.34000 -0.02500
vt 0.45000 1.18000
v 0.00919 0.34000 -0.02793
vt 0.44414 1.18000
vn -0.00000 1.00000 0.00000
f 1039/1039/347 1040/1040/347 1041/1041/347
v 0.00000 0.34000 -0.04500
vt 0.41000 1.18000
v -0.01300 0.34000 -0.03500
vt 0.43000 1.18000
v -0.00919 0.34000 -0.02793
vt 0.44414 1.18000
vn -0.00000 1.00000 0.00000
f 1042/1042/348 1043/1043/348 1044/1044/348
v 0.00000 0.34000 -0.04500
vt 0.41000 1.18000
v -0.00919 0.34000 -0.04207
vt 0.41586 1.18000
v -0.01300 0.34000 -0.03500
vt 0.43000 1.18000
vn -0.00000 1.00000 0.00000
f 1045/1045/349 1046/1046/349 1047/1047/349
v 0.00000 0.34000 -0.04500
vt 0.41000 1.18000
v -0.00919 0.34000 -0.02793
vt 0.44414 1.18000
v -0.00000 0.34000 -0.02500
vt 0.45000 1.18000
vn -0.00000 1.00000 0.00000
f 1048/1048/350 1049/1049/350 1050/1050/350
v 0.00000 0.34000 -0.04500
vt 0.41000 1.18000
v 0.00919 0.34000 -0.02793
vt 0.44414 1.18000
v 0.01300 0.34000 -0.03500
vt 0.43000 1.18000
vn -0.00000 1.00000 0.00000
f 1051/1051/351 1052/1052/351 1053/1053/351
v 0.00000 0.34000 -0.04500
vt 0.41000 1.18000
v 0.01300 0.34000 -0.03500
vt 0.43000 1.18000
v 0.00919 0.34000 -0.04207
vt 0.41586 1.18000
vn -0.00000 1.00000 0.00000
f 1054/1054/352 1055/1055/352 1056/1056/352
v 0.00919 0.34000 -0.02793
vt 0.44414 1.18000
v 0.01300 0.34000 -0.03500
vt 0.43000 1.18000
v 0.00778 0.44000 -0.04864
vt 0.40273 1.38000
vn 0.87513 0.10996 0.47124
f 1057/1057/353 1058/1058/353 1059/1059/353
v -0.00778 0.44000 -0.04864
vt 0.40273 1.38000
v -0.01300 0.34000 -0.03500
vt 0.43000 1.18000
v -0.00919 0.34000 -0.02793
vt 0.44414 1.18000
vn -0.87513 0.10996 0.47124
f 1060/1060/354 1061/1061/354 1062/1062/354
v -0.00778 0.44000 -0.04864
vt 0.40273 1.38000
v -0.01100 0.44000 -0.05500
vt 0.39000 1.38000
v -0.01300 0.34000 -0.03500
vt 0.43000 1.18000
vn -0.88701 0.10755 0.44906
f 1063/1063/355 1064/1064/355 1065/1065/355
v -0.00778 0.44000 -0.06136
vt 0.37727 1.38000
v -0.00919 0.34000 -0.04207
vt 0.41586 1.18000
v -0.01300 0.34000 -0.03500
vt 0.43000 1.18000
vn -0.87773 -0.07877 -0.47264
f 1066/1066/356 1067/1067/356 1068/1068/356
v -0.00778 0.44000 -0.06136
vt 0.37727 1.38000
v -0.01300 0.34000 -0.03500
vt 0.43000 1.18000
v -0.01100 0.44000 -0.05500
vt 0.39000 1.38000
vn -0.88985 -0.07230 -0.45049
f 1069/1069/357 1070/1070/357 1071/1071/357
v 0.00919 0.34000 -0.04207
vt 0.41586 1.18000
v 0.00778 0.44000 -0.06136
vt 0.37727 1.38000
v 0.01300 0.34000 -0.03500
vt 0.43000 1.18000
vn 0.87773 -0.07877 -0.47264
f 1072/1072/358 1073/1073/358 1074/1074/358
v 0.01100 0.44000 -0.05500
vt 0.39000 1.38000
v 0.00778 0.44000 -0.04864
vt 0.40273 1.38000
v 0.01300 0.34000 -0.03500
vt 0.43000 1.18000
vn 0.88701 0.10755 0.44906
f 1075/1075/359 1076/1076/359 1077/1077/359
v 0.01100 0.44000 -0.05500
vt 0.39000 1.38000
v 0.01300 0.34000 -0.03500
vt 0.43000 1.18000
v 0.00778 0.44000 -0.06136
vt 0.37727 1.38000
vn 0.88985 -0.07230 -0.45049
f 1078/1078/360 1079/1079/360 1080/1080/360
v -0.00000 0.44000 -0.04600
vt 0.40800 1.38000
v -0.00919 0.34000 -0.02793
vt 0.44414 1.18000
v -0.00000 0.34000 -0.02500
vt 0.45000 1.18000
vn -0.29769 0.19620 0.93428
f 1081/1081/361 1082/1082/361 1083/1083/361
v -0.00000 0.44000 -0.04600
vt 0.40800 1.38000
v -0.00778 0.44000 -0.04864
vt 0.40273 1.38000
v -0.00919 0.34000 -0.02793
vt 0.44414 1.18000
vn -0.31470 0.19673 0.92858
f 1084/1084/362 1085/1085/362 1086/1086/362
v -0.00000 0.44000 -0.04600
vt 0.40800 1.38000
v -0.00000 0.34000 -0.02500
vt 0.45000 1.18000
v 0.00919 0.34000 -0.02793
vt 0.44414 1.18000
vn 0.29769 0.19620 0.93428
f 1087/1087/363 1088/1088/363 1089/1089/363
v -0.00000 0.44000 -0.04600
vt 0.40800 1.38000
v 0.00919 0.34000 -0.02793
vt 0.44414 1.18000
v 0.00778 0.44000 -0.04864
vt 0.40273 1.38000
vn 0.31470 0.19673 0.92858
f 1090/1090/364 1091/1091/364 1092/1092/364
v 0.00000 0.44000 -0.06400
vt 0.37200 1.38000
v 0.00000 0.34000 -0.04500
vt 0.41000 1.18000
v -0.00919 0.34000 -0.04207
vt 0.41586 1.18000
vn -0.29873 -0.17814 -0.93756
f 1093/1093/365 1094/1094/365 1095/1095/365
v 0.00000 0.44000 -0.06400
vt 0.37200 1.38000
v -0.00919 0.34000 -0.04207
vt 0.41586 1.18000
v -0.00778 0.44000 -0.06136
vt 0.37727 1.38000
vn -0.31599 -0.17542 -0.93240
f 1096/1096/366 1097/1097/366 1098/1098/366
v 0.00000 0.44000 -0.06400
vt 0.37200 1.38000
v 0.00919 0.34000 -0.04207
vt 0.41586 1.18000
v 0.00000 0.34000 -0.04500
vt 0.41000 1.18000
vn 0.29873 -0.17814 -0.93756
f 1099/1099/367 1100/1100/367 1101/1101/367
v 0.00000 0.44000 -0.06400
vt 0.37200 1.38000
v 0.00778 0.44000 -0.06136
vt 0.37727 1.38000
v 0.00919 0.34000 -0.04207
vt 0.41586 1.18000
vn 0.31599 -0.17542 -0.93240
f 1102/1102/368 1103/1103/368 1104/1104/368
v 0.00919 0.34000 -0.04207
vt 0.41586 1.18000
v -0.01300 0.34000 -0.03500
vt 0.43000 1.18000
v -0.00919 0.34000 -0.04207
vt 0.41586 1.18000
vn -0.00000 -1.00000 -0.00000
f 1105/1105/369 1106/1106/369 1107/1107/369
v 0.00919 0.34000 -0.04207
vt 0.41586 1.18000
v -0.00919 0.34000 -0.02793
vt 0.44414 1.18000
v -0.01300 0.34000 -0.03500
vt 0.43000 1.18000
vn -0.00000 -1.00000 -0.00000
f 1108/1108/370 1109/1109/370 1110/1110/370
v 0.00919 0.34000 -0.04207
vt 0.41586 1.18000
v 0.01300 0.34000 -0.03500
vt 0.43000 1.18000
v 0.00919 0.34000 -0.02793
vt 0.44414 1.18000
vn -0.00000 -1.00000 -0.00000
f 1111/1111/371 1112/1112/371 1113/1113/371
v 0.00919 0.34000 -0.04207
vt 0.41586 1.18000
v -0.00000 0.34000 -0.02500
vt 0.45000 1.18000
v -0.00919 0.34000 -0.02793
vt 0.44414 1.18000
vn -0.00000 -1.00000 -0.00000
f 1114/1114/372 1115/1115/372 1116/1116/372
v 0.00919 0.34000 -0.04207
vt 0.41586 1.18000
v 0.00919 0.34000 -0.02793
vt 0.44414 1.18000
v -0.00000 0.34000 -0.02500
vt 0.45000 1.18000
vn -0.00000 -1.00000 -0.00000
f 1117/1117/373 1118/1118/373 1119/1119/373
v 0.00919 0.34000 -0.04207
vt 0.41586 1.18000
v -0.00919 0.34000 -0.04207
vt 0.41586 1.18000
v 0.00000 0.34000 -0.04500
vt 0.41000 1.18000
vn -0.00000 -1.00000 -0.00000
f 1120/1120/374 1121/1121/374 1122/1122/374
v 0.00000 0.44000 -0.06400
vt 0.37200 1.38000
v -0.00778 0.44000 -0.06136
vt 0.37727 1.38000
v -0.01100 0.44000 -0.05500
vt 0.39000 1.38000
vn 0.00000 1.00000 -0.00000
f 1123/1123/375 1124/1124/375 1125/1125/375
v 0.00000 0.44000 -0.06400
vt 0.37200 1.38000
v -0.01100 0.44000 -0.05500
vt 0.39000 1.38000
v -0.00778 0.44000 -0.04864
vt 0.40273 1.38000
vn 0.00000 1.00000 -0.00000
f 1126/1126/376 1127/1127/376 1128/1128/376
v 0.00000 0.44000 -0.06400
vt 0.37200 1.38000
v 0.00778 0.44000 -0.04864
vt 0.40273 1.38000
v 0.01100 0.44000 -0.05500
vt 0.39000 1.38000
vn 0.00000 1.00000 -0.00000
f 1129/1129/377 1130/1130/377 1131/1131/377
v 0.00000 0.44000 -0.06400
vt 0.37200 1.38000
v -0.00000 0.44000 -0.04600
vt 0.40800 1.38000
v 0.00778 0.44000 -0.04864
vt 0.40273 1.38000
vn 0.00000 1.00000 -0.00000
f 1132/1132/378 1133/1133/378 1134/1134/378
v 0.00000 0.44000 -0.06400
vt 0.37200 1.38000
v 0.01100 0.44000 -0.05500
vt 0.39000 1.38000
v 0.00778 0.44000 -0.06136
vt 0.37727 1.38000
vn 0.00000 1.00000 -0.00000
f 1135/1135/379 1136/1136/379 1137/1137/379
v 0.00000 0.44000 -0.06400
vt 0.37200 1.38000
v -0.00778 0.44000 -0.04864
vt 0.40273 1.38000
v -0.00000 0.44000 -0.04600
vt 0.40800 1.38000
vn 0.00000 1.00000 -0.00000
f 1138/1138/380 1139/1139/380 1140/1140/380
v 0.00778 0.44000 -0.04864
vt 0.40273 1.38000
v 0.00636 0.52000 -0.07005
vt 0.35990 1.54000
v -0.00000 0.44000 -0.04600
vt 0.40800 1.38000
vn 0.31070 0.25090 0.91680
f 1141/1141/381 1142/1142/381 1143/1143/381
v 0.00778 0.44000 -0.04864
vt 0.40273 1.38000
v 0.01100 0.44000 -0.05500
vt 0.39000 1.38000
v 0.00900 0.52000 -0.07500
vt 0.35000 1.54000
vn 0.88413 0.13400 0.44760
f 1144/1144/382 1145/1145/382 1146/1146/382
v 0.00778 0.44000 -0.04864
vt 0.40273 1.38000
v 0.00900 0.52000 -0.07500
vt 0.35000 1.54000
v 0.00636 0.52000 -0.07005
vt 0.35990 1.54000
vn 0.87394 0.14003 0.46543
f 1147/1147/383 1148/1148/383 1149/1149/383
v 0.00778 0.44000 -0.06136
vt 0.37727 1.38000
v 0.00900 0.52000 -0.07500
vt 0.35000 1.54000
v 0.01100 0.44000 -0.05500
vt 0.39000 1.38000
vn 0.88854 -0.09024 -0.44983
f 1150/1150/384 1151/1151/384 1152/1152/384
v -0.00778 0.44000 -0.04864
vt 0.40273 1.38000
v -0.00000 0.44000 -0.04600
vt 0.40800 1.38000
v -0.00636 0.52000 -0.07005
vt 0.35990 1.54000
vn -0.31070 0.25090 0.91680
f 1153/1153/385 1154/1154/385 1155/1155/385
v -0.00000 0.52000 -0.06800
vt 0.36400 1.54000
v -0.00000 0.44000 -0.04600
vt 0.40800 1.38000
v 0.00636 0.52000 -0.07005
vt 0.35990 1.54000
vn 0.29665 0.25322 0.92080
f 1156/1156/386 1157/1157/386 1158/1158/386
v -0.00000 0.52000 -0.06800
vt 0.36400 1.54000
v -0.00636 0.52000 -0.07005
vt 0.35990 1.54000
v -0.00000 0.44000 -0.04600
vt 0.40800 1.38000
vn -0.29665 0.25322 0.92080
f 1159/1159/387 1160/1160/387 1161/1161/387
v -0.00900 0.52000 -0.07500
vt 0.35000 1.54000
v -0.00778 0.44000 -0.06136
vt 0.37727 1.38000
v -0.01100 0.44000 -0.05500
vt 0.39000 1.38000
vn -0.88854 -0.09024 -0.44983
f 1162/1162/388 1163/1163/388 1164/1164/388
v -0.00900 0.52000 -0.07500
vt 0.35000 1.54000
v -0.01100 0.44000 -0.05500
vt 0.39000 1.38000
v -0.00778 0.44000 -0.04864
vt 0.40273 1.38000
vn -0.88413 0.13400 0.44760
f 1165/1165/389 1166/1166/389 1167/1167/389
v -0.00900 0.52000 -0.07500
vt 0.35000 1.54000
v -0.00778 0.44000 -0.04864
vt 0.40273 1.38000
v -0.00636 0.52000 -0.07005
vt 0.35990 1.54000
vn -0.87394 0.14003 0.46543
f 1168/1168/390 1169/1169/390 1170/1170/390
v 0.00636 0.52000 -0.07995
vt 0.34010 1.54000
v 0.00900 0.52000 -0.07500
vt 0.35000 1.54000
v 0.00778 0.44000 -0.06136
vt 0.37727 1.38000
vn 0.87879 -0.09319 -0.46801
f 1171/1171/391 1172/1172/391 1173/1173/391
v 0.00636 0.52000 -0.07995
vt 0.34010 1.54000
v 0.00778 0.44000 -0.06136
vt 0.37727 1.38000
v 0.00000 0.44000 -0.06400
vt 0.37200 1.38000
vn 0.31384 -0.20959 -0.92605
f 1174/1174/392 1175/1175/392 1176/1176/392
v 0.00636 0.52000 -0.07995
vt 0.34010 1.54000
v 0.00000 0.44000 -0.06400
vt 0.37200 1.38000
v 0.00000 0.52000 -0.08200
vt 0.33600 1.54000
vn 0.29985 -0.20941 -0.93072
f 1177/1177/393 1178/1178/393 1179/1179/393
v -0.00636 0.52000 -0.07995
vt 0.34010 1.54000
v -0.00778 0.44000 -0.06136
vt 0.37727 1.38000
v -0.00900 0.52000 -0.07500
vt 0.35000 1.54000
vn -0.87879 -0.09319 -0.46801
f 1180/1180/394 1181/1181/394 1182/1182/394
v -0.00636 0.52000 -0.07995
vt 0.34010 1.54000
v 0.00000 0.44000 -0.06400
vt 0.37200 1.38000
v -0.00778 0.44000 -0.06136
vt 0.37727 1.38000
vn -0.31384 -0.20959 -0.92605
f 1183/1183/395 1184/1184/395 1185/1185/395
v -0.00636 0.52000 -0.07995
vt 0.34010 1.54000
v 0.00000 0.52000 -0.08200
vt 0.33600 1.54000
v 0.00000 0.44000 -0.06400
vt 0.37200 1.38000
vn -0.29985 -0.20941 -0.93072
f 1186/1186/396 1187/1187/396 1188/1188/396
v -0.00778 0.44000 -0.04864
vt 0.40273 1.38000
v 0.00778 0.44000 -0.06136
vt 0.37727 1.38000
v 0.01100 0.44000 -0.05500
vt 0.39000 1.38000
vn -0.00000 -1.00000 -0.00000
f 1189/1189/397 1190/1190/397 1191/1191/397
v -0.00778 0.44000 -0.04864
vt 0.40273 1.38000
v -0.01100 0.44000 -0.05500
vt 0.39000 1.38000
v -0.00778 0.44000 -0.06136
vt 0.37727 1.38000
vn -0.00000 -1.00000 -0.00000
f 1192/1192/398 1193/1193/398 1194/1194/398
v -0.00778 0.44000 -0.04864
vt 0.40273 1.38000
v 0.01100 0.44000 -0.05500
vt 0.39000 1.38000
v 0.00778 0.44000 -0.04864
vt 0.40273 1.38000
vn -0.00000 -1.00000 -0.00000
f 1195/1195/399 1196/1196/399 1197/1197/399
v -0.00778 0.44000 -0.04864
vt 0.40273 1.38000
v 0.00778 0.44000 -0.04864
vt 0.40273 1.38000
v -0.00000 0.44000 -0.04600
vt 0.40800 1.38000
vn -0.00000 -1.00000 -0.00000
f 1198/1198/400 1199/1199/400 1200/1200/400
v -0.00778 0.44000 -0.04864
vt 0.40273 1.38000
v -0.00778 0.44000 -0.06136
vt 0.37727 1.38000
v 0.00000 0.44000 -0.06400
vt 0.37200 1.38000
vn -0.00000 -1.00000 -0.00000
f 1201/1201/401 1202/1202/401 1203/1203/401
v -0.00778 0.44000 -0.04864
vt 0.40273 1.38000
v 0.00000 0.44000 -0.06400
vt 0.37200 1.38000
v 0.00778 0.44000 -0.06136
vt 0.37727 1.38000
vn -0.00000 -1.00000 -0.00000
f 1204/1204/402 1205/1205/402 1206/1206/402
v -0.00636 0.52000 -0.07995
vt 0.34010 1.54000
v 0.00636 0.52000 -0.07005
vt 0.35990 1.54000
v 0.00900 0.52000 -0.07500
vt 0.35000 1.54000
vn 0.00000 1.00000 -0.00000
f 1207/1207/403 1208/1208/403 1209/1209/403
v -0.00636 0.52000 -0.07995
vt 0.34010 1.54000
v 0.00636 0.52000 -0.07995
vt 0.34010 1.54000
v 0.00000 0.52000 -0.08200
vt 0.33600 1.54000
vn 0.00000 1.00000 -0.00000
f 1210/1210/404 1211/1211/404 1212/1212/404
v -0.00636 0.52000 -0.07995
vt 0.34010 1.54000
v -0.00000 0.52000 -0.06800
vt 0.36400 1.54000
v 0.00636 0.52000 -0.07005
vt 0.35990 1.54000
vn 0.00000 1.00000 -0.00000
f 1213/1213/405 1214/1214/405 1215/1215/405
v -0.00636 0.52000 -0.07995
vt 0.34010 1.54000
v -0.00636 0.52000 -0.07005
vt 0.35990 1.54000
v -0.00000 0.52000 -0.06800
vt 0.36400 1.54000
vn 0.00000 1.00000 -0.00000
f 1216/1216/406 1217/1217/406 1218/1218/406
v -0.00636 0.52000 -0.07995
vt 0.34010 1.54000
v -0.00900 0.52000 -0.07500
vt 0.35000 1.54000
v -0.00636 0.52000 -0.07005
vt 0.35990 1.54000
vn 0.00000 1.00000 -0.00000
f 1219/1219/407 1220/1220/407 1221/1221/407
v -0.00636 0.52000 -0.07995
vt 0.34010 1.54000
v 0.00900 0.52000 -0.07500
vt 0.35000 1.54000
v 0.00636 0.52000 -0.07995
vt 0.34010 1.54000
vn 0.00000 1.00000 -0.00000
f 1222/1222/408 1223/1223/408 1224/1224/408
v 0.00636 0.52000 -0.07005
vt 0.35990 1.54000
v 0.00900 0.52000 -0.07500
vt 0.35000 1.54000
v 0.00495 0.56000 -0.07576
vt 0.34849 1.62000
vn 0.87840 0.09780 0.46780
f 1225/1225/409 1226/1226/409 1227/1227/409
v -0.00495 0.56000 -0.07576
vt 0.34849 1.62000
v -0.00900 0.52000 -0.07500
vt 0.35000 1.54000
v -0.00636 0.52000 -0.07005
vt 0.35990 1.54000
vn -0.87840 0.09780 0.46780
f 1228/1228/410 1229/1229/410 1230/1230/410
v -0.00495 0.56000 -0.07576
vt 0.34849 1.62000
v -0.00700 0.56000 -0.08000
vt 0.34000 1.62000
v -0.00900 0.52000 -0.07500
vt 0.35000 1.54000
vn -0.89596 0.09892 0.43297
f 1231/1231/411 1232/1232/411 1233/1233/411
v -0.00495 0.56000 -0.08424
vt 0.33151 1.62000
v -0.00636 0.52000 -0.07995
vt 0.34010 1.54000
v -0.00900 0.52000 -0.07500
vt 0.35000 1.54000
vn -0.88247 -0.01924 -0.46997
f 1234/1234/412 1235/1235/412 1236/1236/412
v -0.00495 0.56000 -0.08424
vt 0.33151 1.62000
v -0.00900 0.52000 -0.07500
vt 0.35000 1.54000
v -0.00700 0.56000 -0.08000
vt 0.34000 1.62000
vn -0.90034 -0.00937 -0.43509
f 1237/1237/413 1238/1238/413 1239/1239/413
v 0.00636 0.52000 -0.07995
vt 0.34010 1.54000
v 0.00495 0.56000 -0.08424
vt 0.33151 1.62000
v 0.00900 0.52000 -0.07500
vt 0.35000 1.54000
vn 0.88247 -0.01924 -0.46997
f 1240/1240/414 1241/1241/414 1242/1242/414
v 0.00700 0.56000 -0.08000
vt 0.34000 1.62000
v 0.00495 0.56000 -0.07576
vt 0.34849 1.62000
v 0.00900 0.52000 -0.07500
vt 0.35000 1.54000
vn 0.89596 0.09892 0.43297
f 1243/1243/415 1244/1244/415 1245/1245/415
v 0.00700 0.56000 -0.08000
vt 0.34000 1.62000
v 0.00900 0.52000 -0.07500
vt 0.35000 1.54000
v 0.00495 0.56000 -0.08424
vt 0.33151 1.62000
vn 0.90034 -0.00937 -0.43509
f 1246/1246/416 1247/1247/416 1248/1248/416
v -0.00000 0.56000 -0.07400
vt 0.35200 1.62000
v -0.00636 0.52000 -0.07005
vt 0.35990 1.54000
v -0.00000 0.52000 -0.06800
vt 0.36400 1.54000
vn -0.30357 0.14134 0.94227
f 1249/1249/417 1250/1250/417 1251/1251/417
v -0.00000 0.56000 -0.07400
vt 0.35200 1.62000
v -0.00495 0.56000 -0.07576
vt 0.34849 1.62000
v -0.00636 0.52000 -0.07005
vt 0.35990 1.54000
vn -0.33106 0.14474 0.93244
f 1252/1252/418 1253/1253/418 1254/1254/418
v -0.00000 0.56000 -0.07400
vt 0.35200 1.62000
v -0.00000 0.52000 -0.06800
vt 0.36400 1.54000
v 0.00636 0.52000 -0.07005
vt 0.35990 1.54000
vn 0.30357 0.14134 0.94227
f 1255/1255/419 1256/1256/419 1257/1257/419
v -0.00000 0.56000 -0.07400
vt 0.35200 1.62000
v 0.00636 0.52000 -0.07005
vt 0.35990 1.54000
v 0.00495 0.56000 -0.07576
vt 0.34849 1.62000
vn 0.33106 0.14474 0.93244
f 1258/1258/420 1259/1259/420 1260/1260/420
v 0.00000 0.56000 -0.08600
vt 0.32800 1.62000
v 0.00000 0.52000 -0.08200
vt 0.33600 1.54000
v -0.00636 0.52000 -0.07995
vt 0.34010 1.54000
vn -0.30527 -0.09475 -0.94754
f 1261/1261/421 1262/1262/421 1263/1263/421
v 0.00000 0.56000 -0.08600
vt 0.32800 1.62000
v -0.00636 0.52000 -0.07995
vt 0.34010 1.54000
v -0.00495 0.56000 -0.08424
vt 0.33151 1.62000
vn -0.33325 -0.08895 -0.93863
f 1264/1264/422 1265/1265/422 1266/1266/422
v 0.00000 0.56000 -0.08600
vt 0.32800 1.62000
v 0.00636 0.52000 -0.07995
vt 0.34010 1.54000
v 0.00000 0.52000 -0.08200
vt 0.33600 1.54000
vn 0.30527 -0.09475 -0.94754
f 1267/1267/423 1268/1268/423 1269/1269/423
v 0.00000 0.56000 -0.08600
vt 0.32800 1.62000
v 0.00495 0.56000 -0.08424
vt 0.33151 1.62000
v 0.00636 0.52000 -0.07995
vt 0.34010 1.54000
vn 0.33325 -0.08895 -0.93863
f 1270/1270/424 1271/1271/424 1272/1272/424
v 0.00636 0.52000 -0.07995
vt 0.34010 1.54000
v -0.00900 0.52000 -0.07500
vt 0.35000 1.54000
v -0.00636 0.52000 -0.07995
vt 0.34010 1.54000
vn -0.00000 -1.00000 -0.00000
f 1273/1273/425 1274/1274/425 1275/1275/425
v 0.00636 0.52000 -0.07995
vt 0.34010 1.54000
v -0.00636 0.52000 -0.07005
vt 0.35990 1.54000
v -0.00900 0.52000 -0.07500
vt 0.35000 1.54000
vn -0.00000 -1.00000 -0.00000
f 1276/1276/426 1277/1277/426 1278/1278/426
v 0.00636 0.52000 -0.07995
vt 0.34010 1.54000
v 0.00900 0.52000 -0.07500
vt 0.35000 1.54000
v 0.00636 0.52000 -0.07005
vt 0.35990 1.54000
vn -0.00000 -1.00000 -0.00000
f 1279/1279/427 1280/1280/427 1281/1281/427
v 0.00636 0.52000 -0.07995
vt 0.34010 1.54000
v -0.00000 0.52000 -0.06800
vt 0.36400 1.54000
v -0.00636 0.52000 -0.07005
vt 0.35990 1.54000
vn -0.00000 -1.00000 -0.00000
f 1282/1282/428 1283/1283/428 1284/1284/428
v 0.00636 0.52000 -0.07995
vt 0.34010 1.54000
v 0.00636 0.52000 -0.07005
vt 0.35990 1.54000
v -0.00000 0.52000 -0.06800
vt 0.36400 1.54000
vn -0.00000 -1.00000 -0.00000
f 1285/1285/429 1286/1286/429 1287/1287/429
v 0.00636 0.52000 -0.07995
vt 0.34010 1.54000
v -0.00636 0.52000 -0.07995
vt 0.34010 1.54000
v 0.00000 0.52000 -0.08200
vt 0.33600 1.54000
vn -0.00000 -1.00000 -0.00000
f 1288/1288/430 1289/1289/430 1290/1290/430
v 0.00000 0.56000 -0.08600
vt 0.32800 1.62000
v -0.00495 0.56000 -0.08424
vt 0.33151 1.62000
v -0.00700 0.56000 -0.08000
vt 0.34000 1.62000
vn 0.00000 1.00000 -0.00000
f 1291/1291/431 1292/1292/431 1293/1293/431
v 0.00000 0.56000 -0.08600
vt 0.32800 1.62000
v -0.00700 0.56000 -0.08000
vt 0.34000 1.62000
v -0.00495 0.56000 -0.07576
vt 0.34849 1.62000
vn 0.00000 1.00000 -0.00000
f 1294/1294/432 1295/1295/432 1296/1296/432
v 0.00000 0.56000 -0.08600
vt 0.32800 1.62000
v 0.00495 0.56000 -0.07576
vt 0.34849 1.62000
v 0.00700 0.56000 -0.08000
vt 0.34000 1.62000
vn 0.00000 1.00000 -0.00000
f 1297/1297/433 1298/1298/433 1299/1299/433
v 0.00000 0.56000 -0.08600
vt 0.32800 1.62000
v -0.00000 0.56000 -0.07400
vt 0.35200 1.62000
v 0.00495 0.56000 -0.07576
vt 0.34849 1.62000
vn 0.00000 1.00000 -0.00000
f 1300/1300/434 1301/1301/434 1302/1302/434
v 0.00000 0.56000 -0.08600
vt 0.32800 1.62000
v 0.00700 0.56000 -0.08000
vt 0.34000 1.62000
v 0.00495 0.56000 -0.08424
vt 0.33151 1.62000
vn 0.00000 1.00000 -0.00000
f 1303/1303/435 1304/1304/435 1305/1305/435
v 0.00000 0.56000 -0.08600
vt 0.32800 1.62000
v -0.00495 0.56000 -0.07576
vt 0.34849 1.62000
v -0.00000 0.56000 -0.07400
vt 0.35200 1.62000
vn 0.00000 1.00000 -0.00000
f 1306/1306/436 1307/1307/436 1308/1308/436
v 0.00495 0.56000 -0.08424
vt 0.33151 1.62000
v 0.00354 0.59000 -0.07354
vt 0.35293 1.68000
v 0.00700 0.56000 -0.08000
vt 0.34000 1.62000
vn 0.88328 0.19398 -0.42684
f 1309/1309/437 1310/1310/437 1311/1311/437
v -0.00354 0.59000 -0.07354
vt 0.35293 1.68000
v -0.00495 0.56000 -0.08424
vt 0.33151 1.62000
v -0.00700 0.56000 -0.08000
vt 0.34000 1.62000
vn -0.88328 0.19398 -0.42684
f 1312/1312/438 1313/1313/438 1314/1314/438
v -0.00354 0.59000 -0.07354
vt 0.35293 1.68000
v -0.00700 0.56000 -0.08000
vt 0.34000 1.62000
v -0.00500 0.59000 -0.07000
vt 0.36000 1.68000
vn -0.90778 0.18586 -0.37602
f 1315/1315/439 1316/1316/439 1317/1317/439
v -0.00354 0.59000 -0.06646
vt 0.36707 1.68000
v -0.00700 0.56000 -0.08000
vt 0.34000 1.62000
v -0.00495 0.56000 -0.07576
vt 0.34849 1.62000
vn -0.89656 -0.09194 0.43326
f 1318/1318/440 1319/1319/440 1320/1320/440
v -0.00354 0.59000 -0.06646
vt 0.36707 1.68000
v -0.00500 0.59000 -0.07000
vt 0.36000 1.68000
v -0.00700 0.56000 -0.08000
vt 0.34000 1.62000
vn -0.92188 -0.06583 0.38185
f 1321/1321/441 1322/1322/441 1323/1323/441
v 0.00495 0.56000 -0.07576
vt 0.34849 1.62000
v 0.00700 0.56000 -0.08000
vt 0.34000 1.62000
v 0.00354 0.59000 -0.06646
vt 0.36707 1.68000
vn 0.89656 -0.09194 0.43326
f 1324/1324/442 1325/1325/442 1326/1326/442
v 0.00500 0.59000 -0.07000
vt 0.36000 1.68000
v 0.00700 0.56000 -0.08000
vt 0.34000 1.62000
v 0.00354 0.59000 -0.07354
vt 0.35293 1.68000
vn 0.90778 0.18586 -0.37602
f 1327/1327/443 1328/1328/443 1329/1329/443
v 0.00500 0.59000 -0.07000
vt 0.36000 1.68000
v 0.00354 0.59000 -0.06646
vt 0.36707 1.68000
v 0.00700 0.56000 -0.08000
vt 0.34000 1.62000
vn 0.92188 -0.06583 0.38185
f 1330/1330/444 1331/1331/444 1332/1332/444
v 0.00000 0.59000 -0.07500
vt 0.35000 1.68000
v 0.00000 0.56000 -0.08600
vt 0.32800 1.62000
v -0.00495 0.56000 -0.08424
vt 0.33151 1.62000
vn -0.31623 0.32659 -0.89069
f 1333/1333/445 1334/1334/445 1335/1335/445
v 0.00000 0.59000 -0.07500
vt 0.35000 1.68000
v -0.00495 0.56000 -0.08424
vt 0.33151 1.62000
v -0.00354 0.59000 -0.07354
vt 0.35293 1.68000
vn -0.36145 0.32848 -0.87261
f 1336/1336/446 1337/1337/446 1338/1338/446
v 0.00000 0.59000 -0.07500
vt 0.35000 1.68000
v 0.00495 0.56000 -0.08424
vt 0.33151 1.62000
v 0.00000 0.56000 -0.08600
vt 0.32800 1.62000
vn 0.31623 0.32659 -0.89069
f 1339/1339/447 1340/1340/447 1341/1341/447
v 0.00000 0.59000 -0.07500
vt 0.35000 1.68000
v 0.00354 0.59000 -0.07354
vt 0.35293 1.68000
v 0.00495 0.56000 -0.08424
vt 0.33151 1.62000
vn 0.36145 0.32848 -0.87261
f 1342/1342/448 1343/1343/448 1344/1344/448
v -0.00000 0.59000 -0.06500
vt 0.37000 1.68000
v -0.00495 0.56000 -0.07576
vt 0.34849 1.62000
v -0.00000 0.56000 -0.07400
vt 0.35200 1.62000
vn -0.32196 -0.27205 0.90683
f 1345/1345/449 1346/1346/449 1347/1347/449
v -0.00000 0.59000 -0.06500
vt 0.37000 1.68000
v -0.00354 0.59000 -0.06646
vt 0.36707 1.68000
v -0.00495 0.56000 -0.07576
vt 0.34849 1.62000
vn -0.36963 -0.25899 0.89236
f 1348/1348/450 1349/1349/450 1350/1350/450
v -0.00000 0.59000 -0.06500
vt 0.37000 1.68000
v -0.00000 0.56000 -0.07400
vt 0.35200 1.62000
v 0.00495 0.56000 -0.07576
vt 0.34849 1.62000
vn 0.32196 -0.27205 0.90683
f 1351/1351/451 1352/1352/451 1353/1353/451
v -0.00000 0.59000 -0.06500
vt 0.37000 1.68000
v 0.00495 0.56000 -0.07576
vt 0.34849 1.62000
v 0.00354 0.59000 -0.06646
vt 0.36707 1.68000
vn 0.36963 -0.25899 0.89236
f 1354/1354/452 1355/1355/452 1356/1356/452
v 0.00495 0.56000 -0.07576
vt 0.34849 1.62000
v -0.00495 0.56000 -0.07576
vt 0.34849 1.62000
v -0.00700 0.56000 -0.08000
vt 0.34000 1.62000
vn 0.00000 -1.00000 0.00000
f 1357/1357/453 1358/1358/453 1359/1359/453
v 0.00495 0.56000 -0.07576
vt 0.34849 1.62000
v -0.00700 0.56000 -0.08000
vt 0.34000 1.62000
v -0.00495 0.56000 -0.08424
vt 0.33151 1.62000
vn 0.00000 -1.00000 0.00000
f 1360/1360/454 1361/1361/454 1362/1362/454
v 0.00495 0.56000 -0.07576
vt 0.34849 1.62000
v 0.00495 0.56000 -0.08424
vt 0.33151 1.62000
v 0.00700 0.56000 -0.08000
vt 0.34000 1.62000
vn 0.00000 -1.00000 0.00000
f 1363/1363/455 1364/1364/455 1365/1365/455
v 0.00495 0.56000 -0.07576
vt 0.34849 1.62000
v -0.00495 0.56000 -0.08424
vt 0.33151 1.62000
v 0.00000 0.56000 -0.08600
vt 0.32800 1.62000
vn 0.00000 -1.00000 0.00000
f 1366/1366/456 1367/1367/456 1368/1368/456
v 0.00495 0.56000 -0.07576
vt 0.34849 1.62000
v 0.00000 0.56000 -0.08600
vt 0.32800 1.62000
v 0.00495 0.56000 -0.08424
vt 0.33151 1.62000
vn 0.00000 -1.00000 0.00000
f 1369/1369/457 1370/1370/457 1371/1371/457
v 0.00495 0.56000 -0.07576
vt 0.34849 1.62000
v -0.00000 0.56000 -0.07400
vt 0.35200 1.62000
v -0.00495 0.56000 -0.07576
vt 0.34849 1.62000
vn 0.00000 -1.00000 0.00000
f 1372/1372/458 1373/1373/458 1374/1374/458
v -0.00000 0.59000 -0.06500
vt 0.37000 1.68000
v -0.00500 0.59000 -0.07000
vt 0.36000 1.68000
v -0.00354 0.59000 -0.06646
vt 0.36707 1.68000
vn -0.00000 1.00000 0.00000
f 1375/1375/459 1376/1376/459 1377/1377/459
v -0.00000 0.59000 -0.06500
vt 0.37000 1.68000
v -0.00354 0.59000 -0.07354
vt 0.35293 1.68000
v -0.00500 0.59000 -0.07000
vt 0.36000 1.68000
vn -0.00000 1.00000 0.00000
f 1378/1378/460 1379/1379/460 1380/1380/460
v -0.00000 0.59000 -0.06500
vt 0.37000 1.68000
v 0.00500 0.59000 -0.07000
vt 0.36000 1.68000
v 0.00354 0.59000 -0.07354
vt 0.35293 1.68000
vn -0.00000 1.00000 0.00000
f 1381/1381/461 1382/1382/461 1383/1383/461
v -0.00000 0.59000 -0.06500
vt 0.37000 1.68000
v 0.00354 0.59000 -0.07354
vt 0.35293 1.68000
v 0.00000 0.59000 -0.07500
vt 0.35000 1.68000
vn -0.00000 1.00000 0.00000
f 1384/1384/462 1385/1385/462 1386/1386/462
v -0.00000 0.59000 -0.06500
vt 0.37000 1.68000
v 0.00354 0.59000 -0.06646
vt 0.36707 1.68000
v 0.00500 0.59000 -0.07000
vt 0.36000 1.68000
vn -0.00000 1.00000 0.00000
f 1387/1387/463 1388/1388/463 1389/1389/463
v -0.00000 0.59000 -0.06500
vt 0.37000 1.68000
v 0.00000 0.59000 -0.07500
vt 0.35000 1.68000
v -0.00354 0.59000 -0.07354
vt 0.35293 1.68000
vn -0.00000 1.00000 0.00000
f 1390/1390/464 1391/1391/464 1392/1392/464
o Brass
usemtl Brass
v -0.00800 -0.56200 -0.08346
vt 0.33307 -0.62400
v 0.00800 -0.56200 -0.08346
vt 0.33307 -0.62400
v 0.00800 -0.56400 -0.08000
vt 0.34000 -0.62800
vn 0.00000 -0.86603 -0.50000
f 1393/1393/465 1394/1394/465 1395/1395/465
v -0.00800 -0.56200 -0.08346
vt 0.33307 -0.62400
v 0.00800 -0.56400 -0.08000
vt 0.34000 -0.62800
v -0.00800 -0.56400 -0.08000
vt 0.34000 -0.62800
vn 0.00000 -0.86603 -0.50000
f 1396/1396/466 1397/1397/466 1398/1398/466
v 0.00800 -0.56200 -0.07654
vt 0.34693 -0.62400
v 0.00800 -0.55800 -0.08346
vt 0.33307 -0.61600
v 0.00800 -0.55600 -0.08000
vt 0.34000 -0.61200
vn 1.00000 -0.00000 0.00000
f 1399/1399/467 1400/1400/467 1401/1401/467
v 0.00800 -0.56200 -0.07654
vt 0.34693 -0.62400
v 0.00800 -0.56400 -0.08000
vt 0.34000 -0.62800
v 0.00800 -0.56200 -0.08346
vt 0.33307 -0.62400
vn 1.00000 -0.00000 0.00000
f 1402/1402/468 1403/1403/468 1404/1404/468
v 0.00800 -0.56200 -0.07654
vt 0.34693 -0.62400
v 0.00800 -0.56200 -0.08346
vt 0.33307 -0.62400
v 0.00800 -0.55800 -0.08346
vt 0.33307 -0.61600
vn 1.00000 -0.00000 0.00000
f 1405/1405/469 1406/1406/469 1407/1407/469
v 0.00800 -0.56200 -0.07654
vt 0.34693 -0.62400
v 0.00800 -0.55600 -0.08000
vt 0.34000 -0.61200
v 0.00800 -0.55800 -0.07654
vt 0.34693 -0.61600
vn 1.00000 -0.00000 0.00000
f 1408/1408/470 1409/1409/470 1410/1410/470
v -0.00800 -0.55800 -0.08346
vt 0.33307 -0.61600
v 0.00800 -0.55600 -0.08000
vt 0.34000 -0.61200
v 0.00800 -0.55800 -0.08346
vt 0.33307 -0.61600
vn -0.00000 0.86603 -0.50000
f 1411/1411/471 1412/1412/471 1413/1413/471
v -0.00800 -0.55800 -0.08346
vt 0.33307 -0.61600
v -0.00800 -0.55600 -0.08000
vt 0.34000 -0.61200
v 0.00800 -0.55600 -0.08000
vt 0.34000 -0.61200
vn -0.00000 0.86603 -0.50000
f 1414/1414/472 1415/1415/472 1416/1416/472
v -0.00800 -0.55800 -0.08346
vt 0.33307 -0.61600
v 0.00800 -0.55800 -0.08346
vt 0.33307 -0.61600
v 0.00800 -0.56200 -0.08346
vt 0.33307 -0.62400
vn -0.00000 0.00000 -1.00000
f 1417/1417/473 1418/1418/473 1419/1419/473
v -0.00800 -0.55800 -0.08346
vt 0.33307 -0.61600
v 0.00800 -0.56200 -0.08346
vt 0.33307 -0.62400
v -0.00800 -0.56200 -0.08346
vt 0.33307 -0.62400
vn -0.00000 0.00000 -1.00000
f 1420/1420/474 1421/1421/474 1422/1422/474
v -0.00800 -0.55800 -0.07654
vt 0.34693 -0.61600
v 0.00800 -0.55800 -0.07654
vt 0.34693 -0.61600
v 0.00800 -0.55600 -0.08000
vt 0.34000 -0.61200
vn 0.00000 0.86603 0.50000
f 1423/1423/475 1424/1424/475 1425/1425/475
v -0.00800 -0.55800 -0.07654
vt 0.34693 -0.61600
v 0.00800 -0.55600 -0.08000
vt 0.34000 -0.61200
v -0.00800 -0.55600 -0.08000
vt 0.34000 -0.61200
vn 0.00000 0.86603 0.50000
f 1426/1426/476 1427/1427/476 1428/1428/476
v -0.00800 -0.56200 -0.07654
vt 0.34693 -0.62400
v -0.00800 -0.56200 -0.08346
vt 0.33307 -0.62400
v -0.00800 -0.56400 -0.08000
vt 0.34000 -0.62800
vn -1.00000 0.00000 -0.00000
f 1429/1429/477 1430/1430/477 1431/1431/477
v -0.00800 -0.56200 -0.07654
vt 0.34693 -0.62400
v -0.00800 -0.55800 -0.08346
vt 0.33307 -0.61600
v -0.00800 -0.56200 -0.08346
vt 0.33307 -0.62400
vn -1.00000 0.00000 -0.00000
f 1432/1432/478 1433/1433/478 1434/1434/478
v -0.00800 -0.56200 -0.07654
vt 0.34693 -0.62400
v -0.00800 -0.55600 -0.08000
vt 0.34000 -0.61200
v -0.00800 -0.55800 -0.08346
vt 0.33307 -0.61600
vn -1.00000 0.00000 -0.00000
f 1435/1435/479 1436/1436/479 1437/1437/479
v -0.00800 -0.56200 -0.07654
vt 0.34693 -0.62400
v -0.00800 -0.55800 -0.07654
vt 0.34693 -0.61600
v -0.00800 -0.55600 -0.08000
vt 0.34000 -0.61200
vn -1.00000 0.00000 -0.00000
f 1438/1438/480 1439/1439/480 1440/1440/480
v -0.00800 -0.56200 -0.07654
vt 0.34693 -0.62400
v -0.00800 -0.56400 -0.08000
vt 0.34000 -0.62800
v 0.00800 -0.56400 -0.08000
vt 0.34000 -0.62800
vn -0.00000 -0.86603 0.50000
f 1441/1441/481 1442/1442/481 1443/1443/481
v -0.00800 -0.56200 -0.07654
vt 0.34693 -0.62400
v 0.00800 -0.56400 -0.08000
vt 0.34000 -0.62800
v 0.00800 -0.56200 -0.07654
vt 0.34693 -0.62400
vn -0.00000 -0.86603 0.50000
f 1444/1444/482 1445/1445/482 1446/1446/482
v -0.00800 -0.56200 -0.07654
vt 0.34693 -0.62400
v 0.00800 -0.56200 -0.07654
vt 0.34693 -0.62400
v 0.00800 -0.55800 -0.07654
vt 0.34693 -0.61600
vn -0.00000 0.00000 1.00000
f 1447/1447/483 1448/1448/483 1449/1449/483
v -0.00800 -0.56200 -0.07654
vt 0.34693 -0.62400
v 0.00800 -0.55800 -0.07654
vt 0.34693 -0.61600
v -0.00800 -0.55800 -0.07654
vt 0.34693 -0.61600
vn -0.00000 0.00000 1.00000
f 1450/1450/484 1451/1451/484 1452/1452/484
v -0.00800 0.56200 -0.08346
vt 0.33307 1.62400
v 0.00800 0.56400 -0.08000
vt 0.34000 1.62800
v 0.00800 0.56200 -0.08346
vt 0.33307 1.62400
vn -0.00000 0.86603 -0.50000
f 1453/1453/485 1454/1454/485 1455/1455/485
v -0.00800 0.56200 -0.08346
vt 0.33307 1.62400
v -0.00800 0.56400 -0.08000
vt 0.34000 1.62800
v 0.00800 0.56400 -0.08000
vt 0.34000 1.62800
vn -0.00000 0.86603 -0.50000
f 1456/1456/486 1457/1457/486 1458/1458/486
v -0.00800 0.56200 -0.08346
vt 0.33307 1.62400
v 0.00800 0.56200 -0.08346
vt 0.33307 1.62400
v 0.00800 0.55800 -0.08346
vt 0.33307 1.61600
vn 0.00000 -0.00000 -1.00000
f 1459/1459/487 1460/1460/487 1461/1461/487
v -0.00800 0.56200 -0.08346
vt 0.33307 1.62400
v 0.00800 0.55800 -0.08346
vt 0.33307 1.61600
v -0.00800 0.55800 -0.08346
vt 0.33307 1.61600
vn 0.00000 -0.00000 -1.00000
f 1462/1462/488 1463/1463/488 1464/1464/488
v 0.00800 0.55800 -0.07654
vt 0.34693 1.61600
v 0.00800 0.56400 -0.08000
vt 0.34000 1.62800
v 0.00800 0.56200 -0.07654
vt 0.34693 1.62400
vn 1.00000 -0.00000 0.00000
f 1465/1465/489 1466/1466/489 1467/1467/489
v 0.00800 0.55800 -0.07654
vt 0.34693 1.61600
v 0.00800 0.55600 -0.08000
vt 0.34000 1.61200
v 0.00800 0.55800 -0.08346
vt 0.33307 1.61600
vn 1.00000 -0.00000 0.00000
f 1468/1468/490 1469/1469/490 1470/1470/490
v 0.00800 0.55800 -0.07654
vt 0.34693 1.61600
v 0.00800 0.56200 -0.08346
vt 0.33307 1.62400
v 0.00800 0.56400 -0.08000
vt 0.34000 1.62800
vn 1.00000 -0.00000 0.00000
f 1471/1471/491 1472/1472/491 1473/1473/491
v 0.00800 0.55800 -0.07654
vt 0.34693 1.61600
v 0.00800 0.55800 -0.08346
vt 0.33307 1.61600
v 0.00800 0.56200 -0.08346
vt 0.33307 1.62400
vn 1.00000 -0.00000 0.00000
f 1474/1474/492 1475/1475/492 1476/1476/492
v -0.00800 0.55600 -0.08000
vt 0.34000 1.61200
v 0.00800 0.55800 -0.08346
vt 0.33307 1.61600
v 0.00800 0.55600 -0.08000
vt 0.34000 1.61200
vn 0.00000 -0.86603 -0.50000
f 1477/1477/493 1478/1478/493 1479/1479/493
v -0.00800 0.55600 -0.08000
vt 0.34000 1.61200
v -0.00800 0.55800 -0.08346
vt 0.33307 1.61600
v 0.00800 0.55800 -0.08346
vt 0.33307 1.61600
vn 0.00000 -0.86603 -0.50000
f 1480/1480/494 1481/1481/494 1482/1482/494
v -0.00800 0.55600 -0.08000
vt 0.34000 1.61200
v 0.00800 0.55600 -0.08000
vt 0.34000 1.61200
v 0.00800 0.55800 -0.07654
vt 0.34693 1.61600
vn -0.00000 -0.86603 0.50000
f 1483/1483/495 1484/1484/495 1485/1485/495
v -0.00800 0.55600 -0.08000
vt 0.34000 1.61200
v 0.00800 0.55800 -0.07654
vt 0.34693 1.61600
v -0.00800 0.55800 -0.07654
vt 0.34693 1.61600
vn -0.00000 -0.86603 0.50000
f 1486/1486/496 1487/1487/496 1488/1488/496
v -0.00800 0.56200 -0.07654
vt 0.34693 1.62400
v -0.00800 0.56400 -0.08000
vt 0.34000 1.62800
v -0.00800 0.56200 -0.08346
vt 0.33307 1.62400
vn -1.00000 -0.00000 -0.00000
f 1489/1489/497 1490/1490/497 1491/1491/497
v -0.00800 0.56200 -0.07654
vt 0.34693 1.62400
v -0.00800 0.55800 -0.08346
vt 0.33307 1.61600
v -0.00800 0.55600 -0.08000
vt 0.34000 1.61200
vn -1.00000 -0.00000 -0.00000
f 1492/1492/498 1493/1493/498 1494/1494/498
v -0.00800 0.56200 -0.07654
vt 0.34693 1.62400
v -0.00800 0.56200 -0.08346
vt 0.33307 1.62400
v -0.00800 0.55800 -0.08346
vt 0.33307 1.61600
vn -1.00000 -0.00000 -0.00000
f 1495/1495/499 1496/1496/499 1497/1497/499
v -0.00800 0.56200 -0.07654
vt 0.34693 1.62400
v -0.00800 0.55600 -0.08000
vt 0.34000 1.61200
v -0.00800 0.55800 -0.07654
vt 0.34693 1.61600
vn -1.00000 -0.00000 -0.00000
f 1498/1498/500 1499/1499/500 1500/1500/500
v -0.00800 0.56200 -0.07654
vt 0.34693 1.62400
v 0.00800 0.56200 -0.07654
vt 0.34693 1.62400
v 0.00800 0.56400 -0.08000
vt 0.34000 1.62800
vn 0.00000 0.86603 0.50000
f 1501/1501/501 1502/1502/501 1503/1503/501
v -0.00800 0.56200 -0.07654
vt 0.34693 1.62400
v 0.00800 0.56400 -0.08000
vt 0.34000 1.62800
v -0.00800 0.56400 -0.08000
vt 0.34000 1.62800
vn 0.00000 0.86603 0.50000
f 1504/1504/502 1505/1505/502 1506/1506/502
v -0.00800 0.56200 -0.07654
vt 0.34693 1.62400
v 0.00800 0.55800 -0.07654
vt 0.34693 1.61600
v 0.00800 0.56200 -0.07654
vt 0.34693 1.62400
vn 0.00000 -0.00000 1.00000
f 1507/1507/503 1508/1508/503 1509/1509/503
v -0.00800 0.56200 -0.07654
vt 0.34693 1.62400
v -0.00800 0.55800 -0.07654
vt 0.34693 1.61600
v 0.00800 0.55800 -0.07654
vt 0.34693 1.61600
vn 0.00000 -0.00000 1.00000
f 1510/1510/504 1511/1511/504 1512/1512/504
