# Generated for the VR Showcase
mtllib SMG.mtl
o Polymer
usemtl Polymer
v 0.01300 -0.07800 -0.03200
vt 0.43600 0.34400
v 0.01500 -0.07800 -0.03000
vt 0.44000 0.34400
v 0.01300 -0.08000 -0.03000
vt 0.44000 0.34000
vn 0.57735 -0.57735 -0.57735
f 1/1/1 2/2/1 3/3/1
v 0.01300 -0.07800 0.01200
vt 0.52400 0.34400
v 0.01300 -0.08000 0.01000
vt 0.52000 0.34000
v 0.01500 -0.07800 0.01000
vt 0.52000 0.34400
vn 0.57735 -0.57735 0.57735
f 4/4/2 5/5/2 6/6/2
v 0.01300 0.01800 0.02200
vt 0.54400 0.53600
v 0.01500 0.01800 0.02000
vt 0.54000 0.53600
v 0.01300 0.02000 0.02000
vt 0.54000 0.54000
vn 0.57735 0.57735 0.57735
f 7/7/3 8/8/3 9/9/3
v -0.01300 0.01800 0.02200
vt 0.54400 0.53600
v -0.01300 0.02000 0.02000
vt 0.54000 0.54000
v -0.01500 0.01800 0.02000
vt 0.54000 0.53600
vn -0.57735 0.57735 0.57735
f 10/10/4 11/11/4 12/12/4
v 0.01300 0.01800 -0.02200
vt 0.45600 0.53600
v 0.01300 0.02000 -0.02000
vt 0.46000 0.54000
v 0.01500 0.01800 -0.02000
vt 0.46000 0.53600
vn 0.57735 0.57735 -0.57735
f 13/13/5 14/14/5 15/15/5
v -0.01300 -0.07800 -0.03200
vt 0.43600 0.34400
v -0.01300 -0.08000 -0.03000
vt 0.44000 0.34000
v -0.01500 -0.07800 -0.03000
vt 0.44000 0.34400
vn -0.57735 -0.57735 -0.57735
f 16/16/6 17/17/6 18/18/6
v -0.01300 -0.07800 0.01200
vt 0.52400 0.34400
v -0.01500 -0.07800 0.01000
vt 0.52000 0.34400
v -0.01300 -0.08000 0.01000
vt 0.52000 0.34000
vn -0.57735 -0.57735 0.57735
f 19/19/7 20/20/7 21/21/7
v -0.01500 0.01800 -0.02000
vt 0.46000 0.53600
v -0.01300 0.02000 -0.02000
vt 0.46000 0.54000
v -0.01300 0.01800 -0.02200
vt 0.45600 0.53600
vn -0.57735 0.57735 -0.57735
f 22/22/8 23/23/8 24/24/8
v 0.01300 -0.08000 0.01000
vt 0.52000 0.34000
v 0.01500 -0.07800 -0.03000
vt 0.44000 0.34400
v 0.01500 -0.07800 0.01000
vt 0.52000 0.34400
vn 0.70711 -0.70711 0.00000
f 25/25/9 26/26/9 27/27/9
v 0.01300 -0.08000 0.01000
vt 0.52000 0.34000
v 0.01300 -0.08000 -0.03000
vt 0.44000 0.34000
v 0.01500 -0.07800 -0.03000
vt 0.44000 0.34400
vn 0.70711 -0.70711 0.00000
f 28/28/10 29/29/10 30/30/10
v 0.01500 -0.07700 -0.03000
vt 0.44000 0.34600
v 0.01300 -0.07800 -0.03200
vt 0.43600 0.34400
v 0.01300 -0.07700 -0.03200
vt 0.43600 0.34600
vn 0.70711 0.00000 -0.70711
f 31/31/11 32/32/11 33/33/11
v 0.01500 -0.07700 -0.03000
vt 0.44000 0.34600
v 0.01500 -0.07800 -0.03000
vt 0.44000 0.34400
v 0.01300 -0.07800 -0.03200
vt 0.43600 0.34400
vn 0.70711 0.00000 -0.70711
f 34/34/12 35/35/12 36/36/12
v 0.01300 -0.07800 0.01200
vt 0.52400 0.34400
v 0.01500 -0.07800 0.01000
vt 0.52000 0.34400
v 0.01500 0.01700 0.02000
vt 0.54000 0.53400
vn 0.70516 -0.07423 0.70516
f 37/37/13 38/38/13 39/39/13
v 0.01300 -0.07800 0.01200
vt 0.52400 0.34400
v 0.01500 0.01700 0.02000
vt 0.54000 0.53400
v 0.01300 0.01700 0.02200
vt 0.54400 0.53400
vn 0.70516 -0.07423 0.70516
f 40/40/14 41/41/14 42/42/14
v 0.01300 0.01800 0.02200
vt 0.54400 0.53600
v 0.01500 0.01700 0.02000
vt 0.54000 0.53400
v 0.01500 0.01800 0.02000
vt 0.54000 0.53600
vn 0.70711 0.00000 0.70711
f 43/43/15 44/44/15 45/45/15
v 0.01300 0.01800 0.02200
vt 0.54400 0.53600
v 0.01300 0.01700 0.02200
vt 0.54400 0.53400
v 0.01500 0.01700 0.02000
vt 0.54000 0.53400
vn 0.70711 0.00000 0.70711
f 46/46/16 47/47/16 48/48/16
v -0.01300 0.02000 0.02000
vt 0.54000 0.54000
v 0.01300 0.02000 -0.02000
vt 0.46000 0.54000
v -0.01300 0.02000 -0.02000
vt 0.46000 0.54000
vn 0.00000 1.00000 -0.00000
f 49/49/17 50/50/17 51/51/17
v -0.01300 0.02000 0.02000
vt 0.54000 0.54000
v 0.01300 0.02000 0.02000
vt 0.54000 0.54000
v 0.01300 0.02000 -0.02000
vt 0.46000 0.54000
vn 0.00000 1.00000 -0.00000
f 52/52/18 53/53/18 54/54/18
v 0.01500 0.01800 -0.02000
vt 0.46000 0.53600
v 0.01300 0.02000 -0.02000
vt 0.46000 0.54000
v 0.01300 0.02000 0.02000
vt 0.54000 0.54000
vn 0.70711 0.70711 -0.00000
f 55/55/19 56/56/19 57/57/19
v 0.01500 0.01800 -0.02000
vt 0.46000 0.53600
v 0.01300 0.02000 0.02000
vt 0.54000 0.54000
v 0.01500 0.01800 0.02000
vt 0.54000 0.53600
vn 0.70711 0.70711 -0.00000
f 58/58/20 59/59/20 60/60/20
v 0.01500 0.01800 -0.02000
vt 0.46000 0.53600
v 0.01500 0.01700 0.02000
vt 0.54000 0.53400
v 0.01500 -0.07800 0.01000
vt 0.52000 0.34400
vn 1.00000 0.00000 0.00000
f 61/61/21 62/62/21 63/63/21
v 0.01500 0.01800 -0.02000
vt 0.46000 0.53600
v 0.01500 -0.07800 0.01000
vt 0.52000 0.34400
v 0.01500 -0.07800 -0.03000
vt 0.44000 0.34400
vn 1.00000 0.00000 0.00000
f 64/64/22 65/65/22 66/66/22
v 0.01500 0.01800 -0.02000
vt 0.46000 0.53600
v 0.01500 0.01800 0.02000
vt 0.54000 0.53600
v 0.01500 0.01700 0.02000
vt 0.54000 0.53400
vn 1.00000 0.00000 0.00000
f 67/67/23 68/68/23 69/69/23
v 0.01500 0.01800 -0.02000
vt 0.46000 0.53600
v 0.01500 -0.07800 -0.03000
vt 0.44000 0.34400
v 0.01500 -0.07700 -0.03000
vt 0.44000 0.34600
vn 1.00000 0.00000 0.00000
f 70/70/24 71/71/24 72/72/24
v -0.01300 -0.08000 0.01000
vt 0.52000 0.34000
v -0.01500 -0.07800 0.01000
vt 0.52000 0.34400
v -0.01500 -0.07800 -0.03000
vt 0.44000 0.34400
vn -0.70711 -0.70711 -0.00000
f 73/73/25 74/74/25 75/75/25
v -0.01300 -0.08000 0.01000
vt 0.52000 0.34000
v -0.01500 -0.07800 -0.03000
vt 0.44000 0.34400
v -0.01300 -0.08000 -0.03000
vt 0.44000 0.34000
vn -0.70711 -0.70711 -0.00000
f 76/76/26 77/77/26 78/78/26
v -0.01300 -0.08000 0.01000
vt 0.52000 0.34000
v 0.01300 -0.08000 -0.03000
vt 0.44000 0.34000
v 0.01300 -0.08000 0.01000
vt 0.52000 0.34000
vn 0.00000 -1.00000 -0.00000
f 79/79/27 80/80/27 81/81/27
v -0.01300 -0.08000 0.01000
vt 0.52000 0.34000
v -0.01300 -0.08000 -0.03000
vt 0.44000 0.34000
v 0.01300 -0.08000 -0.03000
vt 0.44000 0.34000
vn 0.00000 -1.00000 -0.00000
f 82/82/28 83/83/28 84/84/28
v -0.01300 0.01800 0.02200
vt 0.54400 0.53600
v 0.01300 0.01700 0.02200
vt 0.54400 0.53400
v 0.01300 0.01800 0.02200
vt 0.54400 0.53600
vn -0.00000 0.00000 1.00000
f 85/85/29 86/86/29 87/87/29
v -0.01300 0.01800 0.02200
vt 0.54400 0.53600
v -0.01300 0.01700 0.02200
vt 0.54400 0.53400
v 0.01300 0.01700 0.02200
vt 0.54400 0.53400
vn -0.00000 0.00000 1.00000
f 88/88/30 89/89/30 90/90/30
v -0.01300 0.01800 0.02200
vt 0.54400 0.53600
v 0.01300 0.02000 0.02000
vt 0.54000 0.54000
v -0.01300 0.02000 0.02000
vt 0.54000 0.54000
vn -0.00000 0.70711 0.70711
f 91/91/31 92/92/31 93/93/31
v -0.01300 0.01800 0.02200
vt 0.54400 0.53600
v 0.01300 0.01800 0.02200
vt 0.54400 0.53600
v 0.01300 0.02000 0.02000
vt 0.54000 0.54000
vn -0.00000 0.70711 0.70711
f 94/94/32 95/95/32 96/96/32
v -0.01300 0.01800 0.02200
vt 0.54400 0.53600
v -0.01500 0.01800 0.02000
vt 0.54000 0.53600
v -0.01500 0.01700 0.02000
vt 0.54000 0.53400
vn -0.70711 0.00000 0.70711
f 97/97/33 98/98/33 99/99/33
v -0.01300 0.01800 0.02200
vt 0.54400 0.53600
v -0.01500 0.01700 0.02000
vt 0.54000 0.53400
v -0.01300 0.01700 0.02200
vt 0.54400 0.53400
vn -0.70711 0.00000 0.70711
f 100/100/34 101/101/34 102/102/34
v 0.01300 0.01800 -0.02200
vt 0.45600 0.53600
v 0.01500 -0.07700 -0.03000
vt 0.44000 0.34600
v 0.01300 -0.07700 -0.03200
vt 0.43600 0.34600
vn 0.70516 0.07423 -0.70516
f 103/103/35 104/104/35 105/105/35
v 0.01300 0.01800 -0.02200
vt 0.45600 0.53600
v 0.01500 0.01800 -0.02000
vt 0.46000 0.53600
v 0.01500 -0.07700 -0.03000
vt 0.44000 0.34600
vn 0.70516 0.07423 -0.70516
f 106/106/36 107/107/36 108/108/36
v 0.01300 0.01800 -0.02200
vt 0.45600 0.53600
v 0.01300 -0.07700 -0.03200
vt 0.43600 0.34600
v -0.01300 -0.07700 -0.03200
vt 0.43600 0.34600
vn -0.00000 0.10468 -0.99451
f 109/109/37 110/110/37 111/111/37
v 0.01300 0.01800 -0.02200
vt 0.45600 0.53600
v -0.01300 -0.07700 -0.03200
vt 0.43600 0.34600
v -0.01300 0.01800 -0.02200
vt 0.45600 0.53600
vn -0.00000 0.10468 -0.99451
f 112/112/38 113/113/38 114/114/38
v 0.01300 0.01800 -0.02200
vt 0.45600 0.53600
v -0.01300 0.02000 -0.02000
vt 0.46000 0.54000
v 0.01300 0.02000 -0.02000
vt 0.46000 0.54000
vn -0.00000 0.70711 -0.70711
f 115/115/39 116/116/39 117/117/39
v 0.01300 0.01800 -0.02200
vt 0.45600 0.53600
v -0.01300 0.01800 -0.02200
vt 0.45600 0.53600
v -0.01300 0.02000 -0.02000
vt 0.46000 0.54000
vn -0.00000 0.70711 -0.70711
f 118/118/40 119/119/40 120/120/40
v -0.01300 -0.07800 -0.03200
vt 0.43600 0.34400
v -0.01500 -0.07800 -0.03000
vt 0.44000 0.34400
v -0.01500 -0.07700 -0.03000
vt 0.44000 0.34600
vn -0.70711 -0.00000 -0.70711
f 121/121/41 122/122/41 123/123/41
v -0.01300 -0.07800 -0.03200
vt 0.43600 0.34400
v -0.01500 -0.07700 -0.03000
vt 0.44000 0.34600
v -0.01300 -0.07700 -0.03200
vt 0.43600 0.34600
vn -0.70711 -0.00000 -0.70711
f 124/124/42 125/125/42 126/126/42
v -0.01300 -0.07800 -0.03200
vt 0.43600 0.34400
v 0.01300 -0.08000 -0.03000
vt 0.44000 0.34000
v -0.01300 -0.08000 -0.03000
vt 0.44000 0.34000
vn 0.00000 -0.70711 -0.70711
f 127/127/43 128/128/43 129/129/43
v -0.01300 -0.07800 -0.03200
vt 0.43600 0.34400
v 0.01300 -0.07800 -0.03200
vt 0.43600 0.34400
v 0.01300 -0.08000 -0.03000
vt 0.44000 0.34000
vn 0.00000 -0.70711 -0.70711
f 130/130/44 131/131/44 132/132/44
v -0.01300 -0.07800 -0.03200
vt 0.43600 0.34400
v 0.01300 -0.07700 -0.03200
vt 0.43600 0.34600
v 0.01300 -0.07800 -0.03200
vt 0.43600 0.34400
vn 0.00000 -0.00000 -1.00000
f 133/133/45 134/134/45 135/135/45
v -0.01300 -0.07800 -0.03200
vt 0.43600 0.34400
v -0.01300 -0.07700 -0.03200
vt 0.43600 0.34600
v 0.01300 -0.07700 -0.03200
vt 0.43600 0.34600
vn 0.00000 -0.00000 -1.00000
f 136/136/46 137/137/46 138/138/46
v -0.01300 -0.07800 0.01200
vt 0.52400 0.34400
v 0.01300 -0.07800 0.01200
vt 0.52400 0.34400
v 0.01300 0.01700 0.02200
vt 0.54400 0.53400
vn 0.00000 -0.10468 0.99451
f 139/139/47 140/140/47 141/141/47
v -0.01300 -0.07800 0.01200
vt 0.52400 0.34400
v 0.01300 0.01700 0.02200
vt 0.54400 0.53400
v -0.01300 0.01700 0.02200
vt 0.54400 0.53400
vn 0.00000 -0.10468 0.99451
f 142/142/48 143/143/48 144/144/48
v -0.01300 -0.07800 0.01200
vt 0.52400 0.34400
v -0.01300 -0.08000 0.01000
vt 0.52000 0.34000
v 0.01300 -0.08000 0.01000
vt 0.52000 0.34000
vn 0.00000 -0.70711 0.70711
f 145/145/49 146/146/49 147/147/49
v -0.01300 -0.07800 0.01200
vt 0.52400 0.34400
v 0.01300 -0.08000 0.01000
vt 0.52000 0.34000
v 0.01300 -0.07800 0.01200
vt 0.52400 0.34400
vn 0.00000 -0.70711 0.70711
f 148/148/50 149/149/50 150/150/50
v -0.01300 -0.07800 0.01200
vt 0.52400 0.34400
v -0.01500 0.01700 0.02000
vt 0.54000 0.53400
v -0.01500 -0.07800 0.01000
vt 0.52000 0.34400
vn -0.70516 -0.07423 0.70516
f 151/151/51 152/152/51 153/153/51
v -0.01300 -0.07800 0.01200
vt 0.52400 0.34400
v -0.01300 0.01700 0.02200
vt 0.54400 0.53400
v -0.01500 0.01700 0.02000
vt 0.54000 0.53400
vn -0.70516 -0.07423 0.70516
f 154/154/52 155/155/52 156/156/52
v -0.01500 0.01800 -0.02000
vt 0.46000 0.53600
v -0.01300 0.02000 0.02000
vt 0.54000 0.54000
v -0.01300 0.02000 -0.02000
vt 0.46000 0.54000
vn -0.70711 0.70711 0.00000
f 157/157/53 158/158/53 159/159/53
v -0.01500 0.01800 -0.02000
vt 0.46000 0.53600
v -0.01500 0.01800 0.02000
vt 0.54000 0.53600
v -0.01300 0.02000 0.02000
vt 0.54000 0.54000
vn -0.70711 0.70711 0.00000
f 160/160/54 161/161/54 162/162/54
v -0.01500 0.01800 -0.02000
vt 0.46000 0.53600
v -0.01500 -0.07800 0.01000
vt 0.52000 0.34400
v -0.01500 0.01700 0.02000
vt 0.54000 0.53400
vn -1.00000 -0.00000 0.00000
f 163/163/55 164/164/55 165/165/55
v -0.01500 0.01800 -0.02000
vt 0.46000 0.53600
v -0.01500 -0.07800 -0.03000
vt 0.44000 0.34400
v -0.01500 -0.07800 0.01000
vt 0.52000 0.34400
vn -1.00000 -0.00000 0.00000
f 166/166/56 167/167/56 168/168/56
v -0.01500 0.01800 -0.02000
vt 0.46000 0.53600
v -0.01500 -0.07700 -0.03000
vt 0.44000 0.34600
v -0.01500 -0.07800 -0.03000
vt 0.44000 0.34400
vn -1.00000 -0.00000 0.00000
f 169/169/57 170/170/57 171/171/57
v -0.01500 0.01800 -0.02000
vt 0.46000 0.53600
v -0.01500 0.01700 0.02000
vt 0.54000 0.53400
v -0.01500 0.01800 0.02000
vt 0.54000 0.53600
vn -1.00000 -0.00000 0.00000
f 172/172/58 173/173/58 174/174/58
v -0.01500 0.01800 -0.02000
vt 0.46000 0.53600
v -0.01300 0.01800 -0.02200
vt 0.45600 0.53600
v -0.01300 -0.07700 -0.03200
vt 0.43600 0.34600
vn -0.70516 0.07423 -0.70516
f 175/175/59 176/176/59 177/177/59
v -0.01500 0.01800 -0.02000
vt 0.46000 0.53600
v -0.01300 -0.07700 -0.03200
vt 0.43600 0.34600
v -0.01500 -0.07700 -0.03000
vt 0.44000 0.34600
vn -0.70516 0.07423 -0.70516
f 178/178/60 179/179/60 180/180/60
v 0.01100 0.01200 0.21600
vt 0.93200 0.52400
v 0.01500 0.01200 0.21200
vt 0.92400 0.52400
v 0.01100 0.01600 0.21200
vt 0.92400 0.53200
vn 0.57735 0.57735 0.57735
f 181/181/61 182/182/61 183/183/61
v 0.01100 -0.06500 0.18800
vt 0.87600 0.37000
v 0.01100 -0.06100 0.18400
vt 0.86800 0.37800
v 0.01500 -0.06100 0.18800
vt 0.87600 0.37800
vn 0.57735 -0.57735 -0.57735
f 184/184/62 185/185/62 186/186/62
v -0.01100 0.01200 0.18400
vt 0.86800 0.52400
v -0.01500 0.01200 0.18800
vt 0.87600 0.52400
v -0.01100 0.01600 0.18800
vt 0.87600 0.53200
vn -0.57735 0.57735 -0.57735
f 187/187/63 188/188/63 189/189/63
v -0.01100 -0.06500 0.18800
vt 0.87600 0.37000
v -0.01500 -0.06100 0.18800
vt 0.87600 0.37800
v -0.01100 -0.06100 0.18400
vt 0.86800 0.37800
vn -0.57735 -0.57735 -0.57735
f 190/190/64 191/191/64 192/192/64
v -0.01100 0.01600 0.21200
vt 0.92400 0.53200
v -0.01500 0.01200 0.21200
vt 0.92400 0.52400
v -0.01100 0.01200 0.21600
vt 0.93200 0.52400
vn -0.57735 0.57735 0.57735
f 193/193/65 194/194/65 195/195/65
v 0.01100 0.01200 0.18400
vt 0.86800 0.52400
v 0.01100 0.01600 0.18800
vt 0.87600 0.53200
v 0.01500 0.01200 0.18800
vt 0.87600 0.52400
vn 0.57735 0.57735 -0.57735
f 196/196/66 197/197/66 198/198/66
v 0.01100 -0.06500 0.21200
vt 0.92400 0.37000
v 0.01500 -0.06100 0.21200
vt 0.92400 0.37800
v 0.01100 -0.06100 0.21600
vt 0.93200 0.37800
vn 0.57735 -0.57735 0.57735
f 199/199/67 200/200/67 201/201/67
v -0.01100 -0.06500 0.21200
vt 0.92400 0.37000
v -0.01100 -0.06100 0.21600
vt 0.93200 0.37800
v -0.01500 -0.06100 0.21200
vt 0.92400 0.37800
vn -0.57735 -0.57735 0.57735
f 202/202/68 203/203/68 204/204/68
v -0.01500 -0.06100 0.21200
vt 0.92400 0.37800
v -0.01500 0.01200 0.18800
vt 0.87600 0.52400
v -0.01500 -0.06100 0.18800
vt 0.87600 0.37800
vn -1.00000 -0.00000 -0.00000
f 205/205/69 206/206/69 207/207/69
v -0.01500 -0.06100 0.21200
vt 0.92400 0.37800
v -0.01500 0.01200 0.21200
vt 0.92400 0.52400
v -0.01500 0.01200 0.18800
vt 0.87600 0.52400
vn -1.00000 -0.00000 -0.00000
f 208/208/70 209/209/70 210/210/70
v 0.01500 0.01200 0.18800
vt 0.87600 0.52400
v 0.01500 -0.06100 0.21200
vt 0.92400 0.37800
v 0.01500 -0.06100 0.18800
vt 0.87600 0.37800
vn 1.00000 0.00000 -0.00000
f 211/211/71 212/212/71 213/213/71
v 0.01500 0.01200 0.18800
vt 0.87600 0.52400
v 0.01500 0.01200 0.21200
vt 0.92400 0.52400
v 0.01500 -0.06100 0.21200
vt 0.92400 0.37800
vn 1.00000 0.00000 -0.00000
f 214/214/72 215/215/72 216/216/72
v 0.01100 0.01600 0.21200
vt 0.92400 0.53200
v 0.01500 0.01200 0.21200
vt 0.92400 0.52400
v 0.01500 0.01200 0.18800
vt 0.87600 0.52400
vn 0.70711 0.70711 -0.00000
f 217/217/73 218/218/73 219/219/73
v 0.01100 0.01600 0.21200
vt 0.92400 0.53200
v 0.01500 0.01200 0.18800
vt 0.87600 0.52400
v 0.01100 0.01600 0.18800
vt 0.87600 0.53200
vn 0.70711 0.70711 -0.00000
f 220/220/74 221/221/74 222/222/74
v 0.01100 0.01200 0.21600
vt 0.93200 0.52400
v 0.01100 -0.06100 0.21600
vt 0.93200 0.37800
v 0.01500 -0.06100 0.21200
vt 0.92400 0.37800
vn 0.70711 0.00000 0.70711
f 223/223/75 224/224/75 225/225/75
v 0.01100 0.01200 0.21600
vt 0.93200 0.52400
v 0.01500 -0.06100 0.21200
vt 0.92400 0.37800
v 0.01500 0.01200 0.21200
vt 0.92400 0.52400
vn 0.70711 0.00000 0.70711
f 226/226/76 227/227/76 228/228/76
v -0.01100 0.01200 0.21600
vt 0.93200 0.52400
v -0.01500 0.01200 0.21200
vt 0.92400 0.52400
v -0.01500 -0.06100 0.21200
vt 0.92400 0.37800
vn -0.70711 -0.00000 0.70711
f 229/229/77 230/230/77 231/231/77
v -0.01100 0.01200 0.21600
vt 0.93200 0.52400
v -0.01500 -0.06100 0.21200
vt 0.92400 0.37800
v -0.01100 -0.06100 0.21600
vt 0.93200 0.37800
vn -0.70711 -0.00000 0.70711
f 232/232/78 233/233/78 234/234/78
v -0.01100 0.01200 0.21600
vt 0.93200 0.52400
v 0.01100 -0.06100 0.21600
vt 0.93200 0.37800
v 0.01100 0.01200 0.21600
vt 0.93200 0.52400
vn -0.00000 0.00000 1.00000
f 235/235/79 236/236/79 237/237/79
v -0.01100 0.01200 0.21600
vt 0.93200 0.52400
v -0.01100 -0.06100 0.21600
vt 0.93200 0.37800
v 0.01100 -0.06100 0.21600
vt 0.93200 0.37800
vn -0.00000 0.00000 1.00000
f 238/238/80 239/239/80 240/240/80
v -0.01100 0.01200 0.18400
vt 0.86800 0.52400
v -0.01500 -0.06100 0.18800
vt 0.87600 0.37800
v -0.01500 0.01200 0.18800
vt 0.87600 0.52400
vn -0.70711 -0.00000 -0.70711
f 241/241/81 242/242/81 243/243/81
v -0.01100 0.01200 0.18400
vt 0.86800 0.52400
v -0.01100 -0.06100 0.18400
vt 0.86800 0.37800
v -0.01500 -0.06100 0.18800
vt 0.87600 0.37800
vn -0.70711 -0.00000 -0.70711
f 244/244/82 245/245/82 246/246/82
v -0.01100 -0.06500 0.18800
vt 0.87600 0.37000
v -0.01100 -0.06100 0.18400
vt 0.86800 0.37800
v 0.01100 -0.06100 0.18400
vt 0.86800 0.37800
vn -0.00000 -0.70711 -0.70711
f 247/247/83 248/248/83 249/249/83
v -0.01100 -0.06500 0.18800
vt 0.87600 0.37000
v 0.01100 -0.06100 0.18400
vt 0.86800 0.37800
v 0.01100 -0.06500 0.18800
vt 0.87600 0.37000
vn -0.00000 -0.70711 -0.70711
f 250/250/84 251/251/84 252/252/84
v -0.01100 0.01600 0.21200
vt 0.92400 0.53200
v -0.01100 0.01200 0.21600
vt 0.93200 0.52400
v 0.01100 0.01200 0.21600
vt 0.93200 0.52400
vn -0.00000 0.70711 0.70711
f 253/253/85 254/254/85 255/255/85
v -0.01100 0.01600 0.21200
vt 0.92400 0.53200
v 0.01100 0.01200 0.21600
vt 0.93200 0.52400
v 0.01100 0.01600 0.21200
vt 0.92400 0.53200
vn -0.00000 0.70711 0.70711
f 256/256/86 257/257/86 258/258/86
v -0.01100 0.01600 0.21200
vt 0.92400 0.53200
v -0.01500 0.01200 0.18800
vt 0.87600 0.52400
v -0.01500 0.01200 0.21200
vt 0.92400 0.52400
vn -0.70711 0.70711 0.00000
f 259/259/87 260/260/87 261/261/87
v -0.01100 0.01600 0.21200
vt 0.92400 0.53200
v -0.01100 0.01600 0.18800
vt 0.87600 0.53200
v -0.01500 0.01200 0.18800
vt 0.87600 0.52400
vn -0.70711 0.70711 0.00000
f 262/262/88 263/263/88 264/264/88
v -0.01100 0.01600 0.21200
vt 0.92400 0.53200
v 0.01100 0.01600 0.21200
vt 0.92400 0.53200
v 0.01100 0.01600 0.18800
vt 0.87600 0.53200
vn -0.00000 1.00000 0.00000
f 265/265/89 266/266/89 267/267/89
v -0.01100 0.01600 0.21200
vt 0.92400 0.53200
v 0.01100 0.01600 0.18800
vt 0.87600 0.53200
v -0.01100 0.01600 0.18800
vt 0.87600 0.53200
vn -0.00000 1.00000 0.00000
f 268/268/90 269/269/90 270/270/90
v 0.01100 0.01200 0.18400
vt 0.86800 0.52400
v -0.01100 0.01600 0.18800
vt 0.87600 0.53200
v 0.01100 0.01600 0.18800
vt 0.87600 0.53200
vn -0.00000 0.70711 -0.70711
f 271/271/91 272/272/91 273/273/91
v 0.01100 0.01200 0.18400
vt 0.86800 0.52400
v -0.01100 0.01200 0.18400
vt 0.86800 0.52400
v -0.01100 0.01600 0.18800
vt 0.87600 0.53200
vn -0.00000 0.70711 -0.70711
f 274/274/92 275/275/92 276/276/92
v 0.01100 0.01200 0.18400
vt 0.86800 0.52400
v 0.01500 0.01200 0.18800
vt 0.87600 0.52400
v 0.01500 -0.06100 0.18800
vt 0.87600 0.37800
vn 0.70711 -0.00000 -0.70711
f 277/277/93 278/278/93 279/279/93
v 0.01100 0.01200 0.18400
vt 0.86800 0.52400
v 0.01500 -0.06100 0.18800
vt 0.87600 0.37800
v 0.01100 -0.06100 0.18400
vt 0.86800 0.37800
vn 0.70711 -0.00000 -0.70711
f 280/280/94 281/281/94 282/282/94
v 0.01100 0.01200 0.18400
vt 0.86800 0.52400
v -0.01100 -0.06100 0.18400
vt 0.86800 0.37800
v -0.01100 0.01200 0.18400
vt 0.86800 0.52400
vn 0.00000 -0.00000 -1.00000
f 283/283/95 284/284/95 285/285/95
v 0.01100 0.01200 0.18400
vt 0.86800 0.52400
v 0.01100 -0.06100 0.18400
vt 0.86800 0.37800
v -0.01100 -0.06100 0.18400
vt 0.86800 0.37800
vn 0.00000 -0.00000 -1.00000
f 286/286/96 287/287/96 288/288/96
v 0.01100 -0.06500 0.21200
vt 0.92400 0.37000
v 0.01500 -0.06100 0.18800
vt 0.87600 0.37800
v 0.01500 -0.06100 0.21200
vt 0.92400 0.37800
vn 0.70711 -0.70711 -0.00000
f 289/289/97 290/290/97 291/291/97
v 0.01100 -0.06500 0.21200
vt 0.92400 0.37000
v 0.01100 -0.06500 0.18800
vt 0.87600 0.37000
v 0.01500 -0.06100 0.18800
vt 0.87600 0.37800
vn 0.70711 -0.70711 -0.00000
f 292/292/98 293/293/98 294/294/98
v -0.01100 -0.06500 0.21200
vt 0.92400 0.37000
v 0.01100 -0.06100 0.21600
vt 0.93200 0.37800
v -0.01100 -0.06100 0.21600
vt 0.93200 0.37800
vn 0.00000 -0.70711 0.70711
f 295/295/99 296/296/99 297/297/99
v -0.01100 -0.06500 0.21200
vt 0.92400 0.37000
v 0.01100 -0.06500 0.21200
vt 0.92400 0.37000
v 0.01100 -0.06100 0.21600
vt 0.93200 0.37800
vn 0.00000 -0.70711 0.70711
f 298/298/100 299/299/100 300/300/100
v -0.01100 -0.06500 0.21200
vt 0.92400 0.37000
v -0.01500 -0.06100 0.21200
vt 0.92400 0.37800
v -0.01500 -0.06100 0.18800
vt 0.87600 0.37800
vn -0.70711 -0.70711 0.00000
f 301/301/101 302/302/101 303/303/101
v -0.01100 -0.06500 0.21200
vt 0.92400 0.37000
v -0.01500 -0.06100 0.18800
vt 0.87600 0.37800
v -0.01100 -0.06500 0.18800
vt 0.87600 0.37000
vn -0.70711 -0.70711 0.00000
f 304/304/102 305/305/102 306/306/102
v -0.01100 -0.06500 0.21200
vt 0.92400 0.37000
v -0.01100 -0.06500 0.18800
vt 0.87600 0.37000
v 0.01100 -0.06500 0.18800
vt 0.87600 0.37000
vn -0.00000 -1.00000 0.00000
f 307/307/103 308/308/103 309/309/103
v -0.01100 -0.06500 0.21200
vt 0.92400 0.37000
v 0.01100 -0.06500 0.18800
vt 0.87600 0.37000
v 0.01100 -0.06500 0.21200
vt 0.92400 0.37000
vn -0.00000 -1.00000 0.00000
f 310/310/104 311/311/104 312/312/104
v 0.01100 0.06100 -0.08000
vt 0.34000 0.62200
v 0.01500 0.06100 -0.08400
vt 0.33200 0.62200
v 0.01100 0.06500 -0.08400
vt 0.33200 0.63000
vn 0.57735 0.57735 0.57735
f 313/313/105 314/314/105 315/315/105
v 0.01100 0.00800 -0.23600
vt 0.02800 0.51600
v 0.01100 0.01200 -0.24000
vt 0.02000 0.52400
v 0.01500 0.01200 -0.23600
vt 0.02800 0.52400
vn 0.57735 -0.57735 -0.57735
f 316/316/106 317/317/106 318/318/106
v -0.01100 0.06100 -0.24000
vt 0.02000 0.62200
v -0.01500 0.06100 -0.23600
vt 0.02800 0.62200
v -0.01100 0.06500 -0.23600
vt 0.02800 0.63000
vn -0.57735 0.57735 -0.57735
f 319/319/107 320/320/107 321/321/107
v -0.01100 0.00800 -0.23600
vt 0.02800 0.51600
v -0.01500 0.01200 -0.23600
vt 0.02800 0.52400
v -0.01100 0.01200 -0.24000
vt 0.02000 0.52400
vn -0.57735 -0.57735 -0.57735
f 322/322/108 323/323/108 324/324/108
v -0.01100 0.06500 -0.08400
vt 0.33200 0.63000
v -0.01500 0.06100 -0.08400
vt 0.33200 0.62200
v -0.01100 0.06100 -0.08000
vt 0.34000 0.62200
vn -0.57735 0.57735 0.57735
f 325/325/109 326/326/109 327/327/109
v 0.01100 0.06100 -0.24000
vt 0.02000 0.62200
v 0.01100 0.06500 -0.23600
vt 0.02800 0.63000
v 0.01500 0.06100 -0.23600
vt 0.02800 0.62200
vn 0.57735 0.57735 -0.57735
f 328/328/110 329/329/110 330/330/110
v 0.01100 0.00800 -0.08400
vt 0.33200 0.51600
v 0.01500 0.01200 -0.08400
vt 0.33200 0.52400
v 0.01100 0.01200 -0.08000
vt 0.34000 0.52400
vn 0.57735 -0.57735 0.57735
f 331/331/111 332/332/111 333/333/111
v -0.01100 0.00800 -0.08400
vt 0.33200 0.51600
v -0.01100 0.01200 -0.08000
vt 0.34000 0.52400
v -0.01500 0.01200 -0.08400
vt 0.33200 0.52400
vn -0.57735 -0.57735 0.57735
f 334/334/112 335/335/112 336/336/112
v -0.01500 0.01200 -0.08400
vt 0.33200 0.52400
v -0.01500 0.06100 -0.23600
vt 0.02800 0.62200
v -0.01500 0.01200 -0.23600
vt 0.02800 0.52400
vn -1.00000 -0.00000 -0.00000
f 337/337/113 338/338/113 339/339/113
v -0.01500 0.01200 -0.08400
vt 0.33200 0.52400
v -0.01500 0.06100 -0.08400
vt 0.33200 0.62200
v -0.01500 0.06100 -0.23600
vt 0.02800 0.62200
vn -1.00000 -0.00000 -0.00000
f 340/340/114 341/341/114 342/342/114
v 0.01500 0.06100 -0.23600
vt 0.02800 0.62200
v 0.01500 0.01200 -0.08400
vt 0.33200 0.52400
v 0.01500 0.01200 -0.23600
vt 0.02800 0.52400
vn 1.00000 0.00000 -0.00000
f 343/343/115 344/344/115 345/345/115
v 0.01500 0.06100 -0.23600
vt 0.02800 0.62200
v 0.01500 0.06100 -0.08400
vt 0.33200 0.62200
v 0.01500 0.01200 -0.08400
vt 0.33200 0.52400
vn 1.00000 0.00000 -0.00000
f 346/346/116 347/347/116 348/348/116
v 0.01100 0.06500 -0.08400
vt 0.33200 0.63000
v 0.01500 0.06100 -0.08400
vt 0.33200 0.62200
v 0.01500 0.06100 -0.23600
vt 0.02800 0.62200
vn 0.70711 0.70711 -0.00000
f 349/349/117 350/350/117 351/351/117
v 0.01100 0.06500 -0.08400
vt 0.33200 0.63000
v 0.01500 0.06100 -0.23600
vt 0.02800 0.62200
v 0.01100 0.06500 -0.23600
vt 0.02800 0.63000
vn 0.70711 0.70711 -0.00000
f 352/352/118 353/353/118 354/354/118
v 0.01100 0.06100 -0.08000
vt 0.34000 0.62200
v 0.01100 0.01200 -0.08000
vt 0.34000 0.52400
v 0.01500 0.01200 -0.08400
vt 0.33200 0.52400
vn 0.70711 0.00000 0.70711
f 355/355/119 356/356/119 357/357/119
v 0.01100 0.06100 -0.08000
vt 0.34000 0.62200
v 0.01500 0.01200 -0.08400
vt 0.33200 0.52400
v 0.01500 0.06100 -0.08400
vt 0.33200 0.62200
vn 0.70711 0.00000 0.70711
f 358/358/120 359/359/120 360/360/120
v -0.01100 0.06100 -0.08000
vt 0.34000 0.62200
v -0.01500 0.06100 -0.08400
vt 0.33200 0.62200
v -0.01500 0.01200 -0.08400
vt 0.33200 0.52400
vn -0.70711 -0.00000 0.70711
f 361/361/121 362/362/121 363/363/121
v -0.01100 0.06100 -0.08000
vt 0.34000 0.62200
v -0.01500 0.01200 -0.08400
vt 0.33200 0.52400
v -0.01100 0.01200 -0.08000
vt 0.34000 0.52400
vn -0.70711 -0.00000 0.70711
f 364/364/122 365/365/122 366/366/122
v -0.01100 0.06100 -0.08000
vt 0.34000 0.62200
v 0.01100 0.01200 -0.08000
vt 0.34000 0.52400
v 0.01100 0.06100 -0.08000
vt 0.34000 0.62200
vn -0.00000 0.00000 1.00000
f 367/367/123 368/368/123 369/369/123
v -0.01100 0.06100 -0.08000
vt 0.34000 0.62200
v -0.01100 0.01200 -0.08000
vt 0.34000 0.52400
v 0.01100 0.01200 -0.08000
vt 0.34000 0.52400
vn -0.00000 0.00000 1.00000
f 370/370/124 371/371/124 372/372/124
v -0.01100 0.06100 -0.24000
vt 0.02000 0.62200
v -0.01500 0.01200 -0.23600
vt 0.02800 0.52400
v -0.01500 0.06100 -0.23600
vt 0.02800 0.62200
vn -0.70711 -0.00000 -0.70711
f 373/373/125 374/374/125 375/375/125
v -0.01100 0.06100 -0.24000
vt 0.02000 0.62200
v -0.01100 0.01200 -0.24000
vt 0.02000 0.52400
v -0.01500 0.01200 -0.23600
vt 0.02800 0.52400
vn -0.70711 -0.00000 -0.70711
f 376/376/126 377/377/126 378/378/126
v -0.01100 0.00800 -0.23600
vt 0.02800 0.51600
v -0.01100 0.01200 -0.24000
vt 0.02000 0.52400
v 0.01100 0.01200 -0.24000
vt 0.02000 0.52400
vn -0.00000 -0.70711 -0.70711
f 379/379/127 380/380/127 381/381/127
v -0.01100 0.00800 -0.23600
vt 0.02800 0.51600
v 0.01100 0.01200 -0.24000
vt 0.02000 0.52400
v 0.01100 0.00800 -0.23600
vt 0.02800 0.51600
vn -0.00000 -0.70711 -0.70711
f 382/382/128 383/383/128 384/384/128
v -0.01100 0.06500 -0.08400
vt 0.33200 0.63000
v -0.01100 0.06100 -0.08000
vt 0.34000 0.62200
v 0.01100 0.06100 -0.08000
vt 0.34000 0.62200
vn -0.00000 0.70711 0.70711
f 385/385/129 386/386/129 387/387/129
v -0.01100 0.06500 -0.08400
vt 0.33200 0.63000
v 0.01100 0.06100 -0.08000
vt 0.34000 0.62200
v 0.01100 0.06500 -0.08400
vt 0.33200 0.63000
vn -0.00000 0.70711 0.70711
f 388/388/130 389/389/130 390/390/130
v -0.01100 0.06500 -0.08400
vt 0.33200 0.63000
v -0.01500 0.06100 -0.23600
vt 0.02800 0.62200
v -0.01500 0.06100 -0.08400
vt 0.33200 0.62200
vn -0.70711 0.70711 0.00000
f 391/391/131 392/392/131 393/393/131
v -0.01100 0.06500 -0.08400
vt 0.33200 0.63000
v -0.01100 0.06500 -0.23600
vt 0.02800 0.63000
v -0.01500 0.06100 -0.23600
vt 0.02800 0.62200
vn -0.70711 0.70711 0.00000
f 394/394/132 395/395/132 396/396/132
v -0.01100 0.06500 -0.08400
vt 0.33200 0.63000
v 0.01100 0.06500 -0.08400
vt 0.33200 0.63000
v 0.01100 0.06500 -0.23600
vt 0.02800 0.63000
vn -0.00000 1.00000 0.00000
f 397/397/133 398/398/133 399/399/133
v -0.01100 0.06500 -0.08400
vt 0.33200 0.63000
v 0.01100 0.06500 -0.23600
vt 0.02800 0.63000
v -0.01100 0.06500 -0.23600
vt 0.02800 0.63000
vn -0.00000 1.00000 0.00000
f 400/400/134 401/401/134 402/402/134
v 0.01100 0.06100 -0.24000
vt 0.02000 0.62200
v -0.01100 0.06500 -0.23600
vt 0.02800 0.63000
v 0.01100 0.06500 -0.23600
vt 0.02800 0.63000
vn -0.00000 0.70711 -0.70711
f 403/403/135 404/404/135 405/405/135
v 0.01100 0.06100 -0.24000
vt 0.02000 0.62200
v -0.01100 0.06100 -0.24000
vt 0.02000 0.62200
v -0.01100 0.06500 -0.23600
vt 0.02800 0.63000
vn -0.00000 0.70711 -0.70711
f 406/406/136 407/407/136 408/408/136
v 0.01100 0.06100 -0.24000
vt 0.02000 0.62200
v 0.01500 0.06100 -0.23600
vt 0.02800 0.62200
v 0.01500 0.01200 -0.23600
vt 0.02800 0.52400
vn 0.70711 -0.00000 -0.70711
f 409/409/137 410/410/137 411/411/137
v 0.01100 0.06100 -0.24000
vt 0.02000 0.62200
v 0.01500 0.01200 -0.23600
vt 0.02800 0.52400
v 0.01100 0.01200 -0.24000
vt 0.02000 0.52400
vn 0.70711 -0.00000 -0.70711
f 412/412/138 413/413/138 414/414/138
v 0.01100 0.06100 -0.24000
vt 0.02000 0.62200
v -0.01100 0.01200 -0.24000
vt 0.02000 0.52400
v -0.01100 0.06100 -0.24000
vt 0.02000 0.62200
vn 0.00000 -0.00000 -1.00000
f 415/415/139 416/416/139 417/417/139
v 0.01100 0.06100 -0.24000
vt 0.02000 0.62200
v 0.01100 0.01200 -0.24000
vt 0.02000 0.52400
v -0.01100 0.01200 -0.24000
vt 0.02000 0.52400
vn 0.00000 -0.00000 -1.00000
f 418/418/140 419/419/140 420/420/140
v 0.01100 0.00800 -0.08400
vt 0.33200 0.51600
v 0.01500 0.01200 -0.23600
vt 0.02800 0.52400
v 0.01500 0.01200 -0.08400
vt 0.33200 0.52400
vn 0.70711 -0.70711 -0.00000
f 421/421/141 422/422/141 423/423/141
v 0.01100 0.00800 -0.08400
vt 0.33200 0.51600
v 0.01100 0.00800 -0.23600
vt 0.02800 0.51600
v 0.01500 0.01200 -0.23600
vt 0.02800 0.52400
vn 0.70711 -0.70711 -0.00000
f 424/424/142 425/425/142 426/426/142
v -0.01100 0.00800 -0.08400
vt 0.33200 0.51600
v 0.01100 0.01200 -0.08000
vt 0.34000 0.52400
v -0.01100 0.01200 -0.08000
vt 0.34000 0.52400
vn 0.00000 -0.70711 0.70711
f 427/427/143 428/428/143 429/429/143
v -0.01100 0.00800 -0.08400
vt 0.33200 0.51600
v 0.01100 0.00800 -0.08400
vt 0.33200 0.51600
v 0.01100 0.01200 -0.08000
vt 0.34000 0.52400
vn 0.00000 -0.70711 0.70711
f 430/430/144 431/431/144 432/432/144
v -0.01100 0.00800 -0.08400
vt 0.33200 0.51600
v -0.01500 0.01200 -0.08400
vt 0.33200 0.52400
v -0.01500 0.01200 -0.23600
vt 0.02800 0.52400
vn -0.70711 -0.70711 0.00000
f 433/433/145 434/434/145 435/435/145
v -0.01100 0.00800 -0.08400
vt 0.33200 0.51600
v -0.01500 0.01200 -0.23600
vt 0.02800 0.52400
v -0.01100 0.00800 -0.23600
vt 0.02800 0.51600
vn -0.70711 -0.70711 0.00000
f 436/436/146 437/437/146 438/438/146
v -0.01100 0.00800 -0.08400
vt 0.33200 0.51600
v -0.01100 0.00800 -0.23600
vt 0.02800 0.51600
v 0.01100 0.00800 -0.23600
vt 0.02800 0.51600
vn -0.00000 -1.00000 0.00000
f 439/439/147 440/440/147 441/441/147
v -0.01100 0.00800 -0.08400
vt 0.33200 0.51600
v 0.01100 0.00800 -0.23600
vt 0.02800 0.51600
v 0.01100 0.00800 -0.08400
vt 0.33200 0.51600
vn -0.00000 -1.00000 0.00000
f 442/442/148 443/443/148 444/444/148
v 0.01300 0.06300 -0.23200
vt 0.03600 0.62600
v 0.01600 0.06300 -0.23500
vt 0.03000 0.62600
v 0.01300 0.06600 -0.23500
vt 0.03000 0.63200
vn 0.57735 0.57735 0.57735
f 445/445/149 446/446/149 447/447/149
v 0.01300 -0.00400 -0.24200
vt 0.01600 0.49200
v 0.01300 -0.00100 -0.24500
vt 0.01000 0.49800
v 0.01600 -0.00100 -0.24200
vt 0.01600 0.49800
vn 0.57735 -0.57735 -0.57735
f 448/448/150 449/449/150 450/450/150
v -0.01600 0.06300 -0.23500
vt 0.03000 0.62600
v -0.01300 0.06300 -0.23200
vt 0.03600 0.62600
v -0.01300 0.06600 -0.23500
vt 0.03000 0.63200
vn -0.57735 0.57735 0.57735
f 451/451/151 452/452/151 453/453/151
v 0.01300 0.06300 -0.24500
vt 0.01000 0.62600
v 0.01300 0.06600 -0.24200
vt 0.01600 0.63200
v 0.01600 0.06300 -0.24200
vt 0.01600 0.62600
vn 0.57735 0.57735 -0.57735
f 454/454/152 455/455/152 456/456/152
v -0.01300 0.06600 -0.24200
vt 0.01600 0.63200
v -0.01300 0.06300 -0.24500
vt 0.01000 0.62600
v -0.01600 0.06300 -0.24200
vt 0.01600 0.62600
vn -0.57735 0.57735 -0.57735
f 457/457/153 458/458/153 459/459/153
v 0.01300 -0.00400 -0.23500
vt 0.03000 0.49200
v 0.01600 -0.00100 -0.23500
vt 0.03000 0.49800
v 0.01300 -0.00100 -0.23200
vt 0.03600 0.49800
vn 0.57735 -0.57735 0.57735
f 460/460/154 461/461/154 462/462/154
v -0.01300 -0.00400 -0.24200
vt 0.01600 0.49200
v -0.01600 -0.00100 -0.24200
vt 0.01600 0.49800
v -0.01300 -0.00100 -0.24500
vt 0.01000 0.49800
vn -0.57735 -0.57735 -0.57735
f 463/463/155 464/464/155 465/465/155
v -0.01300 -0.00400 -0.23500
vt 0.03000 0.49200
v -0.01300 -0.00100 -0.23200
vt 0.03600 0.49800
v -0.01600 -0.00100 -0.23500
vt 0.03000 0.49800
vn -0.57735 -0.57735 0.57735
f 466/466/156 467/467/156 468/468/156
v 0.01600 0.06300 -0.24200
vt 0.01600 0.62600
v 0.01600 -0.00100 -0.23500
vt 0.03000 0.49800
v 0.01600 -0.00100 -0.24200
vt 0.01600 0.49800
vn 1.00000 0.00000 -0.00000
f 469/469/157 470/470/157 471/471/157
v 0.01600 0.06300 -0.24200
vt 0.01600 0.62600
v 0.01600 0.06300 -0.23500
vt 0.03000 0.62600
v 0.01600 -0.00100 -0.23500
vt 0.03000 0.49800
vn 1.00000 0.00000 -0.00000
f 472/472/158 473/473/158 474/474/158
v 0.01300 0.06600 -0.23500
vt 0.03000 0.63200
v 0.01600 0.06300 -0.23500
vt 0.03000 0.62600
v 0.01600 0.06300 -0.24200
vt 0.01600 0.62600
vn 0.70711 0.70711 -0.00000
f 475/475/159 476/476/159 477/477/159
v 0.01300 0.06600 -0.23500
vt 0.03000 0.63200
v 0.01600 0.06300 -0.24200
vt 0.01600 0.62600
v 0.01300 0.06600 -0.24200
vt 0.01600 0.63200
vn 0.70711 0.70711 -0.00000
f 478/478/160 479/479/160 480/480/160
v 0.01300 0.06300 -0.23200
vt 0.03600 0.62600
v -0.01300 -0.00100 -0.23200
vt 0.03600 0.49800
v 0.01300 -0.00100 -0.23200
vt 0.03600 0.49800
vn 0.00000 -0.00000 1.00000
f 481/481/161 482/482/161 483/483/161
v 0.01300 0.06300 -0.23200
vt 0.03600 0.62600
v -0.01300 0.06300 -0.23200
vt 0.03600 0.62600
v -0.01300 -0.00100 -0.23200
vt 0.03600 0.49800
vn 0.00000 -0.00000 1.00000
f 484/484/162 485/485/162 486/486/162
v 0.01300 0.06300 -0.23200
vt 0.03600 0.62600
v 0.01300 -0.00100 -0.23200
vt 0.03600 0.49800
v 0.01600 -0.00100 -0.23500
vt 0.03000 0.49800
vn 0.70711 0.00000 0.70711
f 487/487/163 488/488/163 489/489/163
v 0.01300 0.06300 -0.23200
vt 0.03600 0.62600
v 0.01600 -0.00100 -0.23500
vt 0.03000 0.49800
v 0.01600 0.06300 -0.23500
vt 0.03000 0.62600
vn 0.70711 0.00000 0.70711
f 490/490/164 491/491/164 492/492/164
v -0.01300 0.06600 -0.23500
vt 0.03000 0.63200
v -0.01300 0.06300 -0.23200
vt 0.03600 0.62600
v 0.01300 0.06300 -0.23200
vt 0.03600 0.62600
vn 0.00000 0.70711 0.70711
f 493/493/165 494/494/165 495/495/165
v -0.01300 0.06600 -0.23500
vt 0.03000 0.63200
v 0.01300 0.06300 -0.23200
vt 0.03600 0.62600
v 0.01300 0.06600 -0.23500
vt 0.03000 0.63200
vn 0.00000 0.70711 0.70711
f 496/496/166 497/497/166 498/498/166
v -0.01300 0.06300 -0.24500
vt 0.01000 0.62600
v -0.01300 -0.00100 -0.24500
vt 0.01000 0.49800
v -0.01600 -0.00100 -0.24200
vt 0.01600 0.49800
vn -0.70711 -0.00000 -0.70711
f 499/499/167 500/500/167 501/501/167
v -0.01300 0.06300 -0.24500
vt 0.01000 0.62600
v -0.01600 -0.00100 -0.24200
vt 0.01600 0.49800
v -0.01600 0.06300 -0.24200
vt 0.01600 0.62600
vn -0.70711 -0.00000 -0.70711
f 502/502/168 503/503/168 504/504/168
v -0.01600 0.06300 -0.23500
vt 0.03000 0.62600
v -0.01300 -0.00100 -0.23200
vt 0.03600 0.49800
v -0.01300 0.06300 -0.23200
vt 0.03600 0.62600
vn -0.70711 0.00000 0.70711
f 505/505/169 506/506/169 507/507/169
v -0.01600 0.06300 -0.23500
vt 0.03000 0.62600
v -0.01600 -0.00100 -0.23500
vt 0.03000 0.49800
v -0.01300 -0.00100 -0.23200
vt 0.03600 0.49800
vn -0.70711 0.00000 0.70711
f 508/508/170 509/509/170 510/510/170
v -0.01600 0.06300 -0.23500
vt 0.03000 0.62600
v -0.01600 0.06300 -0.24200
vt 0.01600 0.62600
v -0.01600 -0.00100 -0.24200
vt 0.01600 0.49800
vn -1.00000 0.00000 0.00000
f 511/511/171 512/512/171 513/513/171
v -0.01600 0.06300 -0.23500
vt 0.03000 0.62600
v -0.01600 -0.00100 -0.24200
vt 0.01600 0.49800
v -0.01600 -0.00100 -0.23500
vt 0.03000 0.49800
vn -1.00000 0.00000 0.00000
f 514/514/172 515/515/172 516/516/172
v 0.01300 0.06300 -0.24500
vt 0.01000 0.62600
v 0.01600 0.06300 -0.24200
vt 0.01600 0.62600
v 0.01600 -0.00100 -0.24200
vt 0.01600 0.49800
vn 0.70711 -0.00000 -0.70711
f 517/517/173 518/518/173 519/519/173
v 0.01300 0.06300 -0.24500
vt 0.01000 0.62600
v 0.01600 -0.00100 -0.24200
vt 0.01600 0.49800
v 0.01300 -0.00100 -0.24500
vt 0.01000 0.49800
vn 0.70711 -0.00000 -0.70711
f 520/520/174 521/521/174 522/522/174
v 0.01300 0.06300 -0.24500
vt 0.01000 0.62600
v -0.01300 -0.00100 -0.24500
vt 0.01000 0.49800
v -0.01300 0.06300 -0.24500
vt 0.01000 0.62600
vn 0.00000 -0.00000 -1.00000
f 523/523/175 524/524/175 525/525/175
v 0.01300 0.06300 -0.24500
vt 0.01000 0.62600
v 0.01300 -0.00100 -0.24500
vt 0.01000 0.49800
v -0.01300 -0.00100 -0.24500
vt 0.01000 0.49800
vn 0.00000 -0.00000 -1.00000
f 526/526/176 527/527/176 528/528/176
v -0.01300 0.06600 -0.24200
vt 0.01600 0.63200
v 0.01300 0.06600 -0.23500
vt 0.03000 0.63200
v 0.01300 0.06600 -0.24200
vt 0.01600 0.63200
vn -0.00000 1.00000 0.00000
f 529/529/177 530/530/177 531/531/177
v -0.01300 0.06600 -0.24200
vt 0.01600 0.63200
v -0.01300 0.06600 -0.23500
vt 0.03000 0.63200
v 0.01300 0.06600 -0.23500
vt 0.03000 0.63200
vn -0.00000 1.00000 0.00000
f 532/532/178 533/533/178 534/534/178
v -0.01300 0.06600 -0.24200
vt 0.01600 0.63200
v 0.01300 0.06300 -0.24500
vt 0.01000 0.62600
v -0.01300 0.06300 -0.24500
vt 0.01000 0.62600
vn -0.00000 0.70711 -0.70711
f 535/535/179 536/536/179 537/537/179
v -0.01300 0.06600 -0.24200
vt 0.01600 0.63200
v 0.01300 0.06600 -0.24200
vt 0.01600 0.63200
v 0.01300 0.06300 -0.24500
vt 0.01000 0.62600
vn -0.00000 0.70711 -0.70711
f 538/538/180 539/539/180 540/540/180
v -0.01300 0.06600 -0.24200
vt 0.01600 0.63200
v -0.01600 0.06300 -0.24200
vt 0.01600 0.62600
v -0.01600 0.06300 -0.23500
vt 0.03000 0.62600
vn -0.70711 0.70711 0.00000
f 541/541/181 542/542/181 543/543/181
v -0.01300 0.06600 -0.24200
vt 0.01600 0.63200
v -0.01600 0.06300 -0.23500
vt 0.03000 0.62600
v -0.01300 0.06600 -0.23500
vt 0.03000 0.63200
vn -0.70711 0.70711 0.00000
f 544/544/182 545/545/182 546/546/182
v 0.01300 -0.00400 -0.23500
vt 0.03000 0.49200
v 0.01600 -0.00100 -0.24200
vt 0.01600 0.49800
v 0.01600 -0.00100 -0.23500
vt 0.03000 0.49800
vn 0.70711 -0.70711 -0.00000
f 547/547/183 548/548/183 549/549/183
v 0.01300 -0.00400 -0.23500
vt 0.03000 0.49200
v 0.01300 -0.00400 -0.24200
vt 0.01600 0.49200
v 0.01600 -0.00100 -0.24200
vt 0.01600 0.49800
vn 0.70711 -0.70711 -0.00000
f 550/550/184 551/551/184 552/552/184
v -0.01300 -0.00400 -0.24200
vt 0.01600 0.49200
v -0.01300 -0.00100 -0.24500
vt 0.01000 0.49800
v 0.01300 -0.00100 -0.24500
vt 0.01000 0.49800
vn -0.00000 -0.70711 -0.70711
f 553/553/185 554/554/185 555/555/185
v -0.01300 -0.00400 -0.24200
vt 0.01600 0.49200
v 0.01300 -0.00100 -0.24500
vt 0.01000 0.49800
v 0.01300 -0.00400 -0.24200
vt 0.01600 0.49200
vn -0.00000 -0.70711 -0.70711
f 556/556/186 557/557/186 558/558/186
v -0.01300 -0.00400 -0.23500
vt 0.03000 0.49200
v -0.01600 -0.00100 -0.23500
vt 0.03000 0.49800
v -0.01600 -0.00100 -0.24200
vt 0.01600 0.49800
vn -0.70711 -0.70711 0.00000
f 559/559/187 560/560/187 561/561/187
v -0.01300 -0.00400 -0.23500
vt 0.03000 0.49200
v -0.01600 -0.00100 -0.24200
vt 0.01600 0.49800
v -0.01300 -0.00400 -0.24200
vt 0.01600 0.49200
vn -0.70711 -0.70711 0.00000
f 562/562/188 563/563/188 564/564/188
v -0.01300 -0.00400 -0.23500
vt 0.03000 0.49200
v 0.01300 -0.00100 -0.23200
vt 0.03600 0.49800
v -0.01300 -0.00100 -0.23200
vt 0.03600 0.49800
vn 0.00000 -0.70711 0.70711
f 565/565/189 566/566/189 567/567/189
v -0.01300 -0.00400 -0.23500
vt 0.03000 0.49200
v 0.01300 -0.00400 -0.23500
vt 0.03000 0.49200
v 0.01300 -0.00100 -0.23200
vt 0.03600 0.49800
vn 0.00000 -0.70711 0.70711
f 568/568/190 569/569/190 570/570/190
v -0.01300 -0.00400 -0.23500
vt 0.03000 0.49200
v 0.01300 -0.00400 -0.24200
vt 0.01600 0.49200
v 0.01300 -0.00400 -0.23500
vt 0.03000 0.49200
vn 0.00000 -1.00000 -0.00000
f 571/571/191 572/572/191 573/573/191
v -0.01300 -0.00400 -0.23500
vt 0.03000 0.49200
v -0.01300 -0.00400 -0.24200
vt 0.01600 0.49200
v 0.01300 -0.00400 -0.24200
vt 0.01600 0.49200
vn 0.00000 -1.00000 -0.00000
f 574/574/192 575/575/192 576/576/192
v -0.00350 -0.00200 0.06500
vt 0.63000 0.49600
v -0.00250 -0.00200 0.06600
vt 0.63200 0.49600
v -0.00250 -0.00100 0.06500
vt 0.63000 0.49800
vn -0.57735 0.57735 0.57735
f 577/577/193 578/578/193 579/579/193
v 0.00250 -0.00600 0.01900
vt 0.53800 0.48800
v 0.00250 -0.00500 0.01800
vt 0.53600 0.49000
v 0.00350 -0.00500 0.01900
vt 0.53800 0.49000
vn 0.57735 -0.57735 -0.57735
f 580/580/194 581/581/194 582/582/194
v 0.00250 -0.00200 0.06600
vt 0.63200 0.49600
v 0.00350 -0.00200 0.06500
vt 0.63000 0.49600
v 0.00250 -0.00100 0.06500
vt 0.63000 0.49800
vn 0.57735 0.57735 0.57735
f 583/583/195 584/584/195 585/585/195
v -0.00350 -0.00200 0.01900
vt 0.53800 0.49600
v -0.00250 -0.00100 0.01900
vt 0.53800 0.49800
v -0.00250 -0.00200 0.01800
vt 0.53600 0.49600
vn -0.57735 0.57735 -0.57735
f 586/586/196 587/587/196 588/588/196
v 0.00250 -0.00200 0.01800
vt 0.53600 0.49600
v 0.00250 -0.00100 0.01900
vt 0.53800 0.49800
v 0.00350 -0.00200 0.01900
vt 0.53800 0.49600
vn 0.57735 0.57735 -0.57735
f 589/589/197 590/590/197 591/591/197
v 0.00250 -0.00600 0.06500
vt 0.63000 0.48800
v 0.00350 -0.00500 0.06500
vt 0.63000 0.49000
v 0.00250 -0.00500 0.06600
vt 0.63200 0.49000
vn 0.57735 -0.57735 0.57735
f 592/592/198 593/593/198 594/594/198
v -0.00250 -0.00600 0.01900
vt 0.53800 0.48800
v -0.00350 -0.00500 0.01900
vt 0.53800 0.49000
v -0.00250 -0.00500 0.01800
vt 0.53600 0.49000
vn -0.57735 -0.57735 -0.57735
f 595/595/199 596/596/199 597/597/199
v -0.00250 -0.00600 0.06500
vt 0.63000 0.48800
v -0.00250 -0.00500 0.06600
vt 0.63200 0.49000
v -0.00350 -0.00500 0.06500
vt 0.63000 0.49000
vn -0.57735 -0.57735 0.57735
f 598/598/200 599/599/200 600/600/200
v 0.00350 -0.00200 0.01900
vt 0.53800 0.49600
v 0.00350 -0.00500 0.06500
vt 0.63000 0.49000
v 0.00350 -0.00500 0.01900
vt 0.53800 0.49000
vn 1.00000 0.00000 -0.00000
f 601/601/201 602/602/201 603/603/201
v 0.00350 -0.00200 0.01900
vt 0.53800 0.49600
v 0.00350 -0.00200 0.06500
vt 0.63000 0.49600
v 0.00350 -0.00500 0.06500
vt 0.63000 0.49000
vn 1.00000 0.00000 -0.00000
f 604/604/202 605/605/202 606/606/202
v 0.00250 -0.00100 0.06500
vt 0.63000 0.49800
v -0.00250 -0.00100 0.01900
vt 0.53800 0.49800
v -0.00250 -0.00100 0.06500
vt 0.63000 0.49800
vn -0.00000 1.00000 -0.00000
f 607/607/203 608/608/203 609/609/203
v 0.00250 -0.00100 0.06500
vt 0.63000 0.49800
v 0.00250 -0.00100 0.01900
vt 0.53800 0.49800
v -0.00250 -0.00100 0.01900
vt 0.53800 0.49800
vn -0.00000 1.00000 -0.00000
f 610/610/204 611/611/204 612/612/204
v 0.00250 -0.00100 0.06500
vt 0.63000 0.49800
v 0.00350 -0.00200 0.06500
vt 0.63000 0.49600
v 0.00350 -0.00200 0.01900
vt 0.53800 0.49600
vn 0.70711 0.70711 -0.00000
f 613/613/205 614/614/205 615/615/205
v 0.00250 -0.00100 0.06500
vt 0.63000 0.49800
v 0.00350 -0.00200 0.01900
vt 0.53800 0.49600
v 0.00250 -0.00100 0.01900
vt 0.53800 0.49800
vn 0.70711 0.70711 -0.00000
f 616/616/206 617/617/206 618/618/206
v 0.00250 -0.00200 0.06600
vt 0.63200 0.49600
v 0.00350 -0.00500 0.06500
vt 0.63000 0.49000
v 0.00350 -0.00200 0.06500
vt 0.63000 0.49600
vn 0.70711 0.00000 0.70711
f 619/619/207 620/620/207 621/621/207
v 0.00250 -0.00200 0.06600
vt 0.63200 0.49600
v 0.00250 -0.00500 0.06600
vt 0.63200 0.49000
v 0.00350 -0.00500 0.06500
vt 0.63000 0.49000
vn 0.70711 0.00000 0.70711
f 622/622/208 623/623/208 624/624/208
v 0.00250 -0.00200 0.06600
vt 0.63200 0.49600
v 0.00250 -0.00100 0.06500
vt 0.63000 0.49800
v -0.00250 -0.00100 0.06500
vt 0.63000 0.49800
vn -0.00000 0.70711 0.70711
f 625/625/209 626/626/209 627/627/209
v 0.00250 -0.00200 0.06600
vt 0.63200 0.49600
v -0.00250 -0.00100 0.06500
vt 0.63000 0.49800
v -0.00250 -0.00200 0.06600
vt 0.63200 0.49600
vn -0.00000 0.70711 0.70711
f 628/628/210 629/629/210 630/630/210
v -0.00350 -0.00200 0.01900
vt 0.53800 0.49600
v -0.00250 -0.00200 0.01800
vt 0.53600 0.49600
v -0.00250 -0.00500 0.01800
vt 0.53600 0.49000
vn -0.70711 -0.00000 -0.70711
f 631/631/211 632/632/211 633/633/211
v -0.00350 -0.00200 0.01900
vt 0.53800 0.49600
v -0.00250 -0.00500 0.01800
vt 0.53600 0.49000
v -0.00350 -0.00500 0.01900
vt 0.53800 0.49000
vn -0.70711 -0.00000 -0.70711
f 634/634/212 635/635/212 636/636/212
v -0.00350 -0.00200 0.01900
vt 0.53800 0.49600
v -0.00350 -0.00500 0.01900
vt 0.53800 0.49000
v -0.00350 -0.00500 0.06500
vt 0.63000 0.49000
vn -1.00000 0.00000 -0.00000
f 637/637/213 638/638/213 639/639/213
v -0.00350 -0.00200 0.01900
vt 0.53800 0.49600
v -0.00350 -0.00500 0.06500
vt 0.63000 0.49000
v -0.00350 -0.00200 0.06500
vt 0.63000 0.49600
vn -1.00000 0.00000 -0.00000
f 640/640/214 641/641/214 642/642/214
v -0.00350 -0.00200 0.01900
vt 0.53800 0.49600
v -0.00250 -0.00100 0.06500
vt 0.63000 0.49800
v -0.00250 -0.00100 0.01900
vt 0.53800 0.49800
vn -0.70711 0.70711 -0.00000
f 643/643/215 644/644/215 645/645/215
v -0.00350 -0.00200 0.01900
vt 0.53800 0.49600
v -0.00350 -0.00200 0.06500
vt 0.63000 0.49600
v -0.00250 -0.00100 0.06500
vt 0.63000 0.49800
vn -0.70711 0.70711 -0.00000
f 646/646/216 647/647/216 648/648/216
v 0.00250 -0.00200 0.01800
vt 0.53600 0.49600
v -0.00250 -0.00100 0.01900
vt 0.53800 0.49800
v 0.00250 -0.00100 0.01900
vt 0.53800 0.49800
vn -0.00000 0.70711 -0.70711
f 649/649/217 650/650/217 651/651/217
v 0.00250 -0.00200 0.01800
vt 0.53600 0.49600
v -0.00250 -0.00200 0.01800
vt 0.53600 0.49600
v -0.00250 -0.00100 0.01900
vt 0.53800 0.49800
vn -0.00000 0.70711 -0.70711
f 652/652/218 653/653/218 654/654/218
v 0.00250 -0.00200 0.01800
vt 0.53600 0.49600
v -0.00250 -0.00500 0.01800
vt 0.53600 0.49000
v -0.00250 -0.00200 0.01800
vt 0.53600 0.49600
vn -0.00000 0.00000 -1.00000
f 655/655/219 656/656/219 657/657/219
v 0.00250 -0.00200 0.01800
vt 0.53600 0.49600
v 0.00250 -0.00500 0.01800
vt 0.53600 0.49000
v -0.00250 -0.00500 0.01800
vt 0.53600 0.49000
vn -0.00000 0.00000 -1.00000
f 658/658/220 659/659/220 660/660/220
v 0.00250 -0.00200 0.01800
vt 0.53600 0.49600
v 0.00350 -0.00200 0.01900
vt 0.53800 0.49600
v 0.00350 -0.00500 0.01900
vt 0.53800 0.49000
vn 0.70711 -0.00000 -0.70711
f 661/661/221 662/662/221 663/663/221
v 0.00250 -0.00200 0.01800
vt 0.53600 0.49600
v 0.00350 -0.00500 0.01900
vt 0.53800 0.49000
v 0.00250 -0.00500 0.01800
vt 0.53600 0.49000
vn 0.70711 -0.00000 -0.70711
f 664/664/222 665/665/222 666/666/222
v -0.00250 -0.00500 0.06600
vt 0.63200 0.49000
v 0.00250 -0.00500 0.06600
vt 0.63200 0.49000
v 0.00250 -0.00200 0.06600
vt 0.63200 0.49600
vn 0.00000 0.00000 1.00000
f 667/667/223 668/668/223 669/669/223
v -0.00250 -0.00500 0.06600
vt 0.63200 0.49000
v 0.00250 -0.00200 0.06600
vt 0.63200 0.49600
v -0.00250 -0.00200 0.06600
vt 0.63200 0.49600
vn 0.00000 0.00000 1.00000
f 670/670/224 671/671/224 672/672/224
v -0.00250 -0.00500 0.06600
vt 0.63200 0.49000
v -0.00350 -0.00200 0.06500
vt 0.63000 0.49600
v -0.00350 -0.00500 0.06500
vt 0.63000 0.49000
vn -0.70711 0.00000 0.70711
f 673/673/225 674/674/225 675/675/225
v -0.00250 -0.00500 0.06600
vt 0.63200 0.49000
v -0.00250 -0.00200 0.06600
vt 0.63200 0.49600
v -0.00350 -0.00200 0.06500
vt 0.63000 0.49600
vn -0.70711 0.00000 0.70711
f 676/676/226 677/677/226 678/678/226
v 0.00250 -0.00600 0.06500
vt 0.63000 0.48800
v 0.00350 -0.00500 0.01900
vt 0.53800 0.49000
v 0.00350 -0.00500 0.06500
vt 0.63000 0.49000
vn 0.70711 -0.70711 -0.00000
f 679/679/227 680/680/227 681/681/227
v 0.00250 -0.00600 0.06500
vt 0.63000 0.48800
v 0.00250 -0.00600 0.01900
vt 0.53800 0.48800
v 0.00350 -0.00500 0.01900
vt 0.53800 0.49000
vn 0.70711 -0.70711 -0.00000
f 682/682/228 683/683/228 684/684/228
v -0.00250 -0.00600 0.01900
vt 0.53800 0.48800
v -0.00250 -0.00500 0.01800
vt 0.53600 0.49000
v 0.00250 -0.00500 0.01800
vt 0.53600 0.49000
vn 0.00000 -0.70711 -0.70711
f 685/685/229 686/686/229 687/687/229
v -0.00250 -0.00600 0.01900
vt 0.53800 0.48800
v 0.00250 -0.00500 0.01800
vt 0.53600 0.49000
v 0.00250 -0.00600 0.01900
vt 0.53800 0.48800
vn 0.00000 -0.70711 -0.70711
f 688/688/230 689/689/230 690/690/230
v -0.00250 -0.00600 0.06500
vt 0.63000 0.48800
v 0.00250 -0.00500 0.06600
vt 0.63200 0.49000
v -0.00250 -0.00500 0.06600
vt 0.63200 0.49000
vn 0.00000 -0.70711 0.70711
f 691/691/231 692/692/231 693/693/231
v -0.00250 -0.00600 0.06500
vt 0.63000 0.48800
v 0.00250 -0.00600 0.06500
vt 0.63000 0.48800
v 0.00250 -0.00500 0.06600
vt 0.63200 0.49000
vn 0.00000 -0.70711 0.70711
f 694/694/232 695/695/232 696/696/232
v -0.00250 -0.00600 0.06500
vt 0.63000 0.48800
v -0.00350 -0.00500 0.06500
vt 0.63000 0.49000
v -0.00350 -0.00500 0.01900
vt 0.53800 0.49000
vn -0.70711 -0.70711 0.00000
f 697/697/233 698/698/233 699/699/233
v -0.00250 -0.00600 0.06500
vt 0.63000 0.48800
v -0.00350 -0.00500 0.01900
vt 0.53800 0.49000
v -0.00250 -0.00600 0.01900
vt 0.53800 0.48800
vn -0.70711 -0.70711 0.00000
f 700/700/234 701/701/234 702/702/234
v -0.00250 -0.00600 0.06500
vt 0.63000 0.48800
v 0.00250 -0.00600 0.01900
vt 0.53800 0.48800
v 0.00250 -0.00600 0.06500
vt 0.63000 0.48800
vn 0.00000 -1.00000 -0.00000
f 703/703/235 704/704/235 705/705/235
v -0.00250 -0.00600 0.06500
vt 0.63000 0.48800
v -0.00250 -0.00600 0.01900
vt 0.53800 0.48800
v 0.00250 -0.00600 0.01900
vt 0.53800 0.48800
vn 0.00000 -1.00000 -0.00000
f 706/706/236 707/707/236 708/708/236
v 0.00250 0.01500 0.06600
vt 0.63200 0.53000
v 0.00350 0.01500 0.06500
vt 0.63000 0.53000
v 0.00250 0.01600 0.06500
vt 0.63000 0.53200
vn 0.57735 0.57735 0.57735
f 709/709/237 710/710/237 711/711/237
v 0.00250 -0.00600 0.06200
vt 0.62400 0.48800
v 0.00250 -0.00500 0.06100
vt 0.62200 0.49000
v 0.00350 -0.00500 0.06200
vt 0.62400 0.49000
vn 0.57735 -0.57735 -0.57735
f 712/712/238 713/713/238 714/714/238
v -0.00350 0.01500 0.06500
vt 0.63000 0.53000
v -0.00250 0.01500 0.06600
vt 0.63200 0.53000
v -0.00250 0.01600 0.06500
vt 0.63000 0.53200
vn -0.57735 0.57735 0.57735
f 715/715/239 716/716/239 717/717/239
v 0.00250 0.01500 0.06100
vt 0.62200 0.53000
v 0.00250 0.01600 0.06200
vt 0.62400 0.53200
v 0.00350 0.01500 0.06200
vt 0.62400 0.53000
vn 0.57735 0.57735 -0.57735
f 718/718/240 719/719/240 720/720/240
v -0.00250 0.01600 0.06200
vt 0.62400 0.53200
v -0.00250 0.01500 0.06100
vt 0.62200 0.53000
v -0.00350 0.01500 0.06200
vt 0.62400 0.53000
vn -0.57735 0.57735 -0.57735
f 721/721/241 722/722/241 723/723/241
v 0.00250 -0.00600 0.06500
vt 0.63000 0.48800
v 0.00350 -0.00500 0.06500
vt 0.63000 0.49000
v 0.00250 -0.00500 0.06600
vt 0.63200 0.49000
vn 0.57735 -0.57735 0.57735
f 724/724/242 725/725/242 726/726/242
v -0.00250 -0.00600 0.06200
vt 0.62400 0.48800
v -0.00350 -0.00500 0.06200
vt 0.62400 0.49000
v -0.00250 -0.00500 0.06100
vt 0.62200 0.49000
vn -0.57735 -0.57735 -0.57735
f 727/727/243 728/728/243 729/729/243
v -0.00250 -0.00600 0.06500
vt 0.63000 0.48800
v -0.00250 -0.00500 0.06600
vt 0.63200 0.49000
v -0.00350 -0.00500 0.06500
vt 0.63000 0.49000
vn -0.57735 -0.57735 0.57735
f 730/730/244 731/731/244 732/732/244
v 0.00350 0.01500 0.06200
vt 0.62400 0.53000
v 0.00350 -0.00500 0.06500
vt 0.63000 0.49000
v 0.00350 -0.00500 0.06200
vt 0.62400 0.49000
vn 1.00000 0.00000 -0.00000
f 733/733/245 734/734/245 735/735/245
v 0.00350 0.01500 0.06200
vt 0.62400 0.53000
v 0.00350 0.01500 0.06500
vt 0.63000 0.53000
v 0.00350 -0.00500 0.06500
vt 0.63000 0.49000
vn 1.00000 0.00000 -0.00000
f 736/736/246 737/737/246 738/738/246
v 0.00250 0.01600 0.06500
vt 0.63000 0.53200
v 0.00350 0.01500 0.06500
vt 0.63000 0.53000
v 0.00350 0.01500 0.06200
vt 0.62400 0.53000
vn 0.70711 0.70711 -0.00000
f 739/739/247 740/740/247 741/741/247
v 0.00250 0.01600 0.06500
vt 0.63000 0.53200
v 0.00350 0.01500 0.06200
vt 0.62400 0.53000
v 0.00250 0.01600 0.06200
vt 0.62400 0.53200
vn 0.70711 0.70711 -0.00000
f 742/742/248 743/743/248 744/744/248
v 0.00250 0.01500 0.06600
vt 0.63200 0.53000
v -0.00250 -0.00500 0.06600
vt 0.63200 0.49000
v 0.00250 -0.00500 0.06600
vt 0.63200 0.49000
vn 0.00000 -0.00000 1.00000
f 745/745/249 746/746/249 747/747/249
v 0.00250 0.01500 0.06600
vt 0.63200 0.53000
v -0.00250 0.01500 0.06600
vt 0.63200 0.53000
v -0.00250 -0.00500 0.06600
vt 0.63200 0.49000
vn 0.00000 -0.00000 1.00000
f 748/748/250 749/749/250 750/750/250
v 0.00250 0.01500 0.06600
vt 0.63200 0.53000
v 0.00250 -0.00500 0.06600
vt 0.63200 0.49000
v 0.00350 -0.00500 0.06500
vt 0.63000 0.49000
vn 0.70711 0.00000 0.70711
f 751/751/251 752/752/251 753/753/251
v 0.00250 0.01500 0.06600
vt 0.63200 0.53000
v 0.00350 -0.00500 0.06500
vt 0.63000 0.49000
v 0.00350 0.01500 0.06500
vt 0.63000 0.53000
vn 0.70711 0.00000 0.70711
f 754/754/252 755/755/252 756/756/252
v -0.00250 0.01600 0.06500
vt 0.63000 0.53200
v -0.00250 0.01500 0.06600
vt 0.63200 0.53000
v 0.00250 0.01500 0.06600
vt 0.63200 0.53000
vn 0.00000 0.70711 0.70711
f 757/757/253 758/758/253 759/759/253
v -0.00250 0.01600 0.06500
vt 0.63000 0.53200
v 0.00250 0.01500 0.06600
vt 0.63200 0.53000
v 0.00250 0.01600 0.06500
vt 0.63000 0.53200
vn 0.00000 0.70711 0.70711
f 760/760/254 761/761/254 762/762/254
v -0.00250 0.01500 0.06100
vt 0.62200 0.53000
v -0.00250 -0.00500 0.06100
vt 0.62200 0.49000
v -0.00350 -0.00500 0.06200
vt 0.62400 0.49000
vn -0.70711 -0.00000 -0.70711
f 763/763/255 764/764/255 765/765/255
v -0.00250 0.01500 0.06100
vt 0.62200 0.53000
v -0.00350 -0.00500 0.06200
vt 0.62400 0.49000
v -0.00350 0.01500 0.06200
vt 0.62400 0.53000
vn -0.70711 -0.00000 -0.70711
f 766/766/256 767/767/256 768/768/256
v -0.00350 0.01500 0.06500
vt 0.63000 0.53000
v -0.00250 -0.00500 0.06600
vt 0.63200 0.49000
v -0.00250 0.01500 0.06600
vt 0.63200 0.53000
vn -0.70711 0.00000 0.70711
f 769/769/257 770/770/257 771/771/257
v -0.00350 0.01500 0.06500
vt 0.63000 0.53000
v -0.00350 -0.00500 0.06500
vt 0.63000 0.49000
v -0.00250 -0.00500 0.06600
vt 0.63200 0.49000
vn -0.70711 0.00000 0.70711
f 772/772/258 773/773/258 774/774/258
v -0.00350 0.01500 0.06500
vt 0.63000 0.53000
v -0.00350 0.01500 0.06200
vt 0.62400 0.53000
v -0.00350 -0.00500 0.06200
vt 0.62400 0.49000
vn -1.00000 0.00000 0.00000
f 775/775/259 776/776/259 777/777/259
v -0.00350 0.01500 0.06500
vt 0.63000 0.53000
v -0.00350 -0.00500 0.06200
vt 0.62400 0.49000
v -0.00350 -0.00500 0.06500
vt 0.63000 0.49000
vn -1.00000 0.00000 0.00000
f 778/778/260 779/779/260 780/780/260
v 0.00250 0.01500 0.06100
vt 0.62200 0.53000
v 0.00350 0.01500 0.06200
vt 0.62400 0.53000
v 0.00350 -0.00500 0.06200
vt 0.62400 0.49000
vn 0.70711 -0.00000 -0.70711
f 781/781/261 782/782/261 783/783/261
v 0.00250 0.01500 0.06100
vt 0.62200 0.53000
v 0.00350 -0.00500 0.06200
vt 0.62400 0.49000
v 0.00250 -0.00500 0.06100
vt 0.62200 0.49000
vn 0.70711 -0.00000 -0.70711
f 784/784/262 785/785/262 786/786/262
v 0.00250 0.01500 0.06100
vt 0.62200 0.53000
v -0.00250 -0.00500 0.06100
vt 0.62200 0.49000
v -0.00250 0.01500 0.06100
vt 0.62200 0.53000
vn 0.00000 -0.00000 -1.00000
f 787/787/263 788/788/263 789/789/263
v 0.00250 0.01500 0.06100
vt 0.62200 0.53000
v 0.00250 -0.00500 0.06100
vt 0.62200 0.49000
v -0.00250 -0.00500 0.06100
vt 0.62200 0.49000
vn 0.00000 -0.00000 -1.00000
f 790/790/264 791/791/264 792/792/264
v -0.00250 0.01600 0.06200
vt 0.62400 0.53200
v 0.00250 0.01600 0.06500
vt 0.63000 0.53200
v 0.00250 0.01600 0.06200
vt 0.62400 0.53200
vn -0.00000 1.00000 0.00000
f 793/793/265 794/794/265 795/795/265
v -0.00250 0.01600 0.06200
vt 0.62400 0.53200
v -0.00250 0.01600 0.06500
vt 0.63000 0.53200
v 0.00250 0.01600 0.06500
vt 0.63000 0.53200
vn -0.00000 1.00000 0.00000
f 796/796/266 797/797/266 798/798/266
v -0.00250 0.01600 0.06200
vt 0.62400 0.53200
v 0.00250 0.01500 0.06100
vt 0.62200 0.53000
v -0.00250 0.01500 0.06100
vt 0.62200 0.53000
vn -0.00000 0.70711 -0.70711
f 799/799/267 800/800/267 801/801/267
v -0.00250 0.01600 0.06200
vt 0.62400 0.53200
v 0.00250 0.01600 0.06200
vt 0.62400 0.53200
v 0.00250 0.01500 0.06100
vt 0.62200 0.53000
vn -0.00000 0.70711 -0.70711
f 802/802/268 803/803/268 804/804/268
v -0.00250 0.01600 0.06200
vt 0.62400 0.53200
v -0.00350 0.01500 0.06200
vt 0.62400 0.53000
v -0.00350 0.01500 0.06500
vt 0.63000 0.53000
vn -0.70711 0.70711 0.00000
f 805/805/269 806/806/269 807/807/269
v -0.00250 0.01600 0.06200
vt 0.62400 0.53200
v -0.00350 0.01500 0.06500
vt 0.63000 0.53000
v -0.00250 0.01600 0.06500
vt 0.63000 0.53200
vn -0.70711 0.70711 0.00000
f 808/808/270 809/809/270 810/810/270
v 0.00250 -0.00600 0.06500
vt 0.63000 0.48800
v 0.00350 -0.00500 0.06200
vt 0.62400 0.49000
v 0.00350 -0.00500 0.06500
vt 0.63000 0.49000
vn 0.70711 -0.70711 -0.00000
f 811/811/271 812/812/271 813/813/271
v 0.00250 -0.00600 0.06500
vt 0.63000 0.48800
v 0.00250 -0.00600 0.06200
vt 0.62400 0.48800
v 0.00350 -0.00500 0.06200
vt 0.62400 0.49000
vn 0.70711 -0.70711 -0.00000
f 814/814/272 815/815/272 816/816/272
v -0.00250 -0.00600 0.06200
vt 0.62400 0.48800
v -0.00250 -0.00500 0.06100
vt 0.62200 0.49000
v 0.00250 -0.00500 0.06100
vt 0.62200 0.49000
vn -0.00000 -0.70711 -0.70711
f 817/817/273 818/818/273 819/819/273
v -0.00250 -0.00600 0.06200
vt 0.62400 0.48800
v 0.00250 -0.00500 0.06100
vt 0.62200 0.49000
v 0.00250 -0.00600 0.06200
vt 0.62400 0.48800
vn -0.00000 -0.70711 -0.70711
f 820/820/274 821/821/274 822/822/274
v -0.00250 -0.00600 0.06500
vt 0.63000 0.48800
v -0.00350 -0.00500 0.06500
vt 0.63000 0.49000
v -0.00350 -0.00500 0.06200
vt 0.62400 0.49000
vn -0.70711 -0.70711 0.00000
f 823/823/275 824/824/275 825/825/275
v -0.00250 -0.00600 0.06500
vt 0.63000 0.48800
v -0.00350 -0.00500 0.06200
vt 0.62400 0.49000
v -0.00250 -0.00600 0.06200
vt 0.62400 0.48800
vn -0.70711 -0.70711 0.00000
f 826/826/276 827/827/276 828/828/276
v -0.00250 -0.00600 0.06500
vt 0.63000 0.48800
v 0.00250 -0.00500 0.06600
vt 0.63200 0.49000
v -0.00250 -0.00500 0.06600
vt 0.63200 0.49000
vn 0.00000 -0.70711 0.70711
f 829/829/277 830/830/277 831/831/277
v -0.00250 -0.00600 0.06500
vt 0.63000 0.48800
v 0.00250 -0.00600 0.06500
vt 0.63000 0.48800
v 0.00250 -0.00500 0.06600
vt 0.63200 0.49000
vn 0.00000 -0.70711 0.70711
f 832/832/278 833/833/278 834/834/278
v -0.00250 -0.00600 0.06500
vt 0.63000 0.48800
v 0.00250 -0.00600 0.06200
vt 0.62400 0.48800
v 0.00250 -0.00600 0.06500
vt 0.63000 0.48800
vn 0.00000 -1.00000 -0.00000
f 835/835/279 836/836/279 837/837/279
v -0.00250 -0.00600 0.06500
vt 0.63000 0.48800
v -0.00250 -0.00600 0.06200
vt 0.62400 0.48800
v 0.00250 -0.00600 0.06200
vt 0.62400 0.48800
vn 0.00000 -1.00000 -0.00000
f 838/838/280 839/839/280 840/840/280
o Gunmetal
usemtl Gunmetal
v 0.01700 0.07100 0.24000
vt 0.98000 0.64200
v 0.02100 0.07100 0.23600
vt 0.97200 0.64200
v 0.01700 0.07500 0.23600
vt 0.97200 0.65000
vn 0.57735 0.57735 0.57735
f 841/841/281 842/842/281 843/843/281
v 0.01700 0.01500 -0.07600
vt 0.34800 0.53000
v 0.01700 0.01900 -0.08000
vt 0.34000 0.53800
v 0.02100 0.01900 -0.07600
vt 0.34800 0.53800
vn 0.57735 -0.57735 -0.57735
f 844/844/282 845/845/282 846/846/282
v -0.01700 0.07100 -0.08000
vt 0.34000 0.64200
v -0.02100 0.07100 -0.07600
vt 0.34800 0.64200
v -0.01700 0.07500 -0.07600
vt 0.34800 0.65000
vn -0.57735 0.57735 -0.57735
f 847/847/283 848/848/283 849/849/283
v -0.01700 0.01500 -0.07600
vt 0.34800 0.53000
v -0.02100 0.01900 -0.07600
vt 0.34800 0.53800
v -0.01700 0.01900 -0.08000
vt 0.34000 0.53800
vn -0.57735 -0.57735 -0.57735
f 850/850/284 851/851/284 852/852/284
v -0.01700 0.07500 0.23600
vt 0.97200 0.65000
v -0.02100 0.07100 0.23600
vt 0.97200 0.64200
v -0.01700 0.07100 0.24000
vt 0.98000 0.64200
vn -0.57735 0.57735 0.57735
f 853/853/285 854/854/285 855/855/285
v 0.01700 0.07100 -0.08000
vt 0.34000 0.64200
v 0.01700 0.07500 -0.07600
vt 0.34800 0.65000
v 0.02100 0.07100 -0.07600
vt 0.34800 0.64200
vn 0.57735 0.57735 -0.57735
f 856/856/286 857/857/286 858/858/286
v 0.01700 0.01500 0.23600
vt 0.97200 0.53000
v 0.02100 0.01900 0.23600
vt 0.97200 0.53800
v 0.01700 0.01900 0.24000
vt 0.98000 0.53800
vn 0.57735 -0.57735 0.57735
f 859/859/287 860/860/287 861/861/287
v -0.01700 0.01500 0.23600
vt 0.97200 0.53000
v -0.01700 0.01900 0.24000
vt 0.98000 0.53800
v -0.02100 0.01900 0.23600
vt 0.97200 0.53800
vn -0.57735 -0.57735 0.57735
f 862/862/288 863/863/288 864/864/288
v -0.02100 0.01900 0.23600
vt 0.97200 0.53800
v -0.02100 0.07100 -0.07600
vt 0.34800 0.64200
v -0.02100 0.01900 -0.07600
vt 0.34800 0.53800
vn -1.00000 -0.00000 -0.00000
f 865/865/289 866/866/289 867/867/289
v -0.02100 0.01900 0.23600
vt 0.97200 0.53800
v -0.02100 0.07100 0.23600
vt 0.97200 0.64200
v -0.02100 0.07100 -0.07600
vt 0.34800 0.64200
vn -1.00000 -0.00000 -0.00000
f 868/868/290 869/869/290 870/870/290
v 0.02100 0.07100 -0.07600
vt 0.34800 0.64200
v 0.02100 0.01900 0.23600
vt 0.97200 0.53800
v 0.02100 0.01900 -0.07600
vt 0.34800 0.53800
vn 1.00000 0.00000 -0.00000
f 871/871/291 872/872/291 873/873/291
v 0.02100 0.07100 -0.07600
vt 0.34800 0.64200
v 0.02100 0.07100 0.23600
vt 0.97200 0.64200
v 0.02100 0.01900 0.23600
vt 0.97200 0.53800
vn 1.00000 0.00000 -0.00000
f 874/874/292 875/875/292 876/876/292
v 0.01700 0.07500 0.23600
vt 0.97200 0.65000
v 0.02100 0.07100 0.23600
vt 0.97200 0.64200
v 0.02100 0.07100 -0.07600
vt 0.34800 0.64200
vn 0.70711 0.70711 -0.00000
f 877/877/293 878/878/293 879/879/293
v 0.01700 0.07500 0.23600
vt 0.97200 0.65000
v 0.02100 0.07100 -0.07600
vt 0.34800 0.64200
v 0.01700 0.07500 -0.07600
vt 0.34800 0.65000
vn 0.70711 0.70711 -0.00000
f 880/880/294 881/881/294 882/882/294
v 0.01700 0.07100 0.24000
vt 0.98000 0.64200
v 0.01700 0.01900 0.24000
vt 0.98000 0.53800
v 0.02100 0.01900 0.23600
vt 0.97200 0.53800
vn 0.70711 0.00000 0.70711
f 883/883/295 884/884/295 885/885/295
v 0.01700 0.07100 0.24000
vt 0.98000 0.64200
v 0.02100 0.01900 0.23600
vt 0.97200 0.53800
v 0.02100 0.07100 0.23600
vt 0.97200 0.64200
vn 0.70711 0.00000 0.70711
f 886/886/296 887/887/296 888/888/296
v -0.01700 0.07100 0.24000
vt 0.98000 0.64200
v -0.02100 0.07100 0.23600
vt 0.97200 0.64200
v -0.02100 0.01900 0.23600
vt 0.97200 0.53800
vn -0.70711 -0.00000 0.70711
f 889/889/297 890/890/297 891/891/297
v -0.01700 0.07100 0.24000
vt 0.98000 0.64200
v -0.02100 0.01900 0.23600
vt 0.97200 0.53800
v -0.01700 0.01900 0.24000
vt 0.98000 0.53800
vn -0.70711 -0.00000 0.70711
f 892/892/298 893/893/298 894/894/298
v -0.01700 0.07100 0.24000
vt 0.98000 0.64200
v 0.01700 0.01900 0.24000
vt 0.98000 0.53800
v 0.01700 0.07100 0.24000
vt 0.98000 0.64200
vn -0.00000 0.00000 1.00000
f 895/895/299 896/896/299 897/897/299
v -0.01700 0.07100 0.24000
vt 0.98000 0.64200
v -0.01700 0.01900 0.24000
vt 0.98000 0.53800
v 0.01700 0.01900 0.24000
vt 0.98000 0.53800
vn -0.00000 0.00000 1.00000
f 898/898/300 899/899/300 900/900/300
v -0.01700 0.07100 -0.08000
vt 0.34000 0.64200
v -0.02100 0.01900 -0.07600
vt 0.34800 0.53800
v -0.02100 0.07100 -0.07600
vt 0.34800 0.64200
vn -0.70711 -0.00000 -0.70711
f 901/901/301 902/902/301 903/903/301
v -0.01700 0.07100 -0.08000
vt 0.34000 0.64200
v -0.01700 0.01900 -0.08000
vt 0.34000 0.53800
v -0.02100 0.01900 -0.07600
vt 0.34800 0.53800
vn -0.70711 -0.00000 -0.70711
f 904/904/302 905/905/302 906/906/302
v -0.01700 0.01500 -0.07600
vt 0.34800 0.53000
v -0.01700 0.01900 -0.08000
vt 0.34000 0.53800
v 0.01700 0.01900 -0.08000
vt 0.34000 0.53800
vn -0.00000 -0.70711 -0.70711
f 907/907/303 908/908/303 909/909/303
v -0.01700 0.01500 -0.07600
vt 0.34800 0.53000
v 0.01700 0.01900 -0.08000
vt 0.34000 0.53800
v 0.01700 0.01500 -0.07600
vt 0.34800 0.53000
vn -0.00000 -0.70711 -0.70711
f 910/910/304 911/911/304 912/912/304
v -0.01700 0.07500 0.23600
vt 0.97200 0.65000
v -0.01700 0.07100 0.24000
vt 0.98000 0.64200
v 0.01700 0.07100 0.24000
vt 0.98000 0.64200
vn -0.00000 0.70711 0.70711
f 913/913/305 914/914/305 915/915/305
v -0.01700 0.07500 0.23600
vt 0.97200 0.65000
v 0.01700 0.07100 0.24000
vt 0.98000 0.64200
v 0.01700 0.07500 0.23600
vt 0.97200 0.65000
vn -0.00000 0.70711 0.70711
f 916/916/306 917/917/306 918/918/306
v -0.01700 0.07500 0.23600
vt 0.97200 0.65000
v -0.02100 0.07100 -0.07600
vt 0.34800 0.64200
v -0.02100 0.07100 0.23600
vt 0.97200 0.64200
vn -0.70711 0.70711 0.00000
f 919/919/307 920/920/307 921/921/307
v -0.01700 0.07500 0.23600
vt 0.97200 0.65000
v -0.01700 0.07500 -0.07600
vt 0.34800 0.65000
v -0.02100 0.07100 -0.07600
vt 0.34800 0.64200
vn -0.70711 0.70711 0.00000
f 922/922/308 923/923/308 924/924/308
v -0.01700 0.07500 0.23600
vt 0.97200 0.65000
v 0.01700 0.07500 0.23600
vt 0.97200 0.65000
v 0.01700 0.07500 -0.07600
vt 0.34800 0.65000
vn -0.00000 1.00000 0.00000
f 925/925/309 926/926/309 927/927/309
v -0.01700 0.07500 0.23600
vt 0.97200 0.65000
v 0.01700 0.07500 -0.07600
vt 0.34800 0.65000
v -0.01700 0.07500 -0.07600
vt 0.34800 0.65000
vn -0.00000 1.00000 0.00000
f 928/928/310 929/929/310 930/930/310
v 0.01700 0.07100 -0.08000
vt 0.34000 0.64200
v -0.01700 0.07500 -0.07600
vt 0.34800 0.65000
v 0.01700 0.07500 -0.07600
vt 0.34800 0.65000
vn -0.00000 0.70711 -0.70711
f 931/931/311 932/932/311 933/933/311
v 0.01700 0.07100 -0.08000
vt 0.34000 0.64200
v -0.01700 0.07100 -0.08000
vt 0.34000 0.64200
v -0.01700 0.07500 -0.07600
vt 0.34800 0.65000
vn -0.00000 0.70711 -0.70711
f 934/934/312 935/935/312 936/936/312
v 0.01700 0.07100 -0.08000
vt 0.34000 0.64200
v 0.02100 0.07100 -0.07600
vt 0.34800 0.64200
v 0.02100 0.01900 -0.07600
vt 0.34800 0.53800
vn 0.70711 -0.00000 -0.70711
f 937/937/313 938/938/313 939/939/313
v 0.01700 0.07100 -0.08000
vt 0.34000 0.64200
v 0.02100 0.01900 -0.07600
vt 0.34800 0.53800
v 0.01700 0.01900 -0.08000
vt 0.34000 0.53800
vn 0.70711 -0.00000 -0.70711
f 940/940/314 941/941/314 942/942/314
v 0.01700 0.07100 -0.08000
vt 0.34000 0.64200
v -0.01700 0.01900 -0.08000
vt 0.34000 0.53800
v -0.01700 0.07100 -0.08000
vt 0.34000 0.64200
vn 0.00000 -0.00000 -1.00000
f 943/943/315 944/944/315 945/945/315
v 0.01700 0.07100 -0.08000
vt 0.34000 0.64200
v 0.01700 0.01900 -0.08000
vt 0.34000 0.53800
v -0.01700 0.01900 -0.08000
vt 0.34000 0.53800
vn 0.00000 -0.00000 -1.00000
f 946/946/316 947/947/316 948/948/316
v 0.01700 0.01500 0.23600
vt 0.97200 0.53000
v 0.02100 0.01900 -0.07600
vt 0.34800 0.53800
v 0.02100 0.01900 0.23600
vt 0.97200 0.53800
vn 0.70711 -0.70711 -0.00000
f 949/949/317 950/950/317 951/951/317
v 0.01700 0.01500 0.23600
vt 0.97200 0.53000
v 0.01700 0.01500 -0.07600
vt 0.34800 0.53000
v 0.02100 0.01900 -0.07600
vt 0.34800 0.53800
vn 0.70711 -0.70711 -0.00000
f 952/952/318 953/953/318 954/954/318
v -0.01700 0.01500 0.23600
vt 0.97200 0.53000
v 0.01700 0.01900 0.24000
vt 0.98000 0.53800
v -0.01700 0.01900 0.24000
vt 0.98000 0.53800
vn 0.00000 -0.70711 0.70711
f 955/955/319 956/956/319 957/957/319
v -0.01700 0.01500 0.23600
vt 0.97200 0.53000
v 0.01700 0.01500 0.23600
vt 0.97200 0.53000
v 0.01700 0.01900 0.24000
vt 0.98000 0.53800
vn 0.00000 -0.70711 0.70711
f 958/958/320 959/959/320 960/960/320
v -0.01700 0.01500 0.23600
vt 0.97200 0.53000
v -0.02100 0.01900 0.23600
vt 0.97200 0.53800
v -0.02100 0.01900 -0.07600
vt 0.34800 0.53800
vn -0.70711 -0.70711 0.00000
f 961/961/321 962/962/321 963/963/321
v -0.01700 0.01500 0.23600
vt 0.97200 0.53000
v -0.02100 0.01900 -0.07600
vt 0.34800 0.53800
v -0.01700 0.01500 -0.07600
vt 0.34800 0.53000
vn -0.70711 -0.70711 0.00000
f 964/964/322 965/965/322 966/966/322
v -0.01700 0.01500 0.23600
vt 0.97200 0.53000
v -0.01700 0.01500 -0.07600
vt 0.34800 0.53000
v 0.01700 0.01500 -0.07600
vt 0.34800 0.53000
vn -0.00000 -1.00000 0.00000
f 967/967/323 968/968/323 969/969/323
v -0.01700 0.01500 0.23600
vt 0.97200 0.53000
v 0.01700 0.01500 -0.07600
vt 0.34800 0.53000
v 0.01700 0.01500 0.23600
vt 0.97200 0.53000
vn -0.00000 -1.00000 0.00000
f 970/970/324 971/971/324 972/972/324
v 0.01400 0.01300 0.11500
vt 0.73000 0.52600
v 0.01700 0.01300 0.11200
vt 0.72400 0.52600
v 0.01400 0.01600 0.11200
vt 0.72400 0.53200
vn 0.57735 0.57735 0.57735
f 973/973/325 974/974/325 975/975/325
v 0.01400 -0.04000 0.06800
vt 0.63600 0.42000
v 0.01400 -0.03700 0.06500
vt 0.63000 0.42600
v 0.01700 -0.03700 0.06800
vt 0.63600 0.42600
vn 0.57735 -0.57735 -0.57735
f 976/976/326 977/977/326 978/978/326
v -0.01400 0.01300 0.06500
vt 0.63000 0.52600
v -0.01700 0.01300 0.06800
vt 0.63600 0.52600
v -0.01400 0.01600 0.06800
vt 0.63600 0.53200
vn -0.57735 0.57735 -0.57735
f 979/979/327 980/980/327 981/981/327
v -0.01400 -0.04000 0.06800
vt 0.63600 0.42000
v -0.01700 -0.03700 0.06800
vt 0.63600 0.42600
v -0.01400 -0.03700 0.06500
vt 0.63000 0.42600
vn -0.57735 -0.57735 -0.57735
f 982/982/328 983/983/328 984/984/328
v -0.01400 0.01600 0.11200
vt 0.72400 0.53200
v -0.01700 0.01300 0.11200
vt 0.72400 0.52600
v -0.01400 0.01300 0.11500
vt 0.73000 0.52600
vn -0.57735 0.57735 0.57735
f 985/985/329 986/986/329 987/987/329
v 0.01400 0.01300 0.06500
vt 0.63000 0.52600
v 0.01400 0.01600 0.06800
vt 0.63600 0.53200
v 0.01700 0.01300 0.06800
vt 0.63600 0.52600
vn 0.57735 0.57735 -0.57735
f 988/988/330 989/989/330 990/990/330
v 0.01400 -0.04000 0.11200
vt 0.72400 0.42000
v 0.01700 -0.03700 0.11200
vt 0.72400 0.42600
v 0.01400 -0.03700 0.11500
vt 0.73000 0.42600
vn 0.57735 -0.57735 0.57735
f 991/991/331 992/992/331 993/993/331
v -0.01400 -0.04000 0.11200
vt 0.72400 0.42000
v -0.01400 -0.03700 0.11500
vt 0.73000 0.42600
v -0.01700 -0.03700 0.11200
vt 0.72400 0.42600
vn -0.57735 -0.57735 0.57735
f 994/994/332 995/995/332 996/996/332
v -0.01700 -0.03700 0.11200
vt 0.72400 0.42600
v -0.01700 0.01300 0.06800
vt 0.63600 0.52600
v -0.01700 -0.03700 0.06800
vt 0.63600 0.42600
vn -1.00000 -0.00000 -0.00000
f 997/997/333 998/998/333 999/999/333
v -0.01700 -0.03700 0.11200
vt 0.72400 0.42600
v -0.01700 0.01300 0.11200
vt 0.72400 0.52600
v -0.01700 0.01300 0.06800
vt 0.63600 0.52600
vn -1.00000 -0.00000 -0.00000
f 1000/1000/334 1001/1001/334 1002/1002/334
v 0.01700 0.01300 0.06800
vt 0.63600 0.52600
v 0.01700 -0.03700 0.11200
vt 0.72400 0.42600
v 0.01700 -0.03700 0.06800
vt 0.63600 0.42600
vn 1.00000 0.00000 -0.00000
f 1003/1003/335 1004/1004/335 1005/1005/335
v 0.01700 0.01300 0.06800
vt 0.63600 0.52600
v 0.01700 0.01300 0.11200
vt 0.72400 0.52600
v 0.01700 -0.03700 0.11200
vt 0.72400 0.42600
vn 1.00000 0.00000 -0.00000
f 1006/1006/336 1007/1007/336 1008/1008/336
v 0.01400 0.01600 0.11200
vt 0.72400 0.53200
v 0.01700 0.01300 0.11200
vt 0.72400 0.52600
v 0.01700 0.01300 0.06800
vt 0.63600 0.52600
vn 0.70711 0.70711 -0.00000
f 1009/1009/337 1010/1010/337 1011/1011/337
v 0.01400 0.01600 0.11200
vt 0.72400 0.53200
v 0.01700 0.01300 0.06800
vt 0.63600 0.52600
v 0.01400 0.01600 0.06800
vt 0.63600 0.53200
vn 0.70711 0.70711 -0.00000
f 1012/1012/338 1013/1013/338 1014/1014/338
v 0.01400 0.01300 0.11500
vt 0.73000 0.52600
v 0.01400 -0.03700 0.11500
vt 0.73000 0.42600
v 0.01700 -0.03700 0.11200
vt 0.72400 0.42600
vn 0.70711 0.00000 0.70711
f 1015/1015/339 1016/1016/339 1017/1017/339
v 0.01400 0.01300 0.11500
vt 0.73000 0.52600
v 0.01700 -0.03700 0.11200
vt 0.72400 0.42600
v 0.01700 0.01300 0.11200
vt 0.72400 0.52600
vn 0.70711 0.00000 0.70711
f 1018/1018/340 1019/1019/340 1020/1020/340
v -0.01400 0.01300 0.11500
vt 0.73000 0.52600
v -0.01700 0.01300 0.11200
vt 0.72400 0.52600
v -0.01700 -0.03700 0.11200
vt 0.72400 0.42600
vn -0.70711 -0.00000 0.70711
f 1021/1021/341 1022/1022/341 1023/1023/341
v -0.01400 0.01300 0.11500
vt 0.73000 0.52600
v -0.01700 -0.03700 0.11200
vt 0.72400 0.42600
v -0.01400 -0.03700 0.11500
vt 0.73000 0.42600
vn -0.70711 -0.00000 0.70711
f 1024/1024/342 1025/1025/342 1026/1026/342
v -0.01400 0.01300 0.11500
vt 0.73000 0.52600
v 0.01400 -0.03700 0.11500
vt 0.73000 0.42600
v 0.01400 0.01300 0.11500
vt 0.73000 0.52600
vn -0.00000 0.00000 1.00000
f 1027/1027/343 1028/1028/343 1029/1029/343
v -0.01400 0.01300 0.11500
vt 0.73000 0.52600
v -0.01400 -0.03700 0.11500
vt 0.73000 0.42600
v 0.01400 -0.03700 0.11500
vt 0.73000 0.42600
vn -0.00000 0.00000 1.00000
f 1030/1030/344 1031/1031/344 1032/1032/344
v -0.01400 0.01300 0.06500
vt 0.63000 0.52600
v -0.01700 -0.03700 0.06800
vt 0.63600 0.42600
v -0.01700 0.01300 0.06800
vt 0.63600 0.52600
vn -0.70711 -0.00000 -0.70711
f 1033/1033/345 1034/1034/345 1035/1035/345
v -0.01400 0.01300 0.06500
vt 0.63000 0.52600
v -0.01400 -0.03700 0.06500
vt 0.63000 0.42600
v -0.01700 -0.03700 0.06800
vt 0.63600 0.42600
vn -0.70711 -0.00000 -0.70711
f 1036/1036/346 1037/1037/346 1038/1038/346
v -0.01400 -0.04000 0.06800
vt 0.63600 0.42000
v -0.01400 -0.03700 0.06500
vt 0.63000 0.42600
v 0.01400 -0.03700 0.06500
vt 0.63000 0.42600
vn -0.00000 -0.70711 -0.70711
f 1039/1039/347 1040/1040/347 1041/1041/347
v -0.01400 -0.04000 0.06800
vt 0.63600 0.42000
v 0.01400 -0.03700 0.06500
vt 0.63000 0.42600
v 0.01400 -0.04000 0.06800
vt 0.63600 0.42000
vn -0.00000 -0.70711 -0.70711
f 1042/1042/348 1043/1043/348 1044/1044/348
v -0.01400 0.01600 0.11200
vt 0.72400 0.53200
v -0.01400 0.01300 0.11500
vt 0.73000 0.52600
v 0.01400 0.01300 0.11500
vt 0.73000 0.52600
vn -0.00000 0.70711 0.70711
f 1045/1045/349 1046/1046/349 1047/1047/349
v -0.01400 0.01600 0.11200
vt 0.72400 0.53200
v 0.01400 0.01300 0.11500
vt 0.73000 0.52600
v 0.01400 0.01600 0.11200
vt 0.72400 0.53200
vn -0.00000 0.70711 0.70711
f 1048/1048/350 1049/1049/350 1050/1050/350
v -0.01400 0.01600 0.11200
vt 0.72400 0.53200
v -0.01700 0.01300 0.06800
vt 0.63600 0.52600
v -0.01700 0.01300 0.11200
vt 0.72400 0.52600
vn -0.70711 0.70711 0.00000
f 1051/1051/351 1052/1052/351 1053/1053/351
v -0.01400 0.01600 0.11200
vt 0.72400 0.53200
v -0.01400 0.01600 0.06800
vt 0.63600 0.53200
v -0.01700 0.01300 0.06800
vt 0.63600 0.52600
vn -0.70711 0.70711 0.00000
f 1054/1054/352 1055/1055/352 1056/1056/352
v -0.01400 0.01600 0.11200
vt 0.72400 0.53200
v 0.01400 0.01600 0.11200
vt 0.72400 0.53200
v 0.01400 0.01600 0.06800
vt 0.63600 0.53200
vn -0.00000 1.00000 0.00000
f 1057/1057/353 1058/1058/353 1059/1059/353
v -0.01400 0.01600 0.11200
vt 0.72400 0.53200
v 0.01400 0.01600 0.06800
vt 0.63600 0.53200
v -0.01400 0.01600 0.06800
vt 0.63600 0.53200
vn -0.00000 1.00000 0.00000
f 1060/1060/354 1061/1061/354 1062/1062/354
v 0.01400 0.01300 0.06500
vt 0.63000 0.52600
v -0.01400 0.01600 0.06800
vt 0.63600 0.53200
v 0.01400 0.01600 0.06800
vt 0.63600 0.53200
vn -0.00000 0.70711 -0.70711
f 1063/1063/355 1064/1064/355 1065/1065/355
v 0.01400 0.01300 0.06500
vt 0.63000 0.52600
v -0.01400 0.01300 0.06500
vt 0.63000 0.52600
v -0.01400 0.01600 0.06800
vt 0.63600 0.53200
vn -0.00000 0.70711 -0.70711
f 1066/1066/356 1067/1067/356 1068/1068/356
v 0.01400 0.01300 0.06500
vt 0.63000 0.52600
v 0.01700 0.01300 0.06800
vt 0.63600 0.52600
v 0.01700 -0.03700 0.06800
vt 0.63600 0.42600
vn 0.70711 -0.00000 -0.70711
f 1069/1069/357 1070/1070/357 1071/1071/357
v 0.01400 0.01300 0.06500
vt 0.63000 0.52600
v 0.01700 -0.03700 0.06800
vt 0.63600 0.42600
v 0.01400 -0.03700 0.06500
vt 0.63000 0.42600
vn 0.70711 -0.00000 -0.70711
f 1072/1072/358 1073/1073/358 1074/1074/358
v 0.01400 0.01300 0.06500
vt 0.63000 0.52600
v -0.01400 -0.03700 0.06500
vt 0.63000 0.42600
v -0.01400 0.01300 0.06500
vt 0.63000 0.52600
vn 0.00000 -0.00000 -1.00000
f 1075/1075/359 1076/1076/359 1077/1077/359
v 0.01400 0.01300 0.06500
vt 0.63000 0.52600
v 0.01400 -0.03700 0.06500
vt 0.63000 0.42600
v -0.01400 -0.03700 0.06500
vt 0.63000 0.42600
vn 0.00000 -0.00000 -1.00000
f 1078/1078/360 1079/1079/360 1080/1080/360
v 0.01400 -0.04000 0.11200
vt 0.72400 0.42000
v 0.01700 -0.03700 0.06800
vt 0.63600 0.42600
v 0.01700 -0.03700 0.11200
vt 0.72400 0.42600
vn 0.70711 -0.70711 -0.00000
f 1081/1081/361 1082/1082/361 1083/1083/361
v 0.01400 -0.04000 0.11200
vt 0.72400 0.42000
v 0.01400 -0.04000 0.06800
vt 0.63600 0.42000
v 0.01700 -0.03700 0.06800
vt 0.63600 0.42600
vn 0.70711 -0.70711 -0.00000
f 1084/1084/362 1085/1085/362 1086/1086/362
v -0.01400 -0.04000 0.11200
vt 0.72400 0.42000
v 0.01400 -0.03700 0.11500
vt 0.73000 0.42600
v -0.01400 -0.03700 0.11500
vt 0.73000 0.42600
vn 0.00000 -0.70711 0.70711
f 1087/1087/363 1088/1088/363 1089/1089/363
v -0.01400 -0.04000 0.11200
vt 0.72400 0.42000
v 0.01400 -0.04000 0.11200
vt 0.72400 0.42000
v 0.01400 -0.03700 0.11500
vt 0.73000 0.42600
vn 0.00000 -0.70711 0.70711
f 1090/1090/364 1091/1091/364 1092/1092/364
v -0.01400 -0.04000 0.11200
vt 0.72400 0.42000
v -0.01700 -0.03700 0.11200
vt 0.72400 0.42600
v -0.01700 -0.03700 0.06800
vt 0.63600 0.42600
vn -0.70711 -0.70711 0.00000
f 1093/1093/365 1094/1094/365 1095/1095/365
v -0.01400 -0.04000 0.11200
vt 0.72400 0.42000
v -0.01700 -0.03700 0.06800
vt 0.63600 0.42600
v -0.01400 -0.04000 0.06800
vt 0.63600 0.42000
vn -0.70711 -0.70711 0.00000
f 1096/1096/366 1097/1097/366 1098/1098/366
v -0.01400 -0.04000 0.11200
vt 0.72400 0.42000
v -0.01400 -0.04000 0.06800
vt 0.63600 0.42000
v 0.01400 -0.04000 0.06800
vt 0.63600 0.42000
vn -0.00000 -1.00000 0.00000
f 1099/1099/367 1100/1100/367 1101/1101/367
v -0.01400 -0.04000 0.11200
vt 0.72400 0.42000
v 0.01400 -0.04000 0.06800
vt 0.63600 0.42000
v 0.01400 -0.04000 0.11200
vt 0.72400 0.42000
vn -0.00000 -1.00000 0.00000
f 1102/1102/368 1103/1103/368 1104/1104/368
v -0.00809 0.06088 0.32000
vt 1.14000 0.62176
v -0.00809 0.06088 0.24000
vt 0.98000 0.62176
v -0.01000 0.05500 0.24000
vt 0.98000 0.61000
vn -0.95106 0.30902 -0.00000
f 1105/1105/369 1106/1106/369 1107/1107/369
v -0.00809 0.06088 0.32000
vt 1.14000 0.62176
v -0.01000 0.05500 0.24000
vt 0.98000 0.61000
v -0.01000 0.05500 0.32000
vt 1.14000 0.61000
vn -0.95106 0.30902 -0.00000
f 1108/1108/370 1109/1109/370 1110/1110/370
v 0.01000 0.05500 0.32000
vt 1.14000 0.61000
v 0.00809 0.04912 0.24000
vt 0.98000 0.59824
v 0.01000 0.05500 0.24000
vt 0.98000 0.61000
vn 0.95106 -0.30902 0.00000
f 1111/1111/371 1112/1112/371 1113/1113/371
v 0.01000 0.05500 0.32000
vt 1.14000 0.61000
v 0.00809 0.04912 0.32000
vt 1.14000 0.59824
v 0.00809 0.04912 0.24000
vt 0.98000 0.59824
vn 0.95106 -0.30902 0.00000
f 1114/1114/372 1115/1115/372 1116/1116/372
v 0.01000 0.05500 0.32000
vt 1.14000 0.61000
v 0.01000 0.05500 0.24000
vt 0.98000 0.61000
v 0.00809 0.06088 0.24000
vt 0.98000 0.62176
vn 0.95106 0.30902 0.00000
f 1117/1117/373 1118/1118/373 1119/1119/373
v 0.01000 0.05500 0.32000
vt 1.14000 0.61000
v 0.00809 0.06088 0.24000
vt 0.98000 0.62176
v 0.00809 0.06088 0.32000
vt 1.14000 0.62176
vn 0.95106 0.30902 0.00000
f 1120/1120/374 1121/1121/374 1122/1122/374
v 0.00309 0.04549 0.32000
vt 1.14000 0.59098
v 0.00309 0.04549 0.24000
vt 0.98000 0.59098
v 0.00809 0.04912 0.24000
vt 0.98000 0.59824
vn 0.58779 -0.80902 0.00000
f 1123/1123/375 1124/1124/375 1125/1125/375
v 0.00309 0.04549 0.32000
vt 1.14000 0.59098
v 0.00809 0.04912 0.24000
vt 0.98000 0.59824
v 0.00809 0.04912 0.32000
vt 1.14000 0.59824
vn 0.58779 -0.80902 0.00000
f 1126/1126/376 1127/1127/376 1128/1128/376
v 0.00309 0.04549 0.32000
vt 1.14000 0.59098
v -0.00309 0.04549 0.24000
vt 0.98000 0.59098
v 0.00309 0.04549 0.24000
vt 0.98000 0.59098
vn 0.00000 -1.00000 0.00000
f 1129/1129/377 1130/1130/377 1131/1131/377
v 0.00309 0.04549 0.32000
vt 1.14000 0.59098
v -0.00309 0.04549 0.32000
vt 1.14000 0.59098
v -0.00309 0.04549 0.24000
vt 0.98000 0.59098
vn 0.00000 -1.00000 0.00000
f 1132/1132/378 1133/1133/378 1134/1134/378
v -0.00809 0.04912 0.32000
vt 1.14000 0.59824
v -0.01000 0.05500 0.24000
vt 0.98000 0.61000
v -0.00809 0.04912 0.24000
vt 0.98000 0.59824
vn -0.95106 -0.30902 0.00000
f 1135/1135/379 1136/1136/379 1137/1137/379
v -0.00809 0.04912 0.32000
vt 1.14000 0.59824
v -0.01000 0.05500 0.32000
vt 1.14000 0.61000
v -0.01000 0.05500 0.24000
vt 0.98000 0.61000
vn -0.95106 -0.30902 0.00000
f 1138/1138/380 1139/1139/380 1140/1140/380
v -0.00809 0.04912 0.32000
vt 1.14000 0.59824
v -0.00809 0.04912 0.24000
vt 0.98000 0.59824
v -0.00309 0.04549 0.24000
vt 0.98000 0.59098
vn -0.58779 -0.80902 0.00000
f 1141/1141/381 1142/1142/381 1143/1143/381
v -0.00809 0.04912 0.32000
vt 1.14000 0.59824
v -0.00309 0.04549 0.24000
vt 0.98000 0.59098
v -0.00309 0.04549 0.32000
vt 1.14000 0.59098
vn -0.58779 -0.80902 0.00000
f 1144/1144/382 1145/1145/382 1146/1146/382
v -0.00309 0.06451 0.32000
vt 1.14000 0.62902
v -0.00809 0.06088 0.32000
vt 1.14000 0.62176
v -0.01000 0.05500 0.32000
vt 1.14000 0.61000
vn 0.00000 -0.00000 1.00000
f 1147/1147/383 1148/1148/383 1149/1149/383
v -0.00309 0.06451 0.32000
vt 1.14000 0.62902
v 0.00309 0.04549 0.32000
vt 1.14000 0.59098
v 0.00809 0.04912 0.32000
vt 1.14000 0.59824
vn 0.00000 -0.00000 1.00000
f 1150/1150/384 1151/1151/384 1152/1152/384
v -0.00309 0.06451 0.32000
vt 1.14000 0.62902
v 0.00809 0.04912 0.32000
vt 1.14000 0.59824
v 0.01000 0.05500 0.32000
vt 1.14000 0.61000
vn 0.00000 -0.00000 1.00000
f 1153/1153/385 1154/1154/385 1155/1155/385
v -0.00309 0.06451 0.32000
vt 1.14000 0.62902
v -0.01000 0.05500 0.32000
vt 1.14000 0.61000
v -0.00809 0.04912 0.32000
vt 1.14000 0.59824
vn 0.00000 -0.00000 1.00000
f 1156/1156/386 1157/1157/386 1158/1158/386
v -0.00309 0.06451 0.32000
vt 1.14000 0.62902
v 0.01000 0.05500 0.32000
vt 1.14000 0.61000
v 0.00809 0.06088 0.32000
vt 1.14000 0.62176
vn 0.00000 -0.00000 1.00000
f 1159/1159/387 1160/1160/387 1161/1161/387
v -0.00309 0.06451 0.32000
vt 1.14000 0.62902
v -0.00309 0.04549 0.32000
vt 1.14000 0.59098
v 0.00309 0.04549 0.32000
vt 1.14000 0.59098
vn 0.00000 -0.00000 1.00000
f 1162/1162/388 1163/1163/388 1164/1164/388
v -0.00309 0.06451 0.32000
vt 1.14000 0.62902
v -0.00809 0.04912 0.32000
vt 1.14000 0.59824
v -0.00309 0.04549 0.32000
vt 1.14000 0.59098
vn 0.00000 -0.00000 1.00000
f 1165/1165/389 1166/1166/389 1167/1167/389
v -0.00309 0.06451 0.32000
vt 1.14000 0.62902
v 0.00809 0.06088 0.32000
vt 1.14000 0.62176
v 0.00309 0.06451 0.32000
vt 1.14000 0.62902
vn 0.00000 -0.00000 1.00000
f 1168/1168/390 1169/1169/390 1170/1170/390
v -0.00309 0.06451 0.32000
vt 1.14000 0.62902
v -0.00309 0.06451 0.24000
vt 0.98000 0.62902
v -0.00809 0.06088 0.24000
vt 0.98000 0.62176
vn -0.58779 0.80902 0.00000
f 1171/1171/391 1172/1172/391 1173/1173/391
v -0.00309 0.06451 0.32000
vt 1.14000 0.62902
v -0.00809 0.06088 0.24000
vt 0.98000 0.62176
v -0.00809 0.06088 0.32000
vt 1.14000 0.62176
vn -0.58779 0.80902 0.00000
f 1174/1174/392 1175/1175/392 1176/1176/392
v 0.00309 0.06451 0.24000
vt 0.98000 0.62902
v -0.01000 0.05500 0.24000
vt 0.98000 0.61000
v -0.00809 0.06088 0.24000
vt 0.98000 0.62176
vn -0.00000 0.00000 -1.00000
f 1177/1177/393 1178/1178/393 1179/1179/393
v 0.00309 0.06451 0.24000
vt 0.98000 0.62902
v -0.00809 0.04912 0.24000
vt 0.98000 0.59824
v -0.01000 0.05500 0.24000
vt 0.98000 0.61000
vn -0.00000 0.00000 -1.00000
f 1180/1180/394 1181/1181/394 1182/1182/394
v 0.00309 0.06451 0.24000
vt 0.98000 0.62902
v 0.01000 0.05500 0.24000
vt 0.98000 0.61000
v 0.00809 0.04912 0.24000
vt 0.98000 0.59824
vn -0.00000 0.00000 -1.00000
f 1183/1183/395 1184/1184/395 1185/1185/395
v 0.00309 0.06451 0.24000
vt 0.98000 0.62902
v 0.00809 0.06088 0.24000
vt 0.98000 0.62176
v 0.01000 0.05500 0.24000
vt 0.98000 0.61000
vn -0.00000 0.00000 -1.00000
f 1186/1186/396 1187/1187/396 1188/1188/396
v 0.00309 0.06451 0.24000
vt 0.98000 0.62902
v 0.00809 0.04912 0.24000
vt 0.98000 0.59824
v 0.00309 0.04549 0.24000
vt 0.98000 0.59098
vn -0.00000 0.00000 -1.00000
f 1189/1189/397 1190/1190/397 1191/1191/397
v 0.00309 0.06451 0.24000
vt 0.98000 0.62902
v -0.00809 0.06088 0.24000
vt 0.98000 0.62176
v -0.00309 0.06451 0.24000
vt 0.98000 0.62902
vn -0.00000 0.00000 -1.00000
f 1192/1192/398 1193/1193/398 1194/1194/398
v 0.00309 0.06451 0.24000
vt 0.98000 0.62902
v 0.00309 0.04549 0.24000
vt 0.98000 0.59098
v -0.00309 0.04549 0.24000
vt 0.98000 0.59098
vn -0.00000 0.00000 -1.00000
f 1195/1195/399 1196/1196/399 1197/1197/399
v 0.00309 0.06451 0.24000
vt 0.98000 0.62902
v -0.00309 0.04549 0.24000
vt 0.98000 0.59098
v -0.00809 0.04912 0.24000
vt 0.98000 0.59824
vn -0.00000 0.00000 -1.00000
f 1198/1198/400 1199/1199/400 1200/1200/400
v 0.00309 0.06451 0.24000
vt 0.98000 0.62902
v -0.00309 0.06451 0.32000
vt 1.14000 0.62902
v 0.00309 0.06451 0.32000
vt 1.14000 0.62902
vn -0.00000 1.00000 0.00000
f 1201/1201/401 1202/1202/401 1203/1203/401
v 0.00309 0.06451 0.24000
vt 0.98000 0.62902
v -0.00309 0.06451 0.24000
vt 0.98000 0.62902
v -0.00309 0.06451 0.32000
vt 1.14000 0.62902
vn -0.00000 1.00000 0.00000
f 1204/1204/402 1205/1205/402 1206/1206/402
v 0.00309 0.06451 0.24000
vt 0.98000 0.62902
v 0.00809 0.06088 0.32000
vt 1.14000 0.62176
v 0.00809 0.06088 0.24000
vt 0.98000 0.62176
vn 0.58779 0.80902 -0.00000
f 1207/1207/403 1208/1208/403 1209/1209/403
v 0.00309 0.06451 0.24000
vt 0.98000 0.62902
v 0.00309 0.06451 0.32000
vt 1.14000 0.62902
v 0.00809 0.06088 0.32000
vt 1.14000 0.62176
vn 0.58779 0.80902 -0.00000
f 1210/1210/404 1211/1211/404 1212/1212/404
o Dark
usemtl Dark
v -0.01052 0.04736 0.32200
vt 1.14400 0.59472
v -0.01300 0.05500 0.30000
vt 1.10000 0.61000
v -0.01052 0.04736 0.30000
vt 1.10000 0.59472
vn -0.95106 -0.30902 0.00000
f 1213/1213/405 1214/1214/405 1215/1215/405
v -0.01052 0.04736 0.32200
vt 1.14400 0.59472
v -0.01300 0.05500 0.32200
vt 1.14400 0.61000
v -0.01300 0.05500 0.30000
vt 1.10000 0.61000
vn -0.95106 -0.30902 0.00000
f 1216/1216/406 1217/1217/406 1218/1218/406
v -0.01052 0.04736 0.32200
vt 1.14400 0.59472
v -0.01052 0.04736 0.30000
vt 1.10000 0.59472
v -0.00402 0.04264 0.30000
vt 1.10000 0.58527
vn -0.58779 -0.80902 0.00000
f 1219/1219/407 1220/1220/407 1221/1221/407
v -0.01052 0.04736 0.32200
vt 1.14400 0.59472
v -0.00402 0.04264 0.30000
vt 1.10000 0.58527
v -0.00402 0.04264 0.32200
vt 1.14400 0.58527
vn -0.58779 -0.80902 0.00000
f 1222/1222/408 1223/1223/408 1224/1224/408
v 0.00402 0.04264 0.32200
vt 1.14400 0.58527
v 0.00402 0.04264 0.30000
vt 1.10000 0.58527
v 0.01052 0.04736 0.30000
vt 1.10000 0.59472
vn 0.58779 -0.80902 0.00000
f 1225/1225/409 1226/1226/409 1227/1227/409
v 0.00402 0.04264 0.32200
vt 1.14400 0.58527
v 0.01052 0.04736 0.30000
vt 1.10000 0.59472
v 0.01052 0.04736 0.32200
vt 1.14400 0.59472
vn 0.58779 -0.80902 0.00000
f 1228/1228/410 1229/1229/410 1230/1230/410
v 0.00402 0.04264 0.32200
vt 1.14400 0.58527
v -0.00402 0.04264 0.30000
vt 1.10000 0.58527
v 0.00402 0.04264 0.30000
vt 1.10000 0.58527
vn 0.00000 -1.00000 -0.00000
f 1231/1231/411 1232/1232/411 1233/1233/411
v 0.00402 0.04264 0.32200
vt 1.14400 0.58527
v -0.00402 0.04264 0.32200
vt 1.14400 0.58527
v -0.00402 0.04264 0.30000
vt 1.10000 0.58527
vn 0.00000 -1.00000 -0.00000
f 1234/1234/412 1235/1235/412 1236/1236/412
v -0.01052 0.06264 0.32200
vt 1.14400 0.62528
v -0.01052 0.06264 0.30000
vt 1.10000 0.62528
v -0.01300 0.05500 0.30000
vt 1.10000 0.61000
vn -0.95106 0.30902 -0.00000
f 1237/1237/413 1238/1238/413 1239/1239/413
v -0.01052 0.06264 0.32200
vt 1.14400 0.62528
v -0.01300 0.05500 0.30000
vt 1.10000 0.61000
v -0.01300 0.05500 0.32200
vt 1.14400 0.61000
vn -0.95106 0.30902 -0.00000
f 1240/1240/414 1241/1241/414 1242/1242/414
v 0.01300 0.05500 0.32200
vt 1.14400 0.61000
v 0.01052 0.04736 0.30000
vt 1.10000 0.59472
v 0.01300 0.05500 0.30000
vt 1.10000 0.61000
vn 0.95106 -0.30902 0.00000
f 1243/1243/415 1244/1244/415 1245/1245/415
v 0.01300 0.05500 0.32200
vt 1.14400 0.61000
v 0.01052 0.04736 0.32200
vt 1.14400 0.59472
v 0.01052 0.04736 0.30000
vt 1.10000 0.59472
vn 0.95106 -0.30902 0.00000
f 1246/1246/416 1247/1247/416 1248/1248/416
v 0.01052 0.06264 0.30000
vt 1.10000 0.62528
v 0.01300 0.05500 0.30000
vt 1.10000 0.61000
v 0.01052 0.04736 0.30000
vt 1.10000 0.59472
vn -0.00000 0.00000 -1.00000
f 1249/1249/417 1250/1250/417 1251/1251/417
v 0.01052 0.06264 0.30000
vt 1.10000 0.62528
v -0.01052 0.04736 0.30000
vt 1.10000 0.59472
v -0.01300 0.05500 0.30000
vt 1.10000 0.61000
vn -0.00000 0.00000 -1.00000
f 1252/1252/418 1253/1253/418 1254/1254/418
v 0.01052 0.06264 0.30000
vt 1.10000 0.62528
v -0.01300 0.05500 0.30000
vt 1.10000 0.61000
v -0.01052 0.06264 0.30000
vt 1.10000 0.62528
vn -0.00000 0.00000 -1.00000
f 1255/1255/419 1256/1256/419 1257/1257/419
v 0.01052 0.06264 0.30000
vt 1.10000 0.62528
v -0.00402 0.04264 0.30000
vt 1.10000 0.58527
v -0.01052 0.04736 0.30000
vt 1.10000 0.59472
vn -0.00000 0.00000 -1.00000
f 1258/1258/420 1259/1259/420 1260/1260/420
v 0.01052 0.06264 0.30000
vt 1.10000 0.62528
v 0.00402 0.04264 0.30000
vt 1.10000 0.58527
v -0.00402 0.04264 0.30000
vt 1.10000 0.58527
vn -0.00000 0.00000 -1.00000
f 1261/1261/421 1262/1262/421 1263/1263/421
v 0.01052 0.06264 0.30000
vt 1.10000 0.62528
v -0.01052 0.06264 0.30000
vt 1.10000 0.62528
v -0.00402 0.06736 0.30000
vt 1.10000 0.63473
vn -0.00000 0.00000 -1.00000
f 1264/1264/422 1265/1265/422 1266/1266/422
v 0.01052 0.06264 0.30000
vt 1.10000 0.62528
v 0.01052 0.04736 0.30000
vt 1.10000 0.59472
v 0.00402 0.04264 0.30000
vt 1.10000 0.58527
vn -0.00000 0.00000 -1.00000
f 1267/1267/423 1268/1268/423 1269/1269/423
v 0.01052 0.06264 0.30000
vt 1.10000 0.62528
v -0.00402 0.06736 0.30000
vt 1.10000 0.63473
v 0.00402 0.06736 0.30000
vt 1.10000 0.63473
vn -0.00000 0.00000 -1.00000
f 1270/1270/424 1271/1271/424 1272/1272/424
v 0.01052 0.06264 0.30000
vt 1.10000 0.62528
v 0.01052 0.06264 0.32200
vt 1.14400 0.62528
v 0.01300 0.05500 0.32200
vt 1.14400 0.61000
vn 0.95106 0.30902 -0.00000
f 1273/1273/425 1274/1274/425 1275/1275/425
v 0.01052 0.06264 0.30000
vt 1.10000 0.62528
v 0.01300 0.05500 0.32200
vt 1.14400 0.61000
v 0.01300 0.05500 0.30000
vt 1.10000 0.61000
vn 0.95106 0.30902 -0.00000
f 1276/1276/426 1277/1277/426 1278/1278/426
v 0.00402 0.06736 0.32200
vt 1.14400 0.63473
v 0.01052 0.06264 0.32200
vt 1.14400 0.62528
v 0.01052 0.06264 0.30000
vt 1.10000 0.62528
vn 0.58779 0.80902 0.00000
f 1279/1279/427 1280/1280/427 1281/1281/427
v 0.00402 0.06736 0.32200
vt 1.14400 0.63473
v 0.01052 0.06264 0.30000
vt 1.10000 0.62528
v 0.00402 0.06736 0.30000
vt 1.10000 0.63473
vn 0.58779 0.80902 0.00000
f 1282/1282/428 1283/1283/428 1284/1284/428
v -0.00402 0.06736 0.32200
vt 1.14400 0.63473
v -0.01300 0.05500 0.32200
vt 1.14400 0.61000
v -0.01052 0.04736 0.32200
vt 1.14400 0.59472
vn -0.00000 -0.00000 1.00000
f 1285/1285/429 1286/1286/429 1287/1287/429
v -0.00402 0.06736 0.32200
vt 1.14400 0.63473
v 0.00402 0.04264 0.32200
vt 1.14400 0.58527
v 0.01052 0.04736 0.32200
vt 1.14400 0.59472
vn -0.00000 -0.00000 1.00000
f 1288/1288/430 1289/1289/430 1290/1290/430
v -0.00402 0.06736 0.32200
vt 1.14400 0.63473
v -0.01052 0.06264 0.32200
vt 1.14400 0.62528
v -0.01300 0.05500 0.32200
vt 1.14400 0.61000
vn -0.00000 -0.00000 1.00000
f 1291/1291/431 1292/1292/431 1293/1293/431
v -0.00402 0.06736 0.32200
vt 1.14400 0.63473
v -0.01052 0.04736 0.32200
vt 1.14400 0.59472
v -0.00402 0.04264 0.32200
vt 1.14400 0.58527
vn -0.00000 -0.00000 1.00000
f 1294/1294/432 1295/1295/432 1296/1296/432
v -0.00402 0.06736 0.32200
vt 1.14400 0.63473
v -0.00402 0.04264 0.32200
vt 1.14400 0.58527
v 0.00402 0.04264 0.32200
vt 1.14400 0.58527
vn -0.00000 -0.00000 1.00000
f 1297/1297/433 1298/1298/433 1299/1299/433
v -0.00402 0.06736 0.32200
vt 1.14400 0.63473
v 0.01052 0.04736 0.32200
vt 1.14400 0.59472
v 0.01300 0.05500 0.32200
vt 1.14400 0.61000
vn -0.00000 -0.00000 1.00000
f 1300/1300/434 1301/1301/434 1302/1302/434
v -0.00402 0.06736 0.32200
vt 1.14400 0.63473
v 0.01300 0.05500 0.32200
vt 1.14400 0.61000
v 0.01052 0.06264 0.32200
vt 1.14400 0.62528
vn -0.00000 -0.00000 1.00000
f 1303/1303/435 1304/1304/435 1305/1305/435
v -0.00402 0.06736 0.32200
vt 1.14400 0.63473
v 0.01052 0.06264 0.32200
vt 1.14400 0.62528
v 0.00402 0.06736 0.32200
vt 1.14400 0.63473
vn -0.00000 -0.00000 1.00000
f 1306/1306/436 1307/1307/436 1308/1308/436
v -0.00402 0.06736 0.32200
vt 1.14400 0.63473
v -0.00402 0.06736 0.30000
vt 1.10000 0.63473
v -0.01052 0.06264 0.30000
vt 1.10000 0.62528
vn -0.58779 0.80902 0.00000
f 1309/1309/437 1310/1310/437 1311/1311/437
v -0.00402 0.06736 0.32200
vt 1.14400 0.63473
v -0.01052 0.06264 0.30000
vt 1.10000 0.62528
v -0.01052 0.06264 0.32200
vt 1.14400 0.62528
vn -0.58779 0.80902 0.00000
f 1312/1312/438 1313/1313/438 1314/1314/438
v -0.00402 0.06736 0.32200
vt 1.14400 0.63473
v 0.00402 0.06736 0.30000
vt 1.10000 0.63473
v -0.00402 0.06736 0.30000
vt 1.10000 0.63473
vn -0.00000 1.00000 0.00000
f 1315/1315/439 1316/1316/439 1317/1317/439
v -0.00402 0.06736 0.32200
vt 1.14400 0.63473
v 0.00402 0.06736 0.32200
vt 1.14400 0.63473
v 0.00402 0.06736 0.30000
vt 1.10000 0.63473
vn -0.00000 1.00000 0.00000
f 1318/1318/440 1319/1319/440 1320/1320/440
v -0.00700 0.08000 0.23500
vt 0.97000 0.66000
v -0.00600 0.08000 0.23600
vt 0.97200 0.66000
v -0.00600 0.08100 0.23500
vt 0.97000 0.66200
vn -0.57735 0.57735 0.57735
f 1321/1321/441 1322/1322/441 1323/1323/441
v 0.00600 0.07400 -0.07400
vt 0.35200 0.64800
v 0.00600 0.07500 -0.07500
vt 0.35000 0.65000
v 0.00700 0.07500 -0.07400
vt 0.35200 0.65000
vn 0.57735 -0.57735 -0.57735
f 1324/1324/442 1325/1325/442 1326/1326/442
v 0.00600 0.08000 0.23600
vt 0.97200 0.66000
v 0.00700 0.08000 0.23500
vt 0.97000 0.66000
v 0.00600 0.08100 0.23500
vt 0.97000 0.66200
vn 0.57735 0.57735 0.57735
f 1327/1327/443 1328/1328/443 1329/1329/443
v -0.00700 0.08000 -0.07400
vt 0.35200 0.66000
v -0.00600 0.08100 -0.07400
vt 0.35200 0.66200
v -0.00600 0.08000 -0.07500
vt 0.35000 0.66000
vn -0.57735 0.57735 -0.57735
f 1330/1330/444 1331/1331/444 1332/1332/444
v 0.00600 0.08000 -0.07500
vt 0.35000 0.66000
v 0.00600 0.08100 -0.07400
vt 0.35200 0.66200
v 0.00700 0.08000 -0.07400
vt 0.35200 0.66000
vn 0.57735 0.57735 -0.57735
f 1333/1333/445 1334/1334/445 1335/1335/445
v 0.00600 0.07400 0.23500
vt 0.97000 0.64800
v 0.00700 0.07500 0.23500
vt 0.97000 0.65000
v 0.00600 0.07500 0.23600
vt 0.97200 0.65000
vn 0.57735 -0.57735 0.57735
f 1336/1336/446 1337/1337/446 1338/1338/446
v -0.00600 0.07400 -0.07400
vt 0.35200 0.64800
v -0.00700 0.07500 -0.07400
vt 0.35200 0.65000
v -0.00600 0.07500 -0.07500
vt 0.35000 0.65000
vn -0.57735 -0.57735 -0.57735
f 1339/1339/447 1340/1340/447 1341/1341/447
v -0.00600 0.07400 0.23500
vt 0.97000 0.64800
v -0.00600 0.07500 0.23600
vt 0.97200 0.65000
v -0.00700 0.07500 0.23500
vt 0.97000 0.65000
vn -0.57735 -0.57735 0.57735
f 1342/1342/448 1343/1343/448 1344/1344/448
v 0.00700 0.08000 -0.07400
vt 0.35200 0.66000
v 0.00700 0.07500 0.23500
vt 0.97000 0.65000
v 0.00700 0.07500 -0.07400
vt 0.35200 0.65000
vn 1.00000 0.00000 -0.00000
f 1345/1345/449 1346/1346/449 1347/1347/449
v 0.00700 0.08000 -0.07400
vt 0.35200 0.66000
v 0.00700 0.08000 0.23500
vt 0.97000 0.66000
v 0.00700 0.07500 0.23500
vt 0.97000 0.65000
vn 1.00000 0.00000 -0.00000
f 1348/1348/450 1349/1349/450 1350/1350/450
v 0.00600 0.08100 0.23500
vt 0.97000 0.66200
v -0.00600 0.08100 -0.07400
vt 0.35200 0.66200
v -0.00600 0.08100 0.23500
vt 0.97000 0.66200
vn -0.00000 1.00000 -0.00000
f 1351/1351/451 1352/1352/451 1353/1353/451
v 0.00600 0.08100 0.23500
vt 0.97000 0.66200
v 0.00600 0.08100 -0.07400
vt 0.35200 0.66200
v -0.00600 0.08100 -0.07400
vt 0.35200 0.66200
vn -0.00000 1.00000 -0.00000
f 1354/1354/452 1355/1355/452 1356/1356/452
v 0.00600 0.08100 0.23500
vt 0.97000 0.66200
v 0.00700 0.08000 0.23500
vt 0.97000 0.66000
v 0.00700 0.08000 -0.07400
vt 0.35200 0.66000
vn 0.70711 0.70711 -0.00000
f 1357/1357/453 1358/1358/453 1359/1359/453
v 0.00600 0.08100 0.23500
vt 0.97000 0.66200
v 0.00700 0.08000 -0.07400
vt 0.35200 0.66000
v 0.00600 0.08100 -0.07400
vt 0.35200 0.66200
vn 0.70711 0.70711 -0.00000
f 1360/1360/454 1361/1361/454 1362/1362/454
v 0.00600 0.08000 0.23600
vt 0.97200 0.66000
v 0.00700 0.07500 0.23500
vt 0.97000 0.65000
v 0.00700 0.08000 0.23500
vt 0.97000 0.66000
vn 0.70711 0.00000 0.70711
f 1363/1363/455 1364/1364/455 1365/1365/455
v 0.00600 0.08000 0.23600
vt 0.97200 0.66000
v 0.00600 0.07500 0.23600
vt 0.97200 0.65000
v 0.00700 0.07500 0.23500
vt 0.97000 0.65000
vn 0.70711 0.00000 0.70711
f 1366/1366/456 1367/1367/456 1368/1368/456
v 0.00600 0.08000 0.23600
vt 0.97200 0.66000
v 0.00600 0.08100 0.23500
vt 0.97000 0.66200
v -0.00600 0.08100 0.23500
vt 0.97000 0.66200
vn -0.00000 0.70711 0.70711
f 1369/1369/457 1370/1370/457 1371/1371/457
v 0.00600 0.08000 0.23600
vt 0.97200 0.66000
v -0.00600 0.08100 0.23500
vt 0.97000 0.66200
v -0.00600 0.08000 0.23600
vt 0.97200 0.66000
vn -0.00000 0.70711 0.70711
f 1372/1372/458 1373/1373/458 1374/1374/458
v -0.00700 0.08000 -0.07400
vt 0.35200 0.66000
v -0.00600 0.08000 -0.07500
vt 0.35000 0.66000
v -0.00600 0.07500 -0.07500
vt 0.35000 0.65000
vn -0.70711 -0.00000 -0.70711
f 1375/1375/459 1376/1376/459 1377/1377/459
v -0.00700 0.08000 -0.07400
vt 0.35200 0.66000
v -0.00600 0.07500 -0.07500
vt 0.35000 0.65000
v -0.00700 0.07500 -0.07400
vt 0.35200 0.65000
vn -0.70711 -0.00000 -0.70711
f 1378/1378/460 1379/1379/460 1380/1380/460
v -0.00700 0.08000 -0.07400
vt 0.35200 0.66000
v -0.00700 0.07500 -0.07400
vt 0.35200 0.65000
v -0.00700 0.07500 0.23500
vt 0.97000 0.65000
vn -1.00000 0.00000 -0.00000
f 1381/1381/461 1382/1382/461 1383/1383/461
v -0.00700 0.08000 -0.07400
vt 0.35200 0.66000
v -0.00700 0.07500 0.23500
vt 0.97000 0.65000
v -0.00700 0.08000 0.23500
vt 0.97000 0.66000
vn -1.00000 0.00000 -0.00000
f 1384/1384/462 1385/1385/462 1386/1386/462
v -0.00700 0.08000 -0.07400
vt 0.35200 0.66000
v -0.00600 0.08100 0.23500
vt 0.97000 0.66200
v -0.00600 0.08100 -0.07400
vt 0.35200 0.66200
vn -0.70711 0.70711 -0.00000
f 1387/1387/463 1388/1388/463 1389/1389/463
v -0.00700 0.08000 -0.07400
vt 0.35200 0.66000
v -0.00700 0.08000 0.23500
vt 0.97000 0.66000
v -0.00600 0.08100 0.23500
vt 0.97000 0.66200
vn -0.70711 0.70711 -0.00000
f 1390/1390/464 1391/1391/464 1392/1392/464
v 0.00600 0.08000 -0.07500
vt 0.35000 0.66000
v -0.00600 0.08100 -0.07400
vt 0.35200 0.66200
v 0.00600 0.08100 -0.07400
vt 0.35200 0.66200
vn -0.00000 0.70711 -0.70711
f 1393/1393/465 1394/1394/465 1395/1395/465
v 0.00600 0.08000 -0.07500
vt 0.35000 0.66000
v -0.00600 0.08000 -0.07500
vt 0.35000 0.66000
v -0.00600 0.08100 -0.07400
vt 0.35200 0.66200
vn -0.00000 0.70711 -0.70711
f 1396/1396/466 1397/1397/466 1398/1398/466
v 0.00600 0.08000 -0.07500
vt 0.35000 0.66000
v -0.00600 0.07500 -0.07500
vt 0.35000 0.65000
v -0.00600 0.08000 -0.07500
vt 0.35000 0.66000
vn -0.00000 0.00000 -1.00000
f 1399/1399/467 1400/1400/467 1401/1401/467
v 0.00600 0.08000 -0.07500
vt 0.35000 0.66000
v 0.00600 0.07500 -0.07500
vt 0.35000 0.65000
v -0.00600 0.07500 -0.07500
vt 0.35000 0.65000
vn -0.00000 0.00000 -1.00000
f 1402/1402/468 1403/1403/468 1404/1404/468
v 0.00600 0.08000 -0.07500
vt 0.35000 0.66000
v 0.00700 0.08000 -0.07400
vt 0.35200 0.66000
v 0.00700 0.07500 -0.07400
vt 0.35200 0.65000
vn 0.70711 -0.00000 -0.70711
f 1405/1405/469 1406/1406/469 1407/1407/469
v 0.00600 0.08000 -0.07500
vt 0.35000 0.66000
v 0.00700 0.07500 -0.07400
vt 0.35200 0.65000
v 0.00600 0.07500 -0.07500
vt 0.35000 0.65000
vn 0.70711 -0.00000 -0.70711
f 1408/1408/470 1409/1409/470 1410/1410/470
v -0.00600 0.07500 0.23600
vt 0.97200 0.65000
v 0.00600 0.07500 0.23600
vt 0.97200 0.65000
v 0.00600 0.08000 0.23600
vt 0.97200 0.66000
vn 0.00000 0.00000 1.00000
f 1411/1411/471 1412/1412/471 1413/1413/471
v -0.00600 0.07500 0.23600
vt 0.97200 0.65000
v 0.00600 0.08000 0.23600
vt 0.97200 0.66000
v -0.00600 0.08000 0.23600
vt 0.97200 0.66000
vn 0.00000 0.00000 1.00000
f 1414/1414/472 1415/1415/472 1416/1416/472
v -0.00600 0.07500 0.23600
vt 0.97200 0.65000
v -0.00700 0.08000 0.23500
vt 0.97000 0.66000
v -0.00700 0.07500 0.23500
vt 0.97000 0.65000
vn -0.70711 0.00000 0.70711
f 1417/1417/473 1418/1418/473 1419/1419/473
v -0.00600 0.07500 0.23600
vt 0.97200 0.65000
v -0.00600 0.08000 0.23600
vt 0.97200 0.66000
v -0.00700 0.08000 0.23500
vt 0.97000 0.66000
vn -0.70711 0.00000 0.70711
f 1420/1420/474 1421/1421/474 1422/1422/474
v 0.00600 0.07400 0.23500
vt 0.97000 0.64800
v 0.00700 0.07500 -0.07400
vt 0.35200 0.65000
v 0.00700 0.07500 0.23500
vt 0.97000 0.65000
vn 0.70711 -0.70711 -0.00000
f 1423/1423/475 1424/1424/475 1425/1425/475
v 0.00600 0.07400 0.23500
vt 0.97000 0.64800
v 0.00600 0.07400 -0.07400
vt 0.35200 0.64800
v 0.00700 0.07500 -0.07400
vt 0.35200 0.65000
vn 0.70711 -0.70711 -0.00000
f 1426/1426/476 1427/1427/476 1428/1428/476
v -0.00600 0.07400 -0.07400
vt 0.35200 0.64800
v -0.00600 0.07500 -0.07500
vt 0.35000 0.65000
v 0.00600 0.07500 -0.07500
vt 0.35000 0.65000
vn 0.00000 -0.70711 -0.70711
f 1429/1429/477 1430/1430/477 1431/1431/477
v -0.00600 0.07400 -0.07400
vt 0.35200 0.64800
v 0.00600 0.07500 -0.07500
vt 0.35000 0.65000
v 0.00600 0.07400 -0.07400
vt 0.35200 0.64800
vn 0.00000 -0.70711 -0.70711
f 1432/1432/478 1433/1433/478 1434/1434/478
v -0.00600 0.07400 0.23500
vt 0.97000 0.64800
v 0.00600 0.07500 0.23600
vt 0.97200 0.65000
v -0.00600 0.07500 0.23600
vt 0.97200 0.65000
vn 0.00000 -0.70711 0.70711
f 1435/1435/479 1436/1436/479 1437/1437/479
v -0.00600 0.07400 0.23500
vt 0.97000 0.64800
v 0.00600 0.07400 0.23500
vt 0.97000 0.64800
v 0.00600 0.07500 0.23600
vt 0.97200 0.65000
vn 0.00000 -0.70711 0.70711
f 1438/1438/480 1439/1439/480 1440/1440/480
v -0.00600 0.07400 0.23500
vt 0.97000 0.64800
v -0.00700 0.07500 0.23500
vt 0.97000 0.65000
v -0.00700 0.07500 -0.07400
vt 0.35200 0.65000
vn -0.70711 -0.70711 0.00000
f 1441/1441/481 1442/1442/481 1443/1443/481
v -0.00600 0.07400 0.23500
vt 0.97000 0.64800
v -0.00700 0.07500 -0.07400
vt 0.35200 0.65000
v -0.00600 0.07400 -0.07400
vt 0.35200 0.64800
vn -0.70711 -0.70711 0.00000
f 1444/1444/482 1445/1445/482 1446/1446/482
v -0.00600 0.07400 0.23500
vt 0.97000 0.64800
v 0.00600 0.07400 -0.07400
vt 0.35200 0.64800
v 0.00600 0.07400 0.23500
vt 0.97000 0.64800
vn 0.00000 -1.00000 -0.00000
f 1447/1447/483 1448/1448/483 1449/1449/483
v -0.00600 0.07400 0.23500
vt 0.97000 0.64800
v -0.00600 0.07400 -0.07400
vt 0.35200 0.64800
v 0.00600 0.07400 -0.07400
vt 0.35200 0.64800
vn 0.00000 -1.00000 -0.00000
f 1450/1450/484 1451/1451/484 1452/1452/484
v -0.00800 0.08600 0.23200
vt 0.96400 0.67200
v -0.00600 0.08600 0.23400
vt 0.96800 0.67200
v -0.00600 0.08800 0.23200
vt 0.96400 0.67600
vn -0.57735 0.57735 0.57735
f 1453/1453/485 1454/1454/485 1455/1455/485
v 0.00600 0.08000 0.21600
vt 0.93200 0.66000
v 0.00600 0.08200 0.21400
vt 0.92800 0.66400
v 0.00800 0.08200 0.21600
vt 0.93200 0.66400
vn 0.57735 -0.57735 -0.57735
f 1456/1456/486 1457/1457/486 1458/1458/486
v 0.00600 0.08600 0.23400
vt 0.96800 0.67200
v 0.00800 0.08600 0.23200
vt 0.96400 0.67200
v 0.00600 0.08800 0.23200
vt 0.96400 0.67600
vn 0.57735 0.57735 0.57735
f 1459/1459/487 1460/1460/487 1461/1461/487
v -0.00800 0.08600 0.21600
vt 0.93200 0.67200
v -0.00600 0.08800 0.21600
vt 0.93200 0.67600
v -0.00600 0.08600 0.21400
vt 0.92800 0.67200
vn -0.57735 0.57735 -0.57735
f 1462/1462/488 1463/1463/488 1464/1464/488
v 0.00600 0.08600 0.21400
vt 0.92800 0.67200
v 0.00600 0.08800 0.21600
vt 0.93200 0.67600
v 0.00800 0.08600 0.21600
vt 0.93200 0.67200
vn 0.57735 0.57735 -0.57735
f 1465/1465/489 1466/1466/489 1467/1467/489
v 0.00600 0.08000 0.23200
vt 0.96400 0.66000
v 0.00800 0.08200 0.23200
vt 0.96400 0.66400
v 0.00600 0.08200 0.23400
vt 0.96800 0.66400
vn 0.57735 -0.57735 0.57735
f 1468/1468/490 1469/1469/490 1470/1470/490
v -0.00600 0.08000 0.21600
vt 0.93200 0.66000
v -0.00800 0.08200 0.21600
vt 0.93200 0.66400
v -0.00600 0.08200 0.21400
vt 0.92800 0.66400
vn -0.57735 -0.57735 -0.57735
f 1471/1471/491 1472/1472/491 1473/1473/491
v -0.00600 0.08000 0.23200
vt 0.96400 0.66000
v -0.00600 0.08200 0.23400
vt 0.96800 0.66400
v -0.00800 0.08200 0.23200
vt 0.96400 0.66400
vn -0.57735 -0.57735 0.57735
f 1474/1474/492 1475/1475/492 1476/1476/492
v 0.00800 0.08600 0.21600
vt 0.93200 0.67200
v 0.00800 0.08200 0.23200
vt 0.96400 0.66400
v 0.00800 0.08200 0.21600
vt 0.93200 0.66400
vn 1.00000 0.00000 -0.00000
f 1477/1477/493 1478/1478/493 1479/1479/493
v 0.00800 0.08600 0.21600
vt 0.93200 0.67200
v 0.00800 0.08600 0.23200
vt 0.96400 0.67200
v 0.00800 0.08200 0.23200
vt 0.96400 0.66400
vn 1.00000 0.00000 -0.00000
f 1480/1480/494 1481/1481/494 1482/1482/494
v 0.00600 0.08800 0.23200
vt 0.96400 0.67600
v -0.00600 0.08800 0.21600
vt 0.93200 0.67600
v -0.00600 0.08800 0.23200
vt 0.96400 0.67600
vn -0.00000 1.00000 -0.00000
f 1483/1483/495 1484/1484/495 1485/1485/495
v 0.00600 0.08800 0.23200
vt 0.96400 0.67600
v 0.00600 0.08800 0.21600
vt 0.93200 0.67600
v -0.00600 0.08800 0.21600
vt 0.93200 0.67600
vn -0.00000 1.00000 -0.00000
f 1486/1486/496 1487/1487/496 1488/1488/496
v 0.00600 0.08800 0.23200
vt 0.96400 0.67600
v 0.00800 0.08600 0.23200
vt 0.96400 0.67200
v 0.00800 0.08600 0.21600
vt 0.93200 0.67200
vn 0.70711 0.70711 -0.00000
f 1489/1489/497 1490/1490/497 1491/1491/497
v 0.00600 0.08800 0.23200
vt 0.96400 0.67600
v 0.00800 0.08600 0.21600
vt 0.93200 0.67200
v 0.00600 0.08800 0.21600
vt 0.93200 0.67600
vn 0.70711 0.70711 -0.00000
f 1492/1492/498 1493/1493/498 1494/1494/498
v 0.00600 0.08600 0.23400
vt 0.96800 0.67200
v 0.00800 0.08200 0.23200
vt 0.96400 0.66400
v 0.00800 0.08600 0.23200
vt 0.96400 0.67200
vn 0.70711 0.00000 0.70711
f 1495/1495/499 1496/1496/499 1497/1497/499
v 0.00600 0.08600 0.23400
vt 0.96800 0.67200
v 0.00600 0.08200 0.23400
vt 0.96800 0.66400
v 0.00800 0.08200 0.23200
vt 0.96400 0.66400
vn 0.70711 0.00000 0.70711
f 1498/1498/500 1499/1499/500 1500/1500/500
v 0.00600 0.08600 0.23400
vt 0.96800 0.67200
v 0.00600 0.08800 0.23200
vt 0.96400 0.67600
v -0.00600 0.08800 0.23200
vt 0.96400 0.67600
vn -0.00000 0.70711 0.70711
f 1501/1501/501 1502/1502/501 1503/1503/501
v 0.00600 0.08600 0.23400
vt 0.96800 0.67200
v -0.00600 0.08800 0.23200
vt 0.96400 0.67600
v -0.00600 0.08600 0.23400
vt 0.96800 0.67200
vn -0.00000 0.70711 0.70711
f 1504/1504/502 1505/1505/502 1506/1506/502
v -0.00800 0.08600 0.21600
vt 0.93200 0.67200
v -0.00600 0.08600 0.21400
vt 0.92800 0.67200
v -0.00600 0.08200 0.21400
vt 0.92800 0.66400
vn -0.70711 -0.00000 -0.70711
f 1507/1507/503 1508/1508/503 1509/1509/503
v -0.00800 0.08600 0.21600
vt 0.93200 0.67200
v -0.00600 0.08200 0.21400
vt 0.92800 0.66400
v -0.00800 0.08200 0.21600
vt 0.93200 0.66400
vn -0.70711 -0.00000 -0.70711
f 1510/1510/504 1511/1511/504 1512/1512/504
v -0.00800 0.08600 0.21600
vt 0.93200 0.67200
v -0.00800 0.08200 0.21600
vt 0.93200 0.66400
v -0.00800 0.08200 0.23200
vt 0.96400 0.66400
vn -1.00000 0.00000 -0.00000
f 1513/1513/505 1514/1514/505 1515/1515/505
v -0.00800 0.08600 0.21600
vt 0.93200 0.67200
v -0.00800 0.08200 0.23200
vt 0.96400 0.66400
v -0.00800 0.08600 0.23200
vt 0.96400 0.67200
vn -1.00000 0.00000 -0.00000
f 1516/1516/506 1517/1517/506 1518/1518/506
v -0.00800 0.08600 0.21600
vt 0.93200 0.67200
v -0.00600 0.08800 0.23200
vt 0.96400 0.67600
v -0.00600 0.08800 0.21600
vt 0.93200 0.67600
vn -0.70711 0.70711 -0.00000
f 1519/1519/507 1520/1520/507 1521/1521/507
v -0.00800 0.08600 0.21600
vt 0.93200 0.67200
v -0.00800 0.08600 0.23200
vt 0.96400 0.67200
v -0.00600 0.08800 0.23200
vt 0.96400 0.67600
vn -0.70711 0.70711 -0.00000
f 1522/1522/508 1523/1523/508 1524/1524/508
v 0.00600 0.08600 0.21400
vt 0.92800 0.67200
v -0.00600 0.08800 0.21600
vt 0.93200 0.67600
v 0.00600 0.08800 0.21600
vt 0.93200 0.67600
vn -0.00000 0.70711 -0.70711
f 1525/1525/509 1526/1526/509 1527/1527/509
v 0.00600 0.08600 0.21400
vt 0.92800 0.67200
v -0.00600 0.08600 0.21400
vt 0.92800 0.67200
v -0.00600 0.08800 0.21600
vt 0.93200 0.67600
vn -0.00000 0.70711 -0.70711
f 1528/1528/510 1529/1529/510 1530/1530/510
v 0.00600 0.08600 0.21400
vt 0.92800 0.67200
v -0.00600 0.08200 0.21400
vt 0.92800 0.66400
v -0.00600 0.08600 0.21400
vt 0.92800 0.67200
vn -0.00000 0.00000 -1.00000
f 1531/1531/511 1532/1532/511 1533/1533/511
v 0.00600 0.08600 0.21400
vt 0.92800 0.67200
v 0.00600 0.08200 0.21400
vt 0.92800 0.66400
v -0.00600 0.08200 0.21400
vt 0.92800 0.66400
vn -0.00000 0.00000 -1.00000
f 1534/1534/512 1535/1535/512 1536/1536/512
v 0.00600 0.08600 0.21400
vt 0.92800 0.67200
v 0.00800 0.08600 0.21600
vt 0.93200 0.67200
v 0.00800 0.08200 0.21600
vt 0.93200 0.66400
vn 0.70711 -0.00000 -0.70711
f 1537/1537/513 1538/1538/513 1539/1539/513
v 0.00600 0.08600 0.21400
vt 0.92800 0.67200
v 0.00800 0.08200 0.21600
vt 0.93200 0.66400
v 0.00600 0.08200 0.21400
vt 0.92800 0.66400
vn 0.70711 -0.00000 -0.70711
f 1540/1540/514 1541/1541/514 1542/1542/514
v -0.00600 0.08200 0.23400
vt 0.96800 0.66400
v 0.00600 0.08200 0.23400
vt 0.96800 0.66400
v 0.00600 0.08600 0.23400
vt 0.96800 0.67200
vn 0.00000 0.00000 1.00000
f 1543/1543/515 1544/1544/515 1545/1545/515
v -0.00600 0.08200 0.23400
vt 0.96800 0.66400
v 0.00600 0.08600 0.23400
vt 0.96800 0.67200
v -0.00600 0.08600 0.23400
vt 0.96800 0.67200
vn 0.00000 0.00000 1.00000
f 1546/1546/516 1547/1547/516 1548/1548/516
v -0.00600 0.08200 0.23400
vt 0.96800 0.66400
v -0.00800 0.08600 0.23200
vt 0.96400 0.67200
v -0.00800 0.08200 0.23200
vt 0.96400 0.66400
vn -0.70711 0.00000 0.70711
f 1549/1549/517 1550/1550/517 1551/1551/517
v -0.00600 0.08200 0.23400
vt 0.96800 0.66400
v -0.00600 0.08600 0.23400
vt 0.96800 0.67200
v -0.00800 0.08600 0.23200
vt 0.96400 0.67200
vn -0.70711 0.00000 0.70711
f 1552/1552/518 1553/1553/518 1554/1554/518
v 0.00600 0.08000 0.23200
vt 0.96400 0.66000
v 0.00800 0.08200 0.21600
vt 0.93200 0.66400
v 0.00800 0.08200 0.23200
vt 0.96400 0.66400
vn 0.70711 -0.70711 -0.00000
f 1555/1555/519 1556/1556/519 1557/1557/519
v 0.00600 0.08000 0.23200
vt 0.96400 0.66000
v 0.00600 0.08000 0.21600
vt 0.93200 0.66000
v 0.00800 0.08200 0.21600
vt 0.93200 0.66400
vn 0.70711 -0.70711 -0.00000
f 1558/1558/520 1559/1559/520 1560/1560/520
v -0.00600 0.08000 0.21600
vt 0.93200 0.66000
v -0.00600 0.08200 0.21400
vt 0.92800 0.66400
v 0.00600 0.08200 0.21400
vt 0.92800 0.66400
vn 0.00000 -0.70711 -0.70711
f 1561/1561/521 1562/1562/521 1563/1563/521
v -0.00600 0.08000 0.21600
vt 0.93200 0.66000
v 0.00600 0.08200 0.21400
vt 0.92800 0.66400
v 0.00600 0.08000 0.21600
vt 0.93200 0.66000
vn 0.00000 -0.70711 -0.70711
f 1564/1564/522 1565/1565/522 1566/1566/522
v -0.00600 0.08000 0.23200
vt 0.96400 0.66000
v 0.00600 0.08200 0.23400
vt 0.96800 0.66400
v -0.00600 0.08200 0.23400
vt 0.96800 0.66400
vn 0.00000 -0.70711 0.70711
f 1567/1567/523 1568/1568/523 1569/1569/523
v -0.00600 0.08000 0.23200
vt 0.96400 0.66000
v 0.00600 0.08000 0.23200
vt 0.96400 0.66000
v 0.00600 0.08200 0.23400
vt 0.96800 0.66400
vn 0.00000 -0.70711 0.70711
f 1570/1570/524 1571/1571/524 1572/1572/524
v -0.00600 0.08000 0.23200
vt 0.96400 0.66000
v -0.00800 0.08200 0.23200
vt 0.96400 0.66400
v -0.00800 0.08200 0.21600
vt 0.93200 0.66400
vn -0.70711 -0.70711 0.00000
f 1573/1573/525 1574/1574/525 1575/1575/525
v -0.00600 0.08000 0.23200
vt 0.96400 0.66000
v -0.00800 0.08200 0.21600
vt 0.93200 0.66400
v -0.00600 0.08000 0.21600
vt 0.93200 0.66000
vn -0.70711 -0.70711 0.00000
f 1576/1576/526 1577/1577/526 1578/1578/526
v -0.00600 0.08000 0.23200
vt 0.96400 0.66000
v 0.00600 0.08000 0.21600
vt 0.93200 0.66000
v 0.00600 0.08000 0.23200
vt 0.96400 0.66000
vn 0.00000 -1.00000 -0.00000
f 1579/1579/527 1580/1580/527 1581/1581/527
v -0.00600 0.08000 0.23200
vt 0.96400 0.66000
v -0.00600 0.08000 0.21600
vt 0.93200 0.66000
v 0.00600 0.08000 0.21600
vt 0.93200 0.66000
vn 0.00000 -1.00000 -0.00000
f 1582/1582/528 1583/1583/528 1584/1584/528
v -0.00180 0.09900 0.22100
vt 0.94200 0.69800
v 0.00180 0.09900 0.22100
vt 0.94200 0.69800
v 0.00180 0.08700 0.22100
vt 0.94200 0.67400
vn 0.00000 -0.00000 -1.00000
f 1585/1585/529 1586/1586/529 1587/1587/529
v -0.00180 0.09900 0.22100
vt 0.94200 0.69800
v 0.00180 0.08700 0.22100
vt 0.94200 0.67400
v -0.00180 0.08700 0.22100
vt 0.94200 0.67400
vn 0.00000 -0.00000 -1.00000
f 1588/1588/530 1589/1589/530 1590/1590/530
v -0.00180 0.08700 0.22700
vt 0.95400 0.67400
v -0.00180 0.08700 0.22100
vt 0.94200 0.67400
v 0.00180 0.08700 0.22100
vt 0.94200 0.67400
vn -0.00000 -1.00000 0.00000
f 1591/1591/531 1592/1592/531 1593/1593/531
v -0.00180 0.08700 0.22700
vt 0.95400 0.67400
v 0.00180 0.08700 0.22100
vt 0.94200 0.67400
v 0.00180 0.08700 0.22700
vt 0.95400 0.67400
vn -0.00000 -1.00000 0.00000
f 1594/1594/532 1595/1595/532 1596/1596/532
v -0.00180 0.08700 0.22700
vt 0.95400 0.67400
v -0.00180 0.09900 0.22100
vt 0.94200 0.69800
v -0.00180 0.08700 0.22100
vt 0.94200 0.67400
vn -1.00000 -0.00000 -0.00000
f 1597/1597/533 1598/1598/533 1599/1599/533
v -0.00180 0.08700 0.22700
vt 0.95400 0.67400
v -0.00180 0.09900 0.22700
vt 0.95400 0.69800
v -0.00180 0.09900 0.22100
vt 0.94200 0.69800
vn -1.00000 -0.00000 -0.00000
f 1600/1600/534 1601/1601/534 1602/1602/534
v 0.00180 0.09900 0.22700
vt 0.95400 0.69800
v 0.00180 0.08700 0.22100
vt 0.94200 0.67400
v 0.00180 0.09900 0.22100
vt 0.94200 0.69800
vn 1.00000 -0.00000 -0.00000
f 1603/1603/535 1604/1604/535 1605/1605/535
v 0.00180 0.09900 0.22700
vt 0.95400 0.69800
v 0.00180 0.08700 0.22700
vt 0.95400 0.67400
v 0.00180 0.08700 0.22100
vt 0.94200 0.67400
vn 1.00000 -0.00000 -0.00000
f 1606/1606/536 1607/1607/536 1608/1608/536
v 0.00180 0.09900 0.22700
vt 0.95400 0.69800
v 0.00180 0.09900 0.22100
vt 0.94200 0.69800
v -0.00180 0.09900 0.22100
vt 0.94200 0.69800
vn -0.00000 1.00000 -0.00000
f 1609/1609/537 1610/1610/537 1611/1611/537
v 0.00180 0.09900 0.22700
vt 0.95400 0.69800
v -0.00180 0.09900 0.22100
vt 0.94200 0.69800
v -0.00180 0.09900 0.22700
vt 0.95400 0.69800
vn -0.00000 1.00000 -0.00000
f 1612/1612/538 1613/1613/538 1614/1614/538
v 0.00180 0.09900 0.22700
vt 0.95400 0.69800
v -0.00180 0.08700 0.22700
vt 0.95400 0.67400
v 0.00180 0.08700 0.22700
vt 0.95400 0.67400
vn 0.00000 -0.00000 1.00000
f 1615/1615/539 1616/1616/539 1617/1617/539
v 0.00180 0.09900 0.22700
vt 0.95400 0.69800
v -0.00180 0.09900 0.22700
vt 0.95400 0.69800
v -0.00180 0.08700 0.22700
vt 0.95400 0.67400
vn 0.00000 -0.00000 1.00000
f 1618/1618/540 1619/1619/540 1620/1620/540
v -0.00900 0.08600 -0.05200
vt 0.39600 0.67200
v -0.00700 0.08600 -0.05000
vt 0.40000 0.67200
v -0.00700 0.08800 -0.05200
vt 0.39600 0.67600
vn -0.57735 0.57735 0.57735
f 1621/1621/541 1622/1622/541 1623/1623/541
v 0.00700 0.08000 -0.06800
vt 0.36400 0.66000
v 0.00700 0.08200 -0.07000
vt 0.36000 0.66400
v 0.00900 0.08200 -0.06800
vt 0.36400 0.66400
vn 0.57735 -0.57735 -0.57735
f 1624/1624/542 1625/1625/542 1626/1626/542
v 0.00700 0.08600 -0.05000
vt 0.40000 0.67200
v 0.00900 0.08600 -0.05200
vt 0.39600 0.67200
v 0.00700 0.08800 -0.05200
vt 0.39600 0.67600
vn 0.57735 0.57735 0.57735
f 1627/1627/543 1628/1628/543 1629/1629/543
v -0.00900 0.08600 -0.06800
vt 0.36400 0.67200
v -0.00700 0.08800 -0.06800
vt 0.36400 0.67600
v -0.00700 0.08600 -0.07000
vt 0.36000 0.67200
vn -0.57735 0.57735 -0.57735
f 1630/1630/544 1631/1631/544 1632/1632/544
v 0.00700 0.08600 -0.07000
vt 0.36000 0.67200
v 0.00700 0.08800 -0.06800
vt 0.36400 0.67600
v 0.00900 0.08600 -0.06800
vt 0.36400 0.67200
vn 0.57735 0.57735 -0.57735
f 1633/1633/545 1634/1634/545 1635/1635/545
v 0.00700 0.08000 -0.05200
vt 0.39600 0.66000
v 0.00900 0.08200 -0.05200
vt 0.39600 0.66400
v 0.00700 0.08200 -0.05000
vt 0.40000 0.66400
vn 0.57735 -0.57735 0.57735
f 1636/1636/546 1637/1637/546 1638/1638/546
v -0.00700 0.08000 -0.06800
vt 0.36400 0.66000
v -0.00900 0.08200 -0.06800
vt 0.36400 0.66400
v -0.00700 0.08200 -0.07000
vt 0.36000 0.66400
vn -0.57735 -0.57735 -0.57735
f 1639/1639/547 1640/1640/547 1641/1641/547
v -0.00700 0.08000 -0.05200
vt 0.39600 0.66000
v -0.00700 0.08200 -0.05000
vt 0.40000 0.66400
v -0.00900 0.08200 -0.05200
vt 0.39600 0.66400
vn -0.57735 -0.57735 0.57735
f 1642/1642/548 1643/1643/548 1644/1644/548
v 0.00900 0.08600 -0.06800
vt 0.36400 0.67200
v 0.00900 0.08200 -0.05200
vt 0.39600 0.66400
v 0.00900 0.08200 -0.06800
vt 0.36400 0.66400
vn 1.00000 0.00000 -0.00000
f 1645/1645/549 1646/1646/549 1647/1647/549
v 0.00900 0.08600 -0.06800
vt 0.36400 0.67200
v 0.00900 0.08600 -0.05200
vt 0.39600 0.67200
v 0.00900 0.08200 -0.05200
vt 0.39600 0.66400
vn 1.00000 0.00000 -0.00000
f 1648/1648/550 1649/1649/550 1650/1650/550
v 0.00700 0.08800 -0.05200
vt 0.39600 0.67600
v -0.00700 0.08800 -0.06800
vt 0.36400 0.67600
v -0.00700 0.08800 -0.05200
vt 0.39600 0.67600
vn -0.00000 1.00000 -0.00000
f 1651/1651/551 1652/1652/551 1653/1653/551
v 0.00700 0.08800 -0.05200
vt 0.39600 0.67600
v 0.00700 0.08800 -0.06800
vt 0.36400 0.67600
v -0.00700 0.08800 -0.06800
vt 0.36400 0.67600
vn -0.00000 1.00000 -0.00000
f 1654/1654/552 1655/1655/552 1656/1656/552
v 0.00700 0.08800 -0.05200
vt 0.39600 0.67600
v 0.00900 0.08600 -0.05200
vt 0.39600 0.67200
v 0.00900 0.08600 -0.06800
vt 0.36400 0.67200
vn 0.70711 0.70711 -0.00000
f 1657/1657/553 1658/1658/553 1659/1659/553
v 0.00700 0.08800 -0.05200
vt 0.39600 0.67600
v 0.00900 0.08600 -0.06800
vt 0.36400 0.67200
v 0.00700 0.08800 -0.06800
vt 0.36400 0.67600
vn 0.70711 0.70711 -0.00000
f 1660/1660/554 1661/1661/554 1662/1662/554
v 0.00700 0.08600 -0.05000
vt 0.40000 0.67200
v 0.00900 0.08200 -0.05200
vt 0.39600 0.66400
v 0.00900 0.08600 -0.05200
vt 0.39600 0.67200
vn 0.70711 0.00000 0.70711
f 1663/1663/555 1664/1664/555 1665/1665/555
v 0.00700 0.08600 -0.05000
vt 0.40000 0.67200
v 0.00700 0.08200 -0.05000
vt 0.40000 0.66400
v 0.00900 0.08200 -0.05200
vt 0.39600 0.66400
vn 0.70711 0.00000 0.70711
f 1666/1666/556 1667/1667/556 1668/1668/556
v 0.00700 0.08600 -0.05000
vt 0.40000 0.67200
v 0.00700 0.08800 -0.05200
vt 0.39600 0.67600
v -0.00700 0.08800 -0.05200
vt 0.39600 0.67600
vn -0.00000 0.70711 0.70711
f 1669/1669/557 1670/1670/557 1671/1671/557
v 0.00700 0.08600 -0.05000
vt 0.40000 0.67200
v -0.00700 0.08800 -0.05200
vt 0.39600 0.67600
v -0.00700 0.08600 -0.05000
vt 0.40000 0.67200
vn -0.00000 0.70711 0.70711
f 1672/1672/558 1673/1673/558 1674/1674/558
v -0.00900 0.08600 -0.06800
vt 0.36400 0.67200
v -0.00700 0.08600 -0.07000
vt 0.36000 0.67200
v -0.00700 0.08200 -0.07000
vt 0.36000 0.66400
vn -0.70711 -0.00000 -0.70711
f 1675/1675/559 1676/1676/559 1677/1677/559
v -0.00900 0.08600 -0.06800
vt 0.36400 0.67200
v -0.00700 0.08200 -0.07000
vt 0.36000 0.66400
v -0.00900 0.08200 -0.06800
vt 0.36400 0.66400
vn -0.70711 -0.00000 -0.70711
f 1678/1678/560 1679/1679/560 1680/1680/560
v -0.00900 0.08600 -0.06800
vt 0.36400 0.67200
v -0.00900 0.08200 -0.06800
vt 0.36400 0.66400
v -0.00900 0.08200 -0.05200
vt 0.39600 0.66400
vn -1.00000 0.00000 -0.00000
f 1681/1681/561 1682/1682/561 1683/1683/561
v -0.00900 0.08600 -0.06800
vt 0.36400 0.67200
v -0.00900 0.08200 -0.05200
vt 0.39600 0.66400
v -0.00900 0.08600 -0.05200
vt 0.39600 0.67200
vn -1.00000 0.00000 -0.00000
f 1684/1684/562 1685/1685/562 1686/1686/562
v -0.00900 0.08600 -0.06800
vt 0.36400 0.67200
v -0.00700 0.08800 -0.05200
vt 0.39600 0.67600
v -0.00700 0.08800 -0.06800
vt 0.36400 0.67600
vn -0.70711 0.70711 -0.00000
f 1687/1687/563 1688/1688/563 1689/1689/563
v -0.00900 0.08600 -0.06800
vt 0.36400 0.67200
v -0.00900 0.08600 -0.05200
vt 0.39600 0.67200
v -0.00700 0.08800 -0.05200
vt 0.39600 0.67600
vn -0.70711 0.70711 -0.00000
f 1690/1690/564 1691/1691/564 1692/1692/564
v 0.00700 0.08600 -0.07000
vt 0.36000 0.67200
v -0.00700 0.08800 -0.06800
vt 0.36400 0.67600
v 0.00700 0.08800 -0.06800
vt 0.36400 0.67600
vn -0.00000 0.70711 -0.70711
f 1693/1693/565 1694/1694/565 1695/1695/565
v 0.00700 0.08600 -0.07000
vt 0.36000 0.67200
v -0.00700 0.08600 -0.07000
vt 0.36000 0.67200
v -0.00700 0.08800 -0.06800
vt 0.36400 0.67600
vn -0.00000 0.70711 -0.70711
f 1696/1696/566 1697/1697/566 1698/1698/566
v 0.00700 0.08600 -0.07000
vt 0.36000 0.67200
v -0.00700 0.08200 -0.07000
vt 0.36000 0.66400
v -0.00700 0.08600 -0.07000
vt 0.36000 0.67200
vn -0.00000 0.00000 -1.00000
f 1699/1699/567 1700/1700/567 1701/1701/567
v 0.00700 0.08600 -0.07000
vt 0.36000 0.67200
v 0.00700 0.08200 -0.07000
vt 0.36000 0.66400
v -0.00700 0.08200 -0.07000
vt 0.36000 0.66400
vn -0.00000 0.00000 -1.00000
f 1702/1702/568 1703/1703/568 1704/1704/568
v 0.00700 0.08600 -0.07000
vt 0.36000 0.67200
v 0.00900 0.08600 -0.06800
vt 0.36400 0.67200
v 0.00900 0.08200 -0.06800
vt 0.36400 0.66400
vn 0.70711 -0.00000 -0.70711
f 1705/1705/569 1706/1706/569 1707/1707/569
v 0.00700 0.08600 -0.07000
vt 0.36000 0.67200
v 0.00900 0.08200 -0.06800
vt 0.36400 0.66400
v 0.00700 0.08200 -0.07000
vt 0.36000 0.66400
vn 0.70711 -0.00000 -0.70711
f 1708/1708/570 1709/1709/570 1710/1710/570
v -0.00700 0.08200 -0.05000
vt 0.40000 0.66400
v 0.00700 0.08200 -0.05000
vt 0.40000 0.66400
v 0.00700 0.08600 -0.05000
vt 0.40000 0.67200
vn 0.00000 0.00000 1.00000
f 1711/1711/571 1712/1712/571 1713/1713/571
v -0.00700 0.08200 -0.05000
vt 0.40000 0.66400
v 0.00700 0.08600 -0.05000
vt 0.40000 0.67200
v -0.00700 0.08600 -0.05000
vt 0.40000 0.67200
vn 0.00000 0.00000 1.00000
f 1714/1714/572 1715/1715/572 1716/1716/572
v -0.00700 0.08200 -0.05000
vt 0.40000 0.66400
v -0.00900 0.08600 -0.05200
vt 0.39600 0.67200
v -0.00900 0.08200 -0.05200
vt 0.39600 0.66400
vn -0.70711 0.00000 0.70711
f 1717/1717/573 1718/1718/573 1719/1719/573
v -0.00700 0.08200 -0.05000
vt 0.40000 0.66400
v -0.00700 0.08600 -0.05000
vt 0.40000 0.67200
v -0.00900 0.08600 -0.05200
vt 0.39600 0.67200
vn -0.70711 0.00000 0.70711
f 1720/1720/574 1721/1721/574 1722/1722/574
v 0.00700 0.08000 -0.05200
vt 0.39600 0.66000
v 0.00900 0.08200 -0.06800
vt 0.36400 0.66400
v 0.00900 0.08200 -0.05200
vt 0.39600 0.66400
vn 0.70711 -0.70711 -0.00000
f 1723/1723/575 1724/1724/575 1725/1725/575
v 0.00700 0.08000 -0.05200
vt 0.39600 0.66000
v 0.00700 0.08000 -0.06800
vt 0.36400 0.66000
v 0.00900 0.08200 -0.06800
vt 0.36400 0.66400
vn 0.70711 -0.70711 -0.00000
f 1726/1726/576 1727/1727/576 1728/1728/576
v -0.00700 0.08000 -0.06800
vt 0.36400 0.66000
v -0.00700 0.08200 -0.07000
vt 0.36000 0.66400
v 0.00700 0.08200 -0.07000
vt 0.36000 0.66400
vn 0.00000 -0.70711 -0.70711
f 1729/1729/577 1730/1730/577 1731/1731/577
v -0.00700 0.08000 -0.06800
vt 0.36400 0.66000
v 0.00700 0.08200 -0.07000
vt 0.36000 0.66400
v 0.00700 0.08000 -0.06800
vt 0.36400 0.66000
vn 0.00000 -0.70711 -0.70711
f 1732/1732/578 1733/1733/578 1734/1734/578
v -0.00700 0.08000 -0.05200
vt 0.39600 0.66000
v 0.00700 0.08200 -0.05000
vt 0.40000 0.66400
v -0.00700 0.08200 -0.05000
vt 0.40000 0.66400
vn 0.00000 -0.70711 0.70711
f 1735/1735/579 1736/1736/579 1737/1737/579
v -0.00700 0.08000 -0.05200
vt 0.39600 0.66000
v 0.00700 0.08000 -0.05200
vt 0.39600 0.66000
v 0.00700 0.08200 -0.05000
vt 0.40000 0.66400
vn 0.00000 -0.70711 0.70711
f 1738/1738/580 1739/1739/580 1740/1740/580
v -0.00700 0.08000 -0.05200
vt 0.39600 0.66000
v -0.00900 0.08200 -0.05200
vt 0.39600 0.66400
v -0.00900 0.08200 -0.06800
vt 0.36400 0.66400
vn -0.70711 -0.70711 0.00000
f 1741/1741/581 1742/1742/581 1743/1743/581
v -0.00700 0.08000 -0.05200
vt 0.39600 0.66000
v -0.00900 0.08200 -0.06800
vt 0.36400 0.66400
v -0.00700 0.08000 -0.06800
vt 0.36400 0.66000
vn -0.70711 -0.70711 0.00000
f 1744/1744/582 1745/1745/582 1746/1746/582
v -0.00700 0.08000 -0.05200
vt 0.39600 0.66000
v 0.00700 0.08000 -0.06800
vt 0.36400 0.66000
v 0.00700 0.08000 -0.05200
vt 0.39600 0.66000
vn 0.00000 -1.00000 -0.00000
f 1747/1747/583 1748/1748/583 1749/1749/583
v -0.00700 0.08000 -0.05200
vt 0.39600 0.66000
v -0.00700 0.08000 -0.06800
vt 0.36400 0.66000
v 0.00700 0.08000 -0.06800
vt 0.36400 0.66000
vn 0.00000 -1.00000 -0.00000
f 1750/1750/584 1751/1751/584 1752/1752/584
v 0.00400 0.09900 -0.06600
vt 0.36800 0.69800
v 0.00700 0.09900 -0.06600
vt 0.36800 0.69800
v 0.00700 0.08700 -0.06600
vt 0.36800 0.67400
vn 0.00000 -0.00000 -1.00000
f 1753/1753/585 1754/1754/585 1755/1755/585
v 0.00400 0.09900 -0.06600
vt 0.36800 0.69800
v 0.00700 0.08700 -0.06600
vt 0.36800 0.67400
v 0.00400 0.08700 -0.06600
vt 0.36800 0.67400
vn 0.00000 -0.00000 -1.00000
f 1756/1756/586 1757/1757/586 1758/1758/586
v 0.00400 0.08700 -0.05600
vt 0.38800 0.67400
v 0.00400 0.08700 -0.06600
vt 0.36800 0.67400
v 0.00700 0.08700 -0.06600
vt 0.36800 0.67400
vn -0.00000 -1.00000 0.00000
f 1759/1759/587 1760/1760/587 1761/1761/587
v 0.00400 0.08700 -0.05600
vt 0.38800 0.67400
v 0.00700 0.08700 -0.06600
vt 0.36800 0.67400
v 0.00700 0.08700 -0.05600
vt 0.38800 0.67400
vn -0.00000 -1.00000 0.00000
f 1762/1762/588 1763/1763/588 1764/1764/588
v 0.00400 0.08700 -0.05600
vt 0.38800 0.67400
v 0.00400 0.09900 -0.06600
vt 0.36800 0.69800
v 0.00400 0.08700 -0.06600
vt 0.36800 0.67400
vn -1.00000 -0.00000 -0.00000
f 1765/1765/589 1766/1766/589 1767/1767/589
v 0.00400 0.08700 -0.05600
vt 0.38800 0.67400
v 0.00400 0.09900 -0.05600
vt 0.38800 0.69800
v 0.00400 0.09900 -0.06600
vt 0.36800 0.69800
vn -1.00000 -0.00000 -0.00000
f 1768/1768/590 1769/1769/590 1770/1770/590
v 0.00700 0.09900 -0.05600
vt 0.38800 0.69800
v 0.00700 0.08700 -0.06600
vt 0.36800 0.67400
v 0.00700 0.09900 -0.06600
vt 0.36800 0.69800
vn 1.00000 -0.00000 -0.00000
f 1771/1771/591 1772/1772/591 1773/1773/591
v 0.00700 0.09900 -0.05600
vt 0.38800 0.69800
v 0.00700 0.08700 -0.05600
vt 0.38800 0.67400
v 0.00700 0.08700 -0.06600
vt 0.36800 0.67400
vn 1.00000 -0.00000 -0.00000
f 1774/1774/592 1775/1775/592 1776/1776/592
v 0.00700 0.09900 -0.05600
vt 0.38800 0.69800
v 0.00700 0.09900 -0.06600
vt 0.36800 0.69800
v 0.00400 0.09900 -0.06600
vt 0.36800 0.69800
vn -0.00000 1.00000 -0.00000
f 1777/1777/593 1778/1778/593 1779/1779/593
v 0.00700 0.09900 -0.05600
vt 0.38800 0.69800
v 0.00400 0.09900 -0.06600
vt 0.36800 0.69800
v 0.00400 0.09900 -0.05600
vt 0.38800 0.69800
vn -0.00000 1.00000 -0.00000
f 1780/1780/594 1781/1781/594 1782/1782/594
v 0.00700 0.09900 -0.05600
vt 0.38800 0.69800
v 0.00400 0.08700 -0.05600
vt 0.38800 0.67400
v 0.00700 0.08700 -0.05600
vt 0.38800 0.67400
vn 0.00000 -0.00000 1.00000
f 1783/1783/595 1784/1784/595 1785/1785/595
v 0.00700 0.09900 -0.05600
vt 0.38800 0.69800
v 0.00400 0.09900 -0.05600
vt 0.38800 0.69800
v 0.00400 0.08700 -0.05600
vt 0.38800 0.67400
vn 0.00000 -0.00000 1.00000
f 1786/1786/596 1787/1787/596 1788/1788/596
v -0.00700 0.09900 -0.06600
vt 0.36800 0.69800
v -0.00400 0.09900 -0.06600
vt 0.36800 0.69800
v -0.00400 0.08700 -0.06600
vt 0.36800 0.67400
vn 0.00000 -0.00000 -1.00000
f 1789/1789/597 1790/1790/597 1791/1791/597
v -0.00700 0.09900 -0.06600
vt 0.36800 0.69800
v -0.00400 0.08700 -0.06600
vt 0.36800 0.67400
v -0.00700 0.08700 -0.06600
vt 0.36800 0.67400
vn 0.00000 -0.00000 -1.00000
f 1792/1792/598 1793/1793/598 1794/1794/598
v -0.00700 0.08700 -0.05600
vt 0.38800 0.67400
v -0.00700 0.08700 -0.06600
vt 0.36800 0.67400
v -0.00400 0.08700 -0.06600
vt 0.36800 0.67400
vn -0.00000 -1.00000 0.00000
f 1795/1795/599 1796/1796/599 1797/1797/599
v -0.00700 0.08700 -0.05600
vt 0.38800 0.67400
v -0.00400 0.08700 -0.06600
vt 0.36800 0.67400
v -0.00400 0.08700 -0.05600
vt 0.38800 0.67400
vn -0.00000 -1.00000 0.00000
f 1798/1798/600 1799/1799/600 1800/1800/600
v -0.00700 0.08700 -0.05600
vt 0.38800 0.67400
v -0.00700 0.09900 -0.06600
vt 0.36800 0.69800
v -0.00700 0.08700 -0.06600
vt 0.36800 0.67400
vn -1.00000 -0.00000 -0.00000
f 1801/1801/601 1802/1802/601 1803/1803/601
v -0.00700 0.08700 -0.05600
vt 0.38800 0.67400
v -0.00700 0.09900 -0.05600
vt 0.38800 0.69800
v -0.00700 0.09900 -0.06600
vt 0.36800 0.69800
vn -1.00000 -0.00000 -0.00000
f 1804/1804/602 1805/1805/602 1806/1806/602
v -0.00400 0.09900 -0.05600
vt 0.38800 0.69800
v -0.00400 0.08700 -0.06600
vt 0.36800 0.67400
v -0.00400 0.09900 -0.06600
vt 0.36800 0.69800
vn 1.00000 -0.00000 -0.00000
f 1807/1807/603 1808/1808/603 1809/1809/603
v -0.00400 0.09900 -0.05600
vt 0.38800 0.69800
v -0.00400 0.08700 -0.05600
vt 0.38800 0.67400
v -0.00400 0.08700 -0.06600
vt 0.36800 0.67400
vn 1.00000 -0.00000 -0.00000
f 1810/1810/604 1811/1811/604 1812/1812/604
v -0.00400 0.09900 -0.05600
vt 0.38800 0.69800
v -0.00400 0.09900 -0.06600
vt 0.36800 0.69800
v -0.00700 0.09900 -0.06600
vt 0.36800 0.69800
vn -0.00000 1.00000 -0.00000
f 1813/1813/605 1814/1814/605 1815/1815/605
v -0.00400 0.09900 -0.05600
vt 0.38800 0.69800
v -0.00700 0.09900 -0.06600
vt 0.36800 0.69800
v -0.00700 0.09900 -0.05600
vt 0.38800 0.69800
vn -0.00000 1.00000 -0.00000
f 1816/1816/606 1817/1817/606 1818/1818/606
v -0.00400 0.09900 -0.05600
vt 0.38800 0.69800
v -0.00700 0.08700 -0.05600
vt 0.38800 0.67400
v -0.00400 0.08700 -0.05600
vt 0.38800 0.67400
vn 0.00000 -0.00000 1.00000
f 1819/1819/607 1820/1820/607 1821/1821/607
v -0.00400 0.09900 -0.05600
vt 0.38800 0.69800
v -0.00700 0.09900 -0.05600
vt 0.38800 0.69800
v -0.00700 0.08700 -0.05600
vt 0.38800 0.67400
vn 0.00000 -0.00000 1.00000
f 1822/1822/608 1823/1823/608 1824/1824/608
o Steel
usemtl Steel
v 0.00250 0.01600 0.04080
vt 0.58160 0.53200
v 0.00250 0.01200 0.04094
vt 0.58188 0.52400
v 0.00250 0.01200 0.03594
vt 0.57188 0.52400
vn 1.00000 0.00000 0.00000
f 1825/1825/609 1826/1826/609 1827/1827/609
v 0.00250 0.01600 0.04080
vt 0.58160 0.53200
v 0.00250 0.01200 0.03594
vt 0.57188 0.52400
v 0.00250 0.01600 0.03520
vt 0.57040 0.53200
vn 1.00000 0.00000 0.00000
f 1828/1828/610 1829/1829/610 1830/1830/610
v -0.00250 0.01200 0.03594
vt 0.57188 0.52400
v 0.00250 0.01600 0.03520
vt 0.57040 0.53200
v 0.00250 0.01200 0.03594
vt 0.57188 0.52400
vn -0.00000 -0.18132 -0.98342
f 1831/1831/611 1832/1832/611 1833/1833/611
v -0.00250 0.01200 0.03594
vt 0.57188 0.52400
v -0.00250 0.01600 0.03520
vt 0.57040 0.53200
v 0.00250 0.01600 0.03520
vt 0.57040 0.53200
vn -0.00000 -0.18132 -0.98342
f 1834/1834/612 1835/1835/612 1836/1836/612
v -0.00250 0.01200 0.04094
vt 0.58188 0.52400
v 0.00250 0.01200 0.03594
vt 0.57188 0.52400
v 0.00250 0.01200 0.04094
vt 0.58188 0.52400
vn 0.00000 -1.00000 -0.00000
f 1837/1837/613 1838/1838/613 1839/1839/613
v -0.00250 0.01200 0.04094
vt 0.58188 0.52400
v -0.00250 0.01200 0.03594
vt 0.57188 0.52400
v 0.00250 0.01200 0.03594
vt 0.57188 0.52400
vn 0.00000 -1.00000 -0.00000
f 1840/1840/614 1841/1841/614 1842/1842/614
v -0.00250 0.01600 0.04080
vt 0.58160 0.53200
v 0.00250 0.01600 0.04080
vt 0.58160 0.53200
v 0.00250 0.01600 0.03520
vt 0.57040 0.53200
vn 0.00000 1.00000 -0.00000
f 1843/1843/615 1844/1844/615 1845/1845/615
v -0.00250 0.01600 0.04080
vt 0.58160 0.53200
v 0.00250 0.01600 0.03520
vt 0.57040 0.53200
v -0.00250 0.01600 0.03520
vt 0.57040 0.53200
vn 0.00000 1.00000 -0.00000
f 1846/1846/616 1847/1847/616 1848/1848/616
v -0.00250 0.01600 0.04080
vt 0.58160 0.53200
v -0.00250 0.01600 0.03520
vt 0.57040 0.53200
v -0.00250 0.01200 0.03594
vt 0.57188 0.52400
vn -1.00000 -0.00000 -0.00000
f 1849/1849/617 1850/1850/617 1851/1851/617
v -0.00250 0.01600 0.04080
vt 0.58160 0.53200
v -0.00250 0.01200 0.03594
vt 0.57188 0.52400
v -0.00250 0.01200 0.04094
vt 0.58188 0.52400
vn -1.00000 -0.00000 -0.00000
f 1852/1852/618 1853/1853/618 1854/1854/618
v -0.00250 0.01600 0.04080
vt 0.58160 0.53200
v 0.00250 0.01200 0.04094
vt 0.58188 0.52400
v 0.00250 0.01600 0.04080
vt 0.58160 0.53200
vn -0.00000 0.03435 0.99941
f 1855/1855/619 1856/1856/619 1857/1857/619
v -0.00250 0.01600 0.04080
vt 0.58160 0.53200
v -0.00250 0.01200 0.04094
vt 0.58188 0.52400
v 0.00250 0.01200 0.04094
vt 0.58188 0.52400
vn -0.00000 0.03435 0.99941
f 1858/1858/620 1859/1859/620 1860/1860/620
v -0.00250 0.00800 0.03755
vt 0.57510 0.51600
v 0.00250 0.01200 0.03594
vt 0.57188 0.52400
v 0.00250 0.00800 0.03755
vt 0.57510 0.51600
vn -0.00000 -0.37389 -0.92747
f 1861/1861/621 1862/1862/621 1863/1863/621
v -0.00250 0.00800 0.03755
vt 0.57510 0.51600
v -0.00250 0.01200 0.03594
vt 0.57188 0.52400
v 0.00250 0.01200 0.03594
vt 0.57188 0.52400
vn -0.00000 -0.37389 -0.92747
f 1864/1864/622 1865/1865/622 1866/1866/622
v 0.00250 0.01200 0.04094
vt 0.58188 0.52400
v 0.00250 0.00800 0.03755
vt 0.57510 0.51600
v 0.00250 0.01200 0.03594
vt 0.57188 0.52400
vn 1.00000 0.00000 0.00000
f 1867/1867/623 1868/1868/623 1869/1869/623
v 0.00250 0.01200 0.04094
vt 0.58188 0.52400
v 0.00250 0.00800 0.04195
vt 0.58390 0.51600
v 0.00250 0.00800 0.03755
vt 0.57510 0.51600
vn 1.00000 0.00000 0.00000
f 1870/1870/624 1871/1871/624 1872/1872/624
v -0.00250 0.01200 0.04094
vt 0.58188 0.52400
v 0.00250 0.01200 0.03594
vt 0.57188 0.52400
v -0.00250 0.01200 0.03594
vt 0.57188 0.52400
vn 0.00000 1.00000 -0.00000
f 1873/1873/625 1874/1874/625 1875/1875/625
v -0.00250 0.01200 0.04094
vt 0.58188 0.52400
v 0.00250 0.01200 0.04094
vt 0.58188 0.52400
v 0.00250 0.01200 0.03594
vt 0.57188 0.52400
vn 0.00000 1.00000 -0.00000
f 1876/1876/626 1877/1877/626 1878/1878/626
v -0.00250 0.00800 0.04195
vt 0.58390 0.51600
v -0.00250 0.00800 0.03755
vt 0.57510 0.51600
v 0.00250 0.00800 0.03755
vt 0.57510 0.51600
vn 0.00000 -1.00000 -0.00000
f 1879/1879/627 1880/1880/627 1881/1881/627
v -0.00250 0.00800 0.04195
vt 0.58390 0.51600
v 0.00250 0.00800 0.03755
vt 0.57510 0.51600
v 0.00250 0.00800 0.04195
vt 0.58390 0.51600
vn 0.00000 -1.00000 -0.00000
f 1882/1882/628 1883/1883/628 1884/1884/628
v -0.00250 0.00800 0.04195
vt 0.58390 0.51600
v 0.00250 0.00800 0.04195
vt 0.58390 0.51600
v 0.00250 0.01200 0.04094
vt 0.58188 0.52400
vn -0.00000 0.24539 0.96943
f 1885/1885/629 1886/1886/629 1887/1887/629
v -0.00250 0.00800 0.04195
vt 0.58390 0.51600
v 0.00250 0.01200 0.04094
vt 0.58188 0.52400
v -0.00250 0.01200 0.04094
vt 0.58188 0.52400
vn -0.00000 0.24539 0.96943
f 1888/1888/630 1889/1889/630 1890/1890/630
v -0.00250 0.00800 0.04195
vt 0.58390 0.51600
v -0.00250 0.01200 0.03594
vt 0.57188 0.52400
v -0.00250 0.00800 0.03755
vt 0.57510 0.51600
vn -1.00000 -0.00000 0.00000
f 1891/1891/631 1892/1892/631 1893/1893/631
v -0.00250 0.00800 0.04195
vt 0.58390 0.51600
v -0.00250 0.01200 0.04094
vt 0.58188 0.52400
v -0.00250 0.01200 0.03594
vt 0.57188 0.52400
vn -1.00000 -0.00000 0.00000
f 1894/1894/632 1895/1895/632 1896/1896/632
v -0.00250 0.00400 0.04004
vt 0.58008 0.50800
v 0.00250 0.00800 0.03755
vt 0.57510 0.51600
v 0.00250 0.00400 0.04004
vt 0.58008 0.50800
vn -0.00000 -0.52809 -0.84919
f 1897/1897/633 1898/1898/633 1899/1899/633
v -0.00250 0.00400 0.04004
vt 0.58008 0.50800
v -0.00250 0.00800 0.03755
vt 0.57510 0.51600
v 0.00250 0.00800 0.03755
vt 0.57510 0.51600
vn -0.00000 -0.52809 -0.84919
f 1900/1900/634 1901/1901/634 1902/1902/634
v 0.00250 0.00800 0.04195
vt 0.58390 0.51600
v 0.00250 0.00400 0.04004
vt 0.58008 0.50800
v 0.00250 0.00800 0.03755
vt 0.57510 0.51600
vn 1.00000 0.00000 0.00000
f 1903/1903/635 1904/1904/635 1905/1905/635
v 0.00250 0.00800 0.04195
vt 0.58390 0.51600
v 0.00250 0.00400 0.04384
vt 0.58767 0.50800
v 0.00250 0.00400 0.04004
vt 0.58008 0.50800
vn 1.00000 0.00000 0.00000
f 1906/1906/636 1907/1907/636 1908/1908/636
v -0.00250 0.00800 0.04195
vt 0.58390 0.51600
v 0.00250 0.00800 0.03755
vt 0.57510 0.51600
v -0.00250 0.00800 0.03755
vt 0.57510 0.51600
vn 0.00000 1.00000 -0.00000
f 1909/1909/637 1910/1910/637 1911/1911/637
v -0.00250 0.00800 0.04195
vt 0.58390 0.51600
v 0.00250 0.00800 0.04195
vt 0.58390 0.51600
v 0.00250 0.00800 0.03755
vt 0.57510 0.51600
vn 0.00000 1.00000 -0.00000
f 1912/1912/638 1913/1913/638 1914/1914/638
v -0.00250 0.00400 0.04384
vt 0.58767 0.50800
v -0.00250 0.00400 0.04004
vt 0.58008 0.50800
v 0.00250 0.00400 0.04004
vt 0.58008 0.50800
vn 0.00000 -1.00000 -0.00000
f 1915/1915/639 1916/1916/639 1917/1917/639
v -0.00250 0.00400 0.04384
vt 0.58767 0.50800
v 0.00250 0.00400 0.04004
vt 0.58008 0.50800
v 0.00250 0.00400 0.04384
vt 0.58767 0.50800
vn 0.00000 -1.00000 -0.00000
f 1918/1918/640 1919/1919/640 1920/1920/640
v -0.00250 0.00400 0.04384
vt 0.58767 0.50800
v 0.00250 0.00400 0.04384
vt 0.58767 0.50800
v 0.00250 0.00800 0.04195
vt 0.58390 0.51600
vn -0.00000 0.42675 0.90437
f 1921/1921/641 1922/1922/641 1923/1923/641
v -0.00250 0.00400 0.04384
vt 0.58767 0.50800
v 0.00250 0.00800 0.04195
vt 0.58390 0.51600
v -0.00250 0.00800 0.04195
vt 0.58390 0.51600
vn -0.00000 0.42675 0.90437
f 1924/1924/642 1925/1925/642 1926/1926/642
v -0.00250 0.00400 0.04384
vt 0.58767 0.50800
v -0.00250 0.00800 0.03755
vt 0.57510 0.51600
v -0.00250 0.00400 0.04004
vt 0.58008 0.50800
vn -1.00000 -0.00000 0.00000
f 1927/1927/643 1928/1928/643 1929/1929/643
v -0.00250 0.00400 0.04384
vt 0.58767 0.50800
v -0.00250 0.00800 0.04195
vt 0.58390 0.51600
v -0.00250 0.00800 0.03755
vt 0.57510 0.51600
vn -1.00000 -0.00000 0.00000
f 1930/1930/644 1931/1931/644 1932/1932/644
v -0.00250 0.00000 0.04340
vt 0.58680 0.50000
v 0.00250 0.00400 0.04004
vt 0.58008 0.50800
v 0.00250 0.00000 0.04340
vt 0.58680 0.50000
vn -0.00000 -0.64347 -0.76547
f 1933/1933/645 1934/1934/645 1935/1935/645
v -0.00250 0.00000 0.04340
vt 0.58680 0.50000
v -0.00250 0.00400 0.04004
vt 0.58008 0.50800
v 0.00250 0.00400 0.04004
vt 0.58008 0.50800
vn -0.00000 -0.64347 -0.76547
f 1936/1936/646 1937/1937/646 1938/1938/646
v 0.00250 0.00400 0.04384
vt 0.58767 0.50800
v 0.00250 0.00000 0.04340
vt 0.58680 0.50000
v 0.00250 0.00400 0.04004
vt 0.58008 0.50800
vn 1.00000 0.00000 0.00000
f 1939/1939/647 1940/1940/647 1941/1941/647
v 0.00250 0.00400 0.04384
vt 0.58767 0.50800
v 0.00250 0.00000 0.04660
vt 0.59320 0.50000
v 0.00250 0.00000 0.04340
vt 0.58680 0.50000
vn 1.00000 0.00000 0.00000
f 1942/1942/648 1943/1943/648 1944/1944/648
v -0.00250 0.00400 0.04384
vt 0.58767 0.50800
v 0.00250 0.00400 0.04004
vt 0.58008 0.50800
v -0.00250 0.00400 0.04004
vt 0.58008 0.50800
vn 0.00000 1.00000 -0.00000
f 1945/1945/649 1946/1946/649 1947/1947/649
v -0.00250 0.00400 0.04384
vt 0.58767 0.50800
v 0.00250 0.00400 0.04384
vt 0.58767 0.50800
v 0.00250 0.00400 0.04004
vt 0.58008 0.50800
vn 0.00000 1.00000 -0.00000
f 1948/1948/650 1949/1949/650 1950/1950/650
v -0.00250 0.00000 0.04660
vt 0.59320 0.50000
v -0.00250 0.00000 0.04340
vt 0.58680 0.50000
v 0.00250 0.00000 0.04340
vt 0.58680 0.50000
vn 0.00000 -1.00000 -0.00000
f 1951/1951/651 1952/1952/651 1953/1953/651
v -0.00250 0.00000 0.04660
vt 0.59320 0.50000
v 0.00250 0.00000 0.04340
vt 0.58680 0.50000
v 0.00250 0.00000 0.04660
vt 0.59320 0.50000
vn 0.00000 -1.00000 -0.00000
f 1954/1954/652 1955/1955/652 1956/1956/652
v -0.00250 0.00000 0.04660
vt 0.59320 0.50000
v 0.00250 0.00000 0.04660
vt 0.59320 0.50000
v 0.00250 0.00400 0.04384
vt 0.58767 0.50800
vn -0.00000 0.56827 0.82284
f 1957/1957/653 1958/1958/653 1959/1959/653
v -0.00250 0.00000 0.04660
vt 0.59320 0.50000
v 0.00250 0.00400 0.04384
vt 0.58767 0.50800
v -0.00250 0.00400 0.04384
vt 0.58767 0.50800
vn -0.00000 0.56827 0.82284
f 1960/1960/654 1961/1961/654 1962/1962/654
v -0.00250 0.00000 0.04660
vt 0.59320 0.50000
v -0.00250 0.00400 0.04004
vt 0.58008 0.50800
v -0.00250 0.00000 0.04340
vt 0.58680 0.50000
vn -1.00000 -0.00000 0.00000
f 1963/1963/655 1964/1964/655 1965/1965/655
v -0.00250 0.00000 0.04660
vt 0.59320 0.50000
v -0.00250 0.00400 0.04384
vt 0.58767 0.50800
v -0.00250 0.00400 0.04004
vt 0.58008 0.50800
vn -1.00000 -0.00000 0.00000
f 1966/1966/656 1967/1967/656 1968/1968/656
